==================================================
 DATA FILTERING (Recent Only)
==================================================
ไฟล์ที่ใช้:         h1_ohlc_delta.csv
ช่วงเทรนที่เลือก:   from=2025-01-01 00:00:00 to=2025-12-31 23:00:00
ข้อมูลทั้งหมด:     100,553 rows
ข้อมูลที่ใช้ train: 6,178 rows (ตามช่วงที่เลือก, has_delta)
ช่วงเวลา:          2025-01-02 00:00:00 → 2025-12-31 15:00:00
==================================================

 Embedding source mode: cls
 Embedding overlap: 5419/6178 rows matched ChromaDB dates
 759 rows have no embedding — mode=knn_map
 Saved semantic map: /Users/unknowkubbrother/Coding/SmarfRobotTrader_Project/train/rl/models/semantic_map.joblib
 Fitting embedding projector mode=autoencoder (16) from 1024-dim embeddings...
 Saved projector mode=autoencoder latent_dim=16
 Semantic embeddings loaded as 16 semantic features.
 Semantic feature columns: sem_pca_1, sem_pca_2, sem_pca_3, sem_pca_4, sem_pca_5, sem_pca_6, sem_pca_7, sem_pca_8, sem_pca_9, sem_pca_10, sem_pca_11, sem_pca_12, sem_pca_13, sem_pca_14, sem_pca_15, sem_pca_16

 Data ready for training
==================================================

 Creating features...
 Features (27): return, range, delta_tick, delta_price, body_ratio, momentum, sma_cross, rsi_norm, atr_norm, trend, adx, sem_pca_1, sem_pca_2, sem_pca_3, sem_pca_4, sem_pca_5, sem_pca_6, sem_pca_7, sem_pca_8, sem_pca_9, sem_pca_10, sem_pca_11, sem_pca_12, sem_pca_13, sem_pca_14, sem_pca_15, sem_pca_16
==================================================

Using cpu device

==================================================
 Starting Training (Standard PPO Mode)
==================================================
 TensorBoard: tensorboard --logdir=./tensorboard/
 No forced auto-close (RL handles close/hold) | RandomStart=ON
 Multi-order mode: max_open_orders=1 (action buy/sell = add 1 order)
 Lot config: source=auto(risk_level=medium, risk_pct=1.0%, min=0.0001, step=0.0001) | initial_balance=10000.00 | risk_level=medium (1.0%) | lot=0.2 | lot_risk_pips=50.0
 Projector: mode=autoencoder, latent=16, source=cls, ae_epochs=8, ae_hidden=256
 Recent focus: bias=0.65, lookback=1200, min_episode=250
 Resume: False
 Seed: 31 | Deterministic: True | Device: cpu
 Features: 27 (incl. SMA, RSI, ATR, Trend, ADX)
⏱ Timesteps: 120,000
 Save model: /Users/unknowkubbrother/Coding/SmarfRobotTrader_Project/train/rl/models/ppo_trading
 Save vec:   /Users/unknowkubbrother/Coding/SmarfRobotTrader_Project/train/rl/models/vec_normalize.pkl
==================================================

Logging to /Users/unknowkubbrother/Coding/SmarfRobotTrader_Project/train/rl/train/tensorboard/PPO_69
---------------------------------
| actions/           |          |
|    buy_pct         | 26.8     |
|    close_pct       | 23.7     |
|    hold_pct        | 25.6     |
|    sell_pct        | 23.9     |
| time/              |          |
|    fps             | 1392     |
|    iterations      | 1        |
|    time_elapsed    | 0        |
|    total_timesteps | 1024     |
| trading/           |          |
|    accuracy        | 50       |
|    avg_accuracy    | 50       |
|    avg_equity      | 9.18e+03 |
|    equity          | 9.18e+03 |
|    max_drawdown    | 9.22     |
|    max_equity      | 9.18e+03 |
|    profit_loss     | -821     |
|    return_pct      | -8.21    |
|    total_trades    | 165      |
|    win_rate        | 49.1     |
---------------------------------
------------------------------------------
| actions/                |              |
|    buy_pct              | 26.9         |
|    close_pct            | 23.1         |
|    hold_pct             | 25.7         |
|    sell_pct             | 24.3         |
| time/                   |              |
|    fps                  | 1110         |
|    iterations           | 2            |
|    time_elapsed         | 1            |
|    total_timesteps      | 2048         |
| trading/                |              |
|    accuracy             | 61.8         |
|    avg_accuracy         | 55.9         |
|    avg_equity           | 9.39e+03     |
|    equity               | 9.6e+03      |
|    max_drawdown         | 9.22         |
|    max_equity           | 9.6e+03      |
|    profit_loss          | -401         |
|    return_pct           | -4.01        |
|    total_trades         | 253          |
|    win_rate             | 50.2         |
| train/                  |              |
|    approx_kl            | 0.0004450846 |
|    clip_fraction        | 0            |
|    clip_range           | 0.2          |
|    entropy_loss         | -1.39        |
|    explained_variance   | -0.43        |
|    learning_rate        | 8e-05        |
|    loss                 | 0.0321       |
|    n_updates            | 12           |
|    policy_gradient_loss | -0.00633     |
|    value_loss           | 0.31         |
------------------------------------------
------------------------------------------
| actions/                |              |
|    buy_pct              | 26.1         |
|    close_pct            | 25.1         |
|    hold_pct             | 25.2         |
|    sell_pct             | 23.7         |
| time/                   |              |
|    fps                  | 1101         |
|    iterations           | 3            |
|    time_elapsed         | 2            |
|    total_timesteps      | 3072         |
| trading/                |              |
|    accuracy             | 52.8         |
|    avg_accuracy         | 54.9         |
|    avg_equity           | 9.59e+03     |
|    equity               | 9.98e+03     |
|    max_drawdown         | 9.22         |
|    max_equity           | 9.98e+03     |
|    profit_loss          | -21.8        |
|    return_pct           | -0.218       |
|    total_trades         | 325          |
|    win_rate             | 48.6         |
| train/                  |              |
|    approx_kl            | 0.0035641138 |
|    clip_fraction        | 0.000651     |
|    clip_range           | 0.2          |
|    entropy_loss         | -1.38        |
|    explained_variance   | 0.201        |
|    learning_rate        | 8e-05        |
|    loss                 | 0.00174      |
|    n_updates            | 24           |
|    policy_gradient_loss | -0.0132      |
|    value_loss           | 0.232        |
------------------------------------------
------------------------------------------
| actions/                |              |
|    buy_pct              | 25.9         |
|    close_pct            | 24.9         |
|    hold_pct             | 24.5         |
|    sell_pct             | 24.7         |
| time/                   |              |
|    fps                  | 1075         |
|    iterations           | 4            |
|    time_elapsed         | 3            |
|    total_timesteps      | 4096         |
| trading/                |              |
|    accuracy             | 46.9         |
|    avg_accuracy         | 52.9         |
|    avg_equity           | 9.53e+03     |
|    equity               | 9.36e+03     |
|    max_drawdown         | 9.22         |
|    max_equity           | 9.98e+03     |
|    profit_loss          | -642         |
|    return_pct           | -6.42        |
|    total_trades         | 422          |
|    win_rate             | 48.6         |
| train/                  |              |
|    approx_kl            | 0.0046766396 |
|    clip_fraction        | 0.00505      |
|    clip_range           | 0.2          |
|    entropy_loss         | -1.38        |
|    explained_variance   | -0.451       |
|    learning_rate        | 8e-05        |
|    loss                 | -0.0236      |
|    n_updates            | 36           |
|    policy_gradient_loss | -0.021       |
|    value_loss           | 0.143        |
------------------------------------------
-----------------------------------------
| actions/                |             |
|    buy_pct              | 25.8        |
|    close_pct            | 24.1        |
|    hold_pct             | 24.2        |
|    sell_pct             | 25.8        |
| time/                   |             |
|    fps                  | 1074        |
|    iterations           | 5           |
|    time_elapsed         | 4           |
|    total_timesteps      | 5120        |
| trading/                |             |
|    accuracy             | 49.6        |
|    avg_accuracy         | 52.2        |
|    avg_equity           | 9.19e+03    |
|    equity               | 7.84e+03    |
|    max_drawdown         | 22          |
|    max_equity           | 9.98e+03    |
|    profit_loss          | -2.16e+03   |
|    return_pct           | -21.6       |
|    total_trades         | 678         |
|    win_rate             | 47.6        |
| train/                  |             |
|    approx_kl            | 0.005916387 |
|    clip_fraction        | 0.0162      |
|    clip_range           | 0.2         |
|    entropy_loss         | -1.37       |
|    explained_variance   | 0.0851      |
|    learning_rate        | 8e-05       |
|    loss                 | -0.00316    |
|    n_updates            | 48          |
|    policy_gradient_loss | -0.0225     |
|    value_loss           | 0.237       |
-----------------------------------------
------------------------------------------
| actions/                |              |
|    buy_pct              | 26.3         |
|    close_pct            | 23.8         |
|    hold_pct             | 23.8         |
|    sell_pct             | 26.2         |
| time/                   |              |
|    fps                  | 1090         |
|    iterations           | 6            |
|    time_elapsed         | 5            |
|    total_timesteps      | 6144         |
| trading/                |              |
|    accuracy             | 38.9         |
|    avg_accuracy         | 50           |
|    avg_equity           | 9.35e+03     |
|    equity               | 1.01e+04     |
|    max_drawdown         | 22           |
|    max_equity           | 1.01e+04     |
|    profit_loss          | 133          |
|    return_pct           | 1.33         |
|    total_trades         | 696          |
|    win_rate             | 47.7         |
| train/                  |              |
|    approx_kl            | 0.0054232134 |
|    clip_fraction        | 0.0172       |
|    clip_range           | 0.2          |
|    entropy_loss         | -1.36        |
|    explained_variance   | -0.0178      |
|    learning_rate        | 8e-05        |
|    loss                 | 0.0862       |
|    n_updates            | 60           |
|    policy_gradient_loss | -0.0235      |
|    value_loss           | 0.592        |
------------------------------------------
-----------------------------------------
| actions/                |             |
|    buy_pct              | 26.1        |
|    close_pct            | 23.9        |
|    hold_pct             | 23.7        |
|    sell_pct             | 26.3        |
| time/                   |             |
|    fps                  | 1097        |
|    iterations           | 7           |
|    time_elapsed         | 6           |
|    total_timesteps      | 7168        |
| trading/                |             |
|    accuracy             | 44.9        |
|    avg_accuracy         | 49.3        |
|    avg_equity           | 9.26e+03    |
|    equity               | 8.77e+03    |
|    max_drawdown         | 22          |
|    max_equity           | 1.01e+04    |
|    profit_loss          | -1.23e+03   |
|    return_pct           | -12.3       |
|    total_trades         | 880         |
|    win_rate             | 47.3        |
| train/                  |             |
|    approx_kl            | 0.007840792 |
|    clip_fraction        | 0.0312      |
|    clip_range           | 0.2         |
|    entropy_loss         | -1.36       |
|    explained_variance   | -0.357      |
|    learning_rate        | 8e-05       |
|    loss                 | -0.0479     |
|    n_updates            | 72          |
|    policy_gradient_loss | -0.0351     |
|    value_loss           | 0.167       |
-----------------------------------------
----------------------------------------
| actions/                |            |
|    buy_pct              | 26.5       |
|    close_pct            | 23.3       |
|    hold_pct             | 23.4       |
|    sell_pct             | 26.8       |
| time/                   |            |
|    fps                  | 1107       |
|    iterations           | 8          |
|    time_elapsed         | 7          |
|    total_timesteps      | 8192       |
| trading/                |            |
|    accuracy             | 45.2       |
|    avg_accuracy         | 48.8       |
|    avg_equity           | 9.27e+03   |
|    equity               | 9.28e+03   |
|    max_drawdown         | 22         |
|    max_equity           | 1.01e+04   |
|    profit_loss          | -723       |
|    return_pct           | -7.23      |
|    total_trades         | 1209       |
|    win_rate             | 47.6       |
| train/                  |            |
|    approx_kl            | 0.00800647 |
|    clip_fraction        | 0.0287     |
|    clip_range           | 0.2        |
|    entropy_loss         | -1.35      |
|    explained_variance   | -0.178     |
|    learning_rate        | 8e-05      |
|    loss                 | 0.00658    |
|    n_updates            | 84         |
|    policy_gradient_loss | -0.033     |
|    value_loss           | 0.345      |
----------------------------------------
-----------------------------------------
| actions/                |             |
|    buy_pct              | 26.6        |
|    close_pct            | 22.5        |
|    hold_pct             | 23.1        |
|    sell_pct             | 27.7        |
| time/                   |             |
|    fps                  | 1074        |
|    iterations           | 9           |
|    time_elapsed         | 8           |
|    total_timesteps      | 9216        |
| trading/                |             |
|    accuracy             | 45.4        |
|    avg_accuracy         | 48.4        |
|    avg_equity           | 9.1e+03     |
|    equity               | 7.79e+03    |
|    max_drawdown         | 24.2        |
|    max_equity           | 1.01e+04    |
|    profit_loss          | -2.21e+03   |
|    return_pct           | -22.1       |
|    total_trades         | 1675        |
|    win_rate             | 47.2        |
| train/                  |             |
|    approx_kl            | 0.011791885 |
|    clip_fraction        | 0.0728      |
|    clip_range           | 0.2         |
|    entropy_loss         | -1.34       |
|    explained_variance   | -0.0705     |
|    learning_rate        | 8e-05       |
|    loss                 | -0.07       |
|    n_updates            | 96          |
|    policy_gradient_loss | -0.0484     |
|    value_loss           | 0.174       |
-----------------------------------------
-----------------------------------------
| actions/                |             |
|    buy_pct              | 26.7        |
|    close_pct            | 22.2        |
|    hold_pct             | 22.9        |
|    sell_pct             | 28.2        |
| time/                   |             |
|    fps                  | 1080        |
|    iterations           | 10          |
|    time_elapsed         | 9           |
|    total_timesteps      | 10240       |
| trading/                |             |
|    accuracy             | 47.3        |
|    avg_accuracy         | 48.3        |
|    avg_equity           | 8.92e+03    |
|    equity               | 7.31e+03    |
|    max_drawdown         | 28.8        |
|    max_equity           | 1.01e+04    |
|    profit_loss          | -2.69e+03   |
|    return_pct           | -26.9       |
|    total_trades         | 2283        |
|    win_rate             | 46.7        |
| train/                  |             |
|    approx_kl            | 0.011861894 |
|    clip_fraction        | 0.0793      |
|    clip_range           | 0.2         |
|    entropy_loss         | -1.32       |
|    explained_variance   | -0.45       |
|    learning_rate        | 8e-05       |
|    loss                 | -0.0573     |
|    n_updates            | 108         |
|    policy_gradient_loss | -0.0472     |
|    value_loss           | 0.205       |
-----------------------------------------
-----------------------------------------
| actions/                |             |
|    buy_pct              | 26.4        |
|    close_pct            | 22.7        |
|    hold_pct             | 23.5        |
|    sell_pct             | 27.4        |
| time/                   |             |
|    fps                  | 1032        |
|    iterations           | 11          |
|    time_elapsed         | 10          |
|    total_timesteps      | 11264       |
| trading/                |             |
|    accuracy             | 36.4        |
|    avg_accuracy         | 47.2        |
|    avg_equity           | 9e+03       |
|    equity               | 9.76e+03    |
|    max_drawdown         | 28.8        |
|    max_equity           | 1.01e+04    |
|    profit_loss          | -236        |
|    return_pct           | -2.36       |
|    total_trades         | 2304        |
|    win_rate             | 46.7        |
| train/                  |             |
|    approx_kl            | 0.015069416 |
|    clip_fraction        | 0.124       |
|    clip_range           | 0.2         |
|    entropy_loss         | -1.31       |
|    explained_variance   | -0.427      |
|    learning_rate        | 8e-05       |
|    loss                 | -0.0979     |
|    n_updates            | 120         |
|    policy_gradient_loss | -0.0584     |
|    value_loss           | 0.104       |
-----------------------------------------
-----------------------------------------
| actions/                |             |
|    buy_pct              | 26.4        |
|    close_pct            | 23.2        |
|    hold_pct             | 23.8        |
|    sell_pct             | 26.6        |
| time/                   |             |
|    fps                  | 1036        |
|    iterations           | 12          |
|    time_elapsed         | 11          |
|    total_timesteps      | 12288       |
| trading/                |             |
|    accuracy             | 37.5        |
|    avg_accuracy         | 46.4        |
|    avg_equity           | 9.09e+03    |
|    equity               | 1.01e+04    |
|    max_drawdown         | 28.8        |
|    max_equity           | 1.01e+04    |
|    profit_loss          | 83.2        |
|    return_pct           | 0.832       |
|    total_trades         | 2319        |
|    win_rate             | 46.7        |
| train/                  |             |
|    approx_kl            | 0.018841011 |
|    clip_fraction        | 0.152       |
|    clip_range           | 0.2         |
|    entropy_loss         | -1.29       |
|    explained_variance   | 0.363       |
|    learning_rate        | 8e-05       |
|    loss                 | -0.0928     |
|    n_updates            | 132         |
|    policy_gradient_loss | -0.0624     |
|    value_loss           | 0.0725      |
-----------------------------------------
-----------------------------------------
| actions/                |             |
|    buy_pct              | 26.3        |
|    close_pct            | 22.9        |
|    hold_pct             | 23.7        |
|    sell_pct             | 27.1        |
| time/                   |             |
|    fps                  | 1043        |
|    iterations           | 13          |
|    time_elapsed         | 12          |
|    total_timesteps      | 13312       |
| trading/                |             |
|    accuracy             | 52.1        |
|    avg_accuracy         | 46.8        |
|    avg_equity           | 9.09e+03    |
|    equity               | 9.11e+03    |
|    max_drawdown         | 28.8        |
|    max_equity           | 1.01e+04    |
|    profit_loss          | -889        |
|    return_pct           | -8.89       |
|    total_trades         | 2487        |
|    win_rate             | 46.7        |
| train/                  |             |
|    approx_kl            | 0.015973877 |
|    clip_fraction        | 0.138       |
|    clip_range           | 0.2         |
|    entropy_loss         | -1.28       |
|    explained_variance   | -0.171      |
|    learning_rate        | 8e-05       |
|    loss                 | -0.0966     |
|    n_updates            | 144         |
|    policy_gradient_loss | -0.0591     |
|    value_loss           | 0.0653      |
-----------------------------------------
-----------------------------------------
| actions/                |             |
|    buy_pct              | 26.5        |
|    close_pct            | 22.7        |
|    hold_pct             | 23.5        |
|    sell_pct             | 27.3        |
| time/                   |             |
|    fps                  | 1051        |
|    iterations           | 14          |
|    time_elapsed         | 13          |
|    total_timesteps      | 14336       |
| trading/                |             |
|    accuracy             | 52.3        |
|    avg_accuracy         | 47.2        |
|    avg_equity           | 9.01e+03    |
|    equity               | 7.94e+03    |
|    max_drawdown         | 28.8        |
|    max_equity           | 1.01e+04    |
|    profit_loss          | -2.06e+03   |
|    return_pct           | -20.6       |
|    total_trades         | 2808        |
|    win_rate             | 47.1        |
| train/                  |             |
|    approx_kl            | 0.016028514 |
|    clip_fraction        | 0.133       |
|    clip_range           | 0.2         |
|    entropy_loss         | -1.25       |
|    explained_variance   | -0.207      |
|    learning_rate        | 8e-05       |
|    loss                 | -0.0744     |
|    n_updates            | 156         |
|    policy_gradient_loss | -0.0598     |
|    value_loss           | 0.176       |
-----------------------------------------
-----------------------------------------
| actions/                |             |
|    buy_pct              | 26.5        |
|    close_pct            | 22.6        |
|    hold_pct             | 23.6        |
|    sell_pct             | 27.3        |
| time/                   |             |
|    fps                  | 1055        |
|    iterations           | 15          |
|    time_elapsed         | 14          |
|    total_timesteps      | 15360       |
| trading/                |             |
|    accuracy             | 52.7        |
|    avg_accuracy         | 47.6        |
|    avg_equity           | 8.93e+03    |
|    equity               | 7.76e+03    |
|    max_drawdown         | 28.8        |
|    max_equity           | 1.01e+04    |
|    profit_loss          | -2.24e+03   |
|    return_pct           | -22.4       |
|    total_trades         | 3281        |
|    win_rate             | 47.8        |
| train/                  |             |
|    approx_kl            | 0.017040621 |
|    clip_fraction        | 0.137       |
|    clip_range           | 0.2         |
|    entropy_loss         | -1.24       |
|    explained_variance   | 0.0475      |
|    learning_rate        | 8e-05       |
|    loss                 | -0.0694     |
|    n_updates            | 168         |
|    policy_gradient_loss | -0.0614     |
|    value_loss           | 0.19        |
-----------------------------------------
-----------------------------------------
| actions/                |             |
|    buy_pct              | 26.5        |
|    close_pct            | 23          |
|    hold_pct             | 23.7        |
|    sell_pct             | 26.8        |
| time/                   |             |
|    fps                  | 1055        |
|    iterations           | 16          |
|    time_elapsed         | 15          |
|    total_timesteps      | 16384       |
| trading/                |             |
|    accuracy             | 55.3        |
|    avg_accuracy         | 48.1        |
|    avg_equity           | 8.99e+03    |
|    equity               | 9.98e+03    |
|    max_drawdown         | 28.8        |
|    max_equity           | 1.01e+04    |
|    profit_loss          | -20.2       |
|    return_pct           | -0.202      |
|    total_trades         | 3375        |
|    win_rate             | 47.9        |
| train/                  |             |
|    approx_kl            | 0.019679824 |
|    clip_fraction        | 0.167       |
|    clip_range           | 0.2         |
|    entropy_loss         | -1.23       |
|    explained_variance   | 0.497       |
|    learning_rate        | 8e-05       |
|    loss                 | -0.106      |
|    n_updates            | 180         |
|    policy_gradient_loss | -0.0673     |
|    value_loss           | 0.0812      |
-----------------------------------------
-----------------------------------------
| actions/                |             |
|    buy_pct              | 26.5        |
|    close_pct            | 23.2        |
|    hold_pct             | 24.1        |
|    sell_pct             | 26.2        |
| time/                   |             |
|    fps                  | 1057        |
|    iterations           | 17          |
|    time_elapsed         | 16          |
|    total_timesteps      | 17408       |
| trading/                |             |
|    accuracy             | 61.3        |
|    avg_accuracy         | 48.8        |
|    avg_equity           | 9.01e+03    |
|    equity               | 9.39e+03    |
|    max_drawdown         | 28.8        |
|    max_equity           | 1.01e+04    |
|    profit_loss          | -605        |
|    return_pct           | -6.05       |
|    total_trades         | 3517        |
|    win_rate             | 48          |
| train/                  |             |
|    approx_kl            | 0.021566622 |
|    clip_fraction        | 0.168       |
|    clip_range           | 0.2         |
|    entropy_loss         | -1.24       |
|    explained_variance   | 0.254       |
|    learning_rate        | 8e-05       |
|    loss                 | -0.109      |
|    n_updates            | 192         |
|    policy_gradient_loss | -0.0661     |
|    value_loss           | 0.0522      |
-----------------------------------------
-----------------------------------------
| actions/                |             |
|    buy_pct              | 26.4        |
|    close_pct            | 23.3        |
|    hold_pct             | 24.3        |
|    sell_pct             | 26          |
| time/                   |             |
|    fps                  | 1063        |
|    iterations           | 18          |
|    time_elapsed         | 17          |
|    total_timesteps      | 18432       |
| trading/                |             |
|    accuracy             | 38.5        |
|    avg_accuracy         | 48.3        |
|    avg_equity           | 9.06e+03    |
|    equity               | 9.86e+03    |
|    max_drawdown         | 28.8        |
|    max_equity           | 1.01e+04    |
|    profit_loss          | -141        |
|    return_pct           | -1.41       |
|    total_trades         | 3530        |
|    win_rate             | 47.9        |
| train/                  |             |
|    approx_kl            | 0.021521352 |
|    clip_fraction        | 0.178       |
|    clip_range           | 0.2         |
|    entropy_loss         | -1.21       |
|    explained_variance   | 0.173       |
|    learning_rate        | 8e-05       |
|    loss                 | -0.103      |
|    n_updates            | 204         |
|    policy_gradient_loss | -0.0658     |
|    value_loss           | 0.0556      |
-----------------------------------------
-----------------------------------------
| actions/                |             |
|    buy_pct              | 26.5        |
|    close_pct            | 23.4        |
|    hold_pct             | 24.3        |
|    sell_pct             | 25.8        |
| time/                   |             |
|    fps                  | 1068        |
|    iterations           | 19          |
|    time_elapsed         | 18          |
|    total_timesteps      | 19456       |
| trading/                |             |
|    accuracy             | 48.4        |
|    avg_accuracy         | 48.3        |
|    avg_equity           | 9.08e+03    |
|    equity               | 9.37e+03    |
|    max_drawdown         | 28.8        |
|    max_equity           | 1.01e+04    |
|    profit_loss          | -634        |
|    return_pct           | -6.34       |
|    total_trades         | 3653        |
|    win_rate             | 48          |
| train/                  |             |
|    approx_kl            | 0.023825632 |
|    clip_fraction        | 0.194       |
|    clip_range           | 0.2         |
|    entropy_loss         | -1.18       |
|    explained_variance   | 0.471       |
|    learning_rate        | 8e-05       |
|    loss                 | -0.111      |
|    n_updates            | 216         |
|    policy_gradient_loss | -0.0684     |
|    value_loss           | 0.0447      |
-----------------------------------------
-----------------------------------------
| actions/                |             |
|    buy_pct              | 26.6        |
|    close_pct            | 23.2        |
|    hold_pct             | 24.1        |
|    sell_pct             | 26.1        |
| time/                   |             |
|    fps                  | 1074        |
|    iterations           | 20          |
|    time_elapsed         | 19          |
|    total_timesteps      | 20480       |
| trading/                |             |
|    accuracy             | 43.6        |
|    avg_accuracy         | 48          |
|    avg_equity           | 9.12e+03    |
|    equity               | 1e+04       |
|    max_drawdown         | 28.8        |
|    max_equity           | 1.01e+04    |
|    profit_loss          | 18.2        |
|    return_pct           | 0.182       |
|    total_trades         | 3746        |
|    win_rate             | 48          |
| train/                  |             |
|    approx_kl            | 0.024630819 |
|    clip_fraction        | 0.192       |
|    clip_range           | 0.2         |
|    entropy_loss         | -1.15       |
|    explained_variance   | 0.544       |
|    learning_rate        | 8e-05       |
|    loss                 | -0.102      |
|    n_updates            | 228         |
|    policy_gradient_loss | -0.0679     |
|    value_loss           | 0.0618      |
-----------------------------------------
-----------------------------------------
| actions/                |             |
|    buy_pct              | 26.8        |
|    close_pct            | 23          |
|    hold_pct             | 23.8        |
|    sell_pct             | 26.4        |
| time/                   |             |
|    fps                  | 1077        |
|    iterations           | 21          |
|    time_elapsed         | 19          |
|    total_timesteps      | 21504       |
| trading/                |             |
|    accuracy             | 47.3        |
|    avg_accuracy         | 48          |
|    avg_equity           | 9.16e+03    |
|    equity               | 9.81e+03    |
|    max_drawdown         | 28.8        |
|    max_equity           | 1.01e+04    |
|    profit_loss          | -190        |
|    return_pct           | -1.9        |
|    total_trades         | 3971        |
|    win_rate             | 48.2        |
| train/                  |             |
|    approx_kl            | 0.022735305 |
|    clip_fraction        | 0.199       |
|    clip_range           | 0.2         |
|    entropy_loss         | -1.12       |
|    explained_variance   | 0.292       |
|    learning_rate        | 8e-05       |
|    loss                 | -0.0973     |
|    n_updates            | 240         |
|    policy_gradient_loss | -0.069      |
|    value_loss           | 0.113       |
-----------------------------------------
----------------------------------------
| actions/                |            |
|    buy_pct              | 26.8       |
|    close_pct            | 23         |
|    hold_pct             | 23.6       |
|    sell_pct             | 26.6       |
| time/                   |            |
|    fps                  | 1080       |
|    iterations           | 22         |
|    time_elapsed         | 20         |
|    total_timesteps      | 22528      |
| trading/                |            |
|    accuracy             | 50.3       |
|    avg_accuracy         | 48.1       |
|    avg_equity           | 9.17e+03   |
|    equity               | 9.49e+03   |
|    max_drawdown         | 28.8       |
|    max_equity           | 1.01e+04   |
|    profit_loss          | -511       |
|    return_pct           | -5.11      |
|    total_trades         | 4347       |
|    win_rate             | 48.3       |
| train/                  |            |
|    approx_kl            | 0.01866464 |
|    clip_fraction        | 0.161      |
|    clip_range           | 0.2        |
|    entropy_loss         | -1.11      |
|    explained_variance   | -0.124     |
|    learning_rate        | 8e-05      |
|    loss                 | -0.0633    |
|    n_updates            | 252        |
|    policy_gradient_loss | -0.0594    |
|    value_loss           | 0.218      |
----------------------------------------
-----------------------------------------
| actions/                |             |
|    buy_pct              | 26.9        |
|    close_pct            | 22.9        |
|    hold_pct             | 23.8        |
|    sell_pct             | 26.4        |
| time/                   |             |
|    fps                  | 1082        |
|    iterations           | 23          |
|    time_elapsed         | 21          |
|    total_timesteps      | 23552       |
| trading/                |             |
|    accuracy             | 100         |
|    avg_accuracy         | 50.4        |
|    avg_equity           | 9.21e+03    |
|    equity               | 1.01e+04    |
|    max_drawdown         | 28.8        |
|    max_equity           | 1.01e+04    |
|    profit_loss          | 76.6        |
|    return_pct           | 0.766       |
|    total_trades         | 4348        |
|    win_rate             | 48.3        |
| train/                  |             |
|    approx_kl            | 0.021826377 |
|    clip_fraction        | 0.181       |
|    clip_range           | 0.2         |
|    entropy_loss         | -1.09       |
|    explained_variance   | 0.196       |
|    learning_rate        | 8e-05       |
|    loss                 | -0.102      |
|    n_updates            | 264         |
|    policy_gradient_loss | -0.0661     |
|    value_loss           | 0.0914      |
-----------------------------------------
-----------------------------------------
| actions/                |             |
|    buy_pct              | 27          |
|    close_pct            | 22.8        |
|    hold_pct             | 23.8        |
|    sell_pct             | 26.4        |
| time/                   |             |
|    fps                  | 1085        |
|    iterations           | 24          |
|    time_elapsed         | 22          |
|    total_timesteps      | 24576       |
| trading/                |             |
|    accuracy             | 63          |
|    avg_accuracy         | 50.9        |
|    avg_equity           | 9.24e+03    |
|    equity               | 9.98e+03    |
|    max_drawdown         | 28.8        |
|    max_equity           | 1.01e+04    |
|    profit_loss          | -18.6       |
|    return_pct           | -0.186      |
|    total_trades         | 4401        |
|    win_rate             | 48.5        |
| train/                  |             |
|    approx_kl            | 0.024850268 |
|    clip_fraction        | 0.194       |
|    clip_range           | 0.2         |
|    entropy_loss         | -1.09       |
|    explained_variance   | 0.534       |
|    learning_rate        | 8e-05       |
|    loss                 | -0.0915     |
|    n_updates            | 276         |
|    policy_gradient_loss | -0.0651     |
|    value_loss           | 0.0582      |
-----------------------------------------
-----------------------------------------
| actions/                |             |
|    buy_pct              | 27.1        |
|    close_pct            | 22.8        |
|    hold_pct             | 24          |
|    sell_pct             | 26.2        |
| time/                   |             |
|    fps                  | 1088        |
|    iterations           | 25          |
|    time_elapsed         | 23          |
|    total_timesteps      | 25600       |
| trading/                |             |
|    accuracy             | 60          |
|    avg_accuracy         | 51.3        |
|    avg_equity           | 9.28e+03    |
|    equity               | 1e+04       |
|    max_drawdown         | 28.8        |
|    max_equity           | 1.01e+04    |
|    profit_loss          | 28          |
|    return_pct           | 0.28        |
|    total_trades         | 4445        |
|    win_rate             | 48.5        |
| train/                  |             |
|    approx_kl            | 0.026120465 |
|    clip_fraction        | 0.204       |
|    clip_range           | 0.2         |
|    entropy_loss         | -1.08       |
|    explained_variance   | 0.407       |
|    learning_rate        | 8e-05       |
|    loss                 | -0.103      |
|    n_updates            | 288         |
|    policy_gradient_loss | -0.0664     |
|    value_loss           | 0.0698      |
-----------------------------------------
-----------------------------------------
| actions/                |             |
|    buy_pct              | 27          |
|    close_pct            | 22.8        |
|    hold_pct             | 24          |
|    sell_pct             | 26.3        |
| time/                   |             |
|    fps                  | 1090        |
|    iterations           | 26          |
|    time_elapsed         | 24          |
|    total_timesteps      | 26624       |
| trading/                |             |
|    accuracy             | 46.7        |
|    avg_accuracy         | 51.1        |
|    avg_equity           | 9.27e+03    |
|    equity               | 9.07e+03    |
|    max_drawdown         | 28.8        |
|    max_equity           | 1.01e+04    |
|    profit_loss          | -928        |
|    return_pct           | -9.28       |
|    total_trades         | 4519        |
|    win_rate             | 48.4        |
| train/                  |             |
|    approx_kl            | 0.026821088 |
|    clip_fraction        | 0.214       |
|    clip_range           | 0.2         |
|    entropy_loss         | -1.04       |
|    explained_variance   | 0.697       |
|    learning_rate        | 8e-05       |
|    loss                 | -0.109      |
|    n_updates            | 300         |
|    policy_gradient_loss | -0.0669     |
|    value_loss           | 0.0525      |
-----------------------------------------
-----------------------------------------
| actions/                |             |
|    buy_pct              | 26.8        |
|    close_pct            | 23          |
|    hold_pct             | 23.6        |
|    sell_pct             | 26.5        |
| time/                   |             |
|    fps                  | 1094        |
|    iterations           | 27          |
|    time_elapsed         | 25          |
|    total_timesteps      | 27648       |
| trading/                |             |
|    accuracy             | 51.2        |
|    avg_accuracy         | 51.1        |
|    avg_equity           | 9.25e+03    |
|    equity               | 8.89e+03    |
|    max_drawdown         | 28.8        |
|    max_equity           | 1.01e+04    |
|    profit_loss          | -1.11e+03   |
|    return_pct           | -11.1       |
|    total_trades         | 4770        |
|    win_rate             | 48.4        |
| train/                  |             |
|    approx_kl            | 0.022225663 |
|    clip_fraction        | 0.178       |
|    clip_range           | 0.2         |
|    entropy_loss         | -1.05       |
|    explained_variance   | 0.121       |
|    learning_rate        | 8e-05       |
|    loss                 | -0.0895     |
|    n_updates            | 312         |
|    policy_gradient_loss | -0.064      |
|    value_loss           | 0.13        |
-----------------------------------------
----------------------------------------
| actions/                |            |
|    buy_pct              | 26.9       |
|    close_pct            | 22.9       |
|    hold_pct             | 23.5       |
|    sell_pct             | 26.7       |
| time/                   |            |
|    fps                  | 1098       |
|    iterations           | 28         |
|    time_elapsed         | 26         |
|    total_timesteps      | 28672      |
| trading/                |            |
|    accuracy             | 51.6       |
|    avg_accuracy         | 51.1       |
|    avg_equity           | 9.23e+03   |
|    equity               | 8.53e+03   |
|    max_drawdown         | 28.8       |
|    max_equity           | 1.01e+04   |
|    profit_loss          | -1.47e+03  |
|    return_pct           | -14.7      |
|    total_trades         | 5168       |
|    win_rate             | 48.5       |
| train/                  |            |
|    approx_kl            | 0.02283829 |
|    clip_fraction        | 0.191      |
|    clip_range           | 0.2        |
|    entropy_loss         | -1.06      |
|    explained_variance   | 0.346      |
|    learning_rate        | 8e-05      |
|    loss                 | -0.0621    |
|    n_updates            | 324        |
|    policy_gradient_loss | -0.0655    |
|    value_loss           | 0.305      |
----------------------------------------
-----------------------------------------
| actions/                |             |
|    buy_pct              | 27          |
|    close_pct            | 22.8        |
|    hold_pct             | 23.3        |
|    sell_pct             | 26.9        |
| time/                   |             |
|    fps                  | 1099        |
|    iterations           | 29          |
|    time_elapsed         | 26          |
|    total_timesteps      | 29696       |
| trading/                |             |
|    accuracy             | 50.8        |
|    avg_accuracy         | 51.1        |
|    avg_equity           | 9.19e+03    |
|    equity               | 8.09e+03    |
|    max_drawdown         | 28.8        |
|    max_equity           | 1.01e+04    |
|    profit_loss          | -1.91e+03   |
|    return_pct           | -19.1       |
|    total_trades         | 5699        |
|    win_rate             | 48.7        |
| train/                  |             |
|    approx_kl            | 0.026562251 |
|    clip_fraction        | 0.207       |
|    clip_range           | 0.2         |
|    entropy_loss         | -1.03       |
|    explained_variance   | 0.157       |
|    learning_rate        | 8e-05       |
|    loss                 | -0.0821     |
|    n_updates            | 336         |
|    policy_gradient_loss | -0.0682     |
|    value_loss           | 0.177       |
-----------------------------------------
-----------------------------------------
| actions/                |             |
|    buy_pct              | 27.2        |
|    close_pct            | 22.6        |
|    hold_pct             | 23.3        |
|    sell_pct             | 27          |
| time/                   |             |
|    fps                  | 1100        |
|    iterations           | 30          |
|    time_elapsed         | 27          |
|    total_timesteps      | 30720       |
| trading/                |             |
|    accuracy             | 51.8        |
|    avg_accuracy         | 51.1        |
|    avg_equity           | 9.17e+03    |
|    equity               | 8.51e+03    |
|    max_drawdown         | 28.8        |
|    max_equity           | 1.01e+04    |
|    profit_loss          | -1.49e+03   |
|    return_pct           | -14.9       |
|    total_trades         | 6352        |
|    win_rate             | 49.1        |
| train/                  |             |
|    approx_kl            | 0.027781516 |
|    clip_fraction        | 0.213       |
|    clip_range           | 0.2         |
|    entropy_loss         | -1          |
|    explained_variance   | 0.42        |
|    learning_rate        | 8e-05       |
|    loss                 | -0.0892     |
|    n_updates            | 348         |
|    policy_gradient_loss | -0.0692     |
|    value_loss           | 0.166       |
-----------------------------------------
-----------------------------------------
| actions/                |             |
|    buy_pct              | 27.2        |
|    close_pct            | 22.5        |
|    hold_pct             | 23.4        |
|    sell_pct             | 26.9        |
| time/                   |             |
|    fps                  | 1103        |
|    iterations           | 31          |
|    time_elapsed         | 28          |
|    total_timesteps      | 31744       |
| trading/                |             |
|    accuracy             | 49          |
|    avg_accuracy         | 51          |
|    avg_equity           | 9.19e+03    |
|    equity               | 9.88e+03    |
|    max_drawdown         | 28.8        |
|    max_equity           | 1.01e+04    |
|    profit_loss          | -125        |
|    return_pct           | -1.25       |
|    total_trades         | 6400        |
|    win_rate             | 49          |
| train/                  |             |
|    approx_kl            | 0.024591856 |
|    clip_fraction        | 0.197       |
|    clip_range           | 0.2         |
|    entropy_loss         | -0.999      |
|    explained_variance   | 0.134       |
|    learning_rate        | 8e-05       |
|    loss                 | -0.106      |
|    n_updates            | 360         |
|    policy_gradient_loss | -0.0666     |
|    value_loss           | 0.108       |
-----------------------------------------
----------------------------------------
| actions/                |            |
|    buy_pct              | 27.2       |
|    close_pct            | 22.4       |
|    hold_pct             | 23.5       |
|    sell_pct             | 26.8       |
| time/                   |            |
|    fps                  | 1102       |
|    iterations           | 32         |
|    time_elapsed         | 29         |
|    total_timesteps      | 32768      |
| trading/                |            |
|    accuracy             | 56.9       |
|    avg_accuracy         | 51.2       |
|    avg_equity           | 9.2e+03    |
|    equity               | 9.47e+03   |
|    max_drawdown         | 28.8       |
|    max_equity           | 1.01e+04   |
|    profit_loss          | -530       |
|    return_pct           | -5.3       |
|    total_trades         | 6501       |
|    win_rate             | 48.9       |
| train/                  |            |
|    approx_kl            | 0.02998786 |
|    clip_fraction        | 0.218      |
|    clip_range           | 0.2        |
|    entropy_loss         | -0.965     |
|    explained_variance   | 0.635      |
|    learning_rate        | 8e-05      |
|    loss                 | -0.0777    |
|    n_updates            | 372        |
|    policy_gradient_loss | -0.0627    |
|    value_loss           | 0.0854     |
----------------------------------------
-----------------------------------------
| actions/                |             |
|    buy_pct              | 27.3        |
|    close_pct            | 22.3        |
|    hold_pct             | 23.7        |
|    sell_pct             | 26.7        |
| time/                   |             |
|    fps                  | 1102        |
|    iterations           | 33          |
|    time_elapsed         | 30          |
|    total_timesteps      | 33792       |
| trading/                |             |
|    accuracy             | 71.4        |
|    avg_accuracy         | 51.8        |
|    avg_equity           | 9.22e+03    |
|    equity               | 9.9e+03     |
|    max_drawdown         | 28.8        |
|    max_equity           | 1.01e+04    |
|    profit_loss          | -105        |
|    return_pct           | -1.05       |
|    total_trades         | 6507        |
|    win_rate             | 48.9        |
| train/                  |             |
|    approx_kl            | 0.030258898 |
|    clip_fraction        | 0.23        |
|    clip_range           | 0.2         |
|    entropy_loss         | -0.933      |
|    explained_variance   | 0.546       |
|    learning_rate        | 8e-05       |
|    loss                 | -0.105      |
|    n_updates            | 384         |
|    policy_gradient_loss | -0.0665     |
|    value_loss           | 0.0705      |
-----------------------------------------
----------------------------------------
| actions/                |            |
|    buy_pct              | 27.3       |
|    close_pct            | 22.2       |
|    hold_pct             | 23.7       |
|    sell_pct             | 26.8       |
| time/                   |            |
|    fps                  | 1098       |
|    iterations           | 34         |
|    time_elapsed         | 31         |
|    total_timesteps      | 34816      |
| trading/                |            |
|    accuracy             | 50.6       |
|    avg_accuracy         | 51.8       |
|    avg_equity           | 9.25e+03   |
|    equity               | 1.04e+04   |
|    max_drawdown         | 28.8       |
|    max_equity           | 1.04e+04   |
|    profit_loss          | 395        |
|    return_pct           | 3.95       |
|    total_trades         | 6587       |
|    win_rate             | 49         |
| train/                  |            |
|    approx_kl            | 0.03120863 |
|    clip_fraction        | 0.238      |
|    clip_range           | 0.2        |
|    entropy_loss         | -0.898     |
|    explained_variance   | 0.679      |
|    learning_rate        | 8e-05      |
|    loss                 | -0.0837    |
|    n_updates            | 396        |
|    policy_gradient_loss | -0.0601    |
|    value_loss           | 0.0501     |
----------------------------------------
-----------------------------------------
| actions/                |             |
|    buy_pct              | 27.5        |
|    close_pct            | 22.1        |
|    hold_pct             | 23.6        |
|    sell_pct             | 26.8        |
| time/                   |             |
|    fps                  | 1099        |
|    iterations           | 35          |
|    time_elapsed         | 32          |
|    total_timesteps      | 35840       |
| trading/                |             |
|    accuracy             | 47.6        |
|    avg_accuracy         | 51.7        |
|    avg_equity           | 9.28e+03    |
|    equity               | 1.01e+04    |
|    max_drawdown         | 28.8        |
|    max_equity           | 1.04e+04    |
|    profit_loss          | 106         |
|    return_pct           | 1.06        |
|    total_trades         | 6798        |
|    win_rate             | 49.2        |
| train/                  |             |
|    approx_kl            | 0.030247737 |
|    clip_fraction        | 0.211       |
|    clip_range           | 0.2         |
|    entropy_loss         | -0.939      |
|    explained_variance   | 0.485       |
|    learning_rate        | 8e-05       |
|    loss                 | -0.0908     |
|    n_updates            | 408         |
|    policy_gradient_loss | -0.0675     |
|    value_loss           | 0.12        |
-----------------------------------------
-----------------------------------------
| actions/                |             |
|    buy_pct              | 27.6        |
|    close_pct            | 22          |
|    hold_pct             | 23.7        |
|    sell_pct             | 26.7        |
| time/                   |             |
|    fps                  | 1101        |
|    iterations           | 36          |
|    time_elapsed         | 33          |
|    total_timesteps      | 36864       |
| trading/                |             |
|    accuracy             | 51.7        |
|    avg_accuracy         | 51.7        |
|    avg_equity           | 9.31e+03    |
|    equity               | 1.06e+04    |
|    max_drawdown         | 28.8        |
|    max_equity           | 1.06e+04    |
|    profit_loss          | 614         |
|    return_pct           | 6.14        |
|    total_trades         | 7118        |
|    win_rate             | 49.6        |
| train/                  |             |
|    approx_kl            | 0.028919866 |
|    clip_fraction        | 0.219       |
|    clip_range           | 0.2         |
|    entropy_loss         | -0.97       |
|    explained_variance   | 0.0573      |
|    learning_rate        | 8e-05       |
|    loss                 | -0.0895     |
|    n_updates            | 420         |
|    policy_gradient_loss | -0.0696     |
|    value_loss           | 0.102       |
-----------------------------------------
-----------------------------------------
| actions/                |             |
|    buy_pct              | 27.5        |
|    close_pct            | 22          |
|    hold_pct             | 23.9        |
|    sell_pct             | 26.7        |
| time/                   |             |
|    fps                  | 1102        |
|    iterations           | 37          |
|    time_elapsed         | 34          |
|    total_timesteps      | 37888       |
| trading/                |             |
|    accuracy             | 56          |
|    avg_accuracy         | 51.8        |
|    avg_equity           | 9.33e+03    |
|    equity               | 9.87e+03    |
|    max_drawdown         | 28.8        |
|    max_equity           | 1.06e+04    |
|    profit_loss          | -126        |
|    return_pct           | -1.26       |
|    total_trades         | 7167        |
|    win_rate             | 49.6        |
| train/                  |             |
|    approx_kl            | 0.030443197 |
|    clip_fraction        | 0.226       |
|    clip_range           | 0.2         |
|    entropy_loss         | -0.903      |
|    explained_variance   | 0.332       |
|    learning_rate        | 8e-05       |
|    loss                 | -0.101      |
|    n_updates            | 432         |
|    policy_gradient_loss | -0.0652     |
|    value_loss           | 0.0602      |
-----------------------------------------
----------------------------------------
| actions/                |            |
|    buy_pct              | 27.5       |
|    close_pct            | 21.9       |
|    hold_pct             | 23.9       |
|    sell_pct             | 26.7       |
| time/                   |            |
|    fps                  | 1103       |
|    iterations           | 38         |
|    time_elapsed         | 35         |
|    total_timesteps      | 38912      |
| trading/                |            |
|    accuracy             | 52         |
|    avg_accuracy         | 51.8       |
|    avg_equity           | 9.35e+03   |
|    equity               | 1.01e+04   |
|    max_drawdown         | 28.8       |
|    max_equity           | 1.06e+04   |
|    profit_loss          | 72.2       |
|    return_pct           | 0.722      |
|    total_trades         | 7217       |
|    win_rate             | 49.6       |
| train/                  |            |
|    approx_kl            | 0.03183838 |
|    clip_fraction        | 0.238      |
|    clip_range           | 0.2        |
|    entropy_loss         | -0.88      |
|    explained_variance   | 0.431      |
|    learning_rate        | 8e-05      |
|    loss                 | -0.074     |
|    n_updates            | 444        |
|    policy_gradient_loss | -0.0596    |
|    value_loss           | 0.0645     |
----------------------------------------
-----------------------------------------
| actions/                |             |
|    buy_pct              | 27.6        |
|    close_pct            | 21.9        |
|    hold_pct             | 23.9        |
|    sell_pct             | 26.6        |
| time/                   |             |
|    fps                  | 1104        |
|    iterations           | 39          |
|    time_elapsed         | 36          |
|    total_timesteps      | 39936       |
| trading/                |             |
|    accuracy             | 44.4        |
|    avg_accuracy         | 51.6        |
|    avg_equity           | 9.37e+03    |
|    equity               | 1e+04       |
|    max_drawdown         | 28.8        |
|    max_equity           | 1.06e+04    |
|    profit_loss          | 26.2        |
|    return_pct           | 0.262       |
|    total_trades         | 7225        |
|    win_rate             | 49.6        |
| train/                  |             |
|    approx_kl            | 0.027052268 |
|    clip_fraction        | 0.206       |
|    clip_range           | 0.2         |
|    entropy_loss         | -0.859      |
|    explained_variance   | 0.598       |
|    learning_rate        | 8e-05       |
|    loss                 | -0.0815     |
|    n_updates            | 456         |
|    policy_gradient_loss | -0.0604     |
|    value_loss           | 0.0681      |
-----------------------------------------
-----------------------------------------
| actions/                |             |
|    buy_pct              | 27.6        |
|    close_pct            | 21.8        |
|    hold_pct             | 23.9        |
|    sell_pct             | 26.7        |
| time/                   |             |
|    fps                  | 1105        |
|    iterations           | 40          |
|    time_elapsed         | 37          |
|    total_timesteps      | 40960       |
| trading/                |             |
|    accuracy             | 47.2        |
|    avg_accuracy         | 51.5        |
|    avg_equity           | 9.38e+03    |
|    equity               | 9.97e+03    |
|    max_drawdown         | 28.8        |
|    max_equity           | 1.06e+04    |
|    profit_loss          | -28.8       |
|    return_pct           | -0.288      |
|    total_trades         | 7366        |
|    win_rate             | 49.7        |
| train/                  |             |
|    approx_kl            | 0.027315352 |
|    clip_fraction        | 0.189       |
|    clip_range           | 0.2         |
|    entropy_loss         | -0.825      |
|    explained_variance   | 0.506       |
|    learning_rate        | 8e-05       |
|    loss                 | -0.0696     |
|    n_updates            | 468         |
|    policy_gradient_loss | -0.0527     |
|    value_loss           | 0.065       |
-----------------------------------------
----------------------------------------
| actions/                |            |
|    buy_pct              | 27.7       |
|    close_pct            | 21.8       |
|    hold_pct             | 24         |
|    sell_pct             | 26.5       |
| time/                   |            |
|    fps                  | 1107       |
|    iterations           | 41         |
|    time_elapsed         | 37         |
|    total_timesteps      | 41984      |
| trading/                |            |
|    accuracy             | 51.1       |
|    avg_accuracy         | 51.5       |
|    avg_equity           | 9.41e+03   |
|    equity               | 1.05e+04   |
|    max_drawdown         | 28.8       |
|    max_equity           | 1.06e+04   |
|    profit_loss          | 549        |
|    return_pct           | 5.49       |
|    total_trades         | 7642       |
|    win_rate             | 49.9       |
| train/                  |            |
|    approx_kl            | 0.03232311 |
|    clip_fraction        | 0.229      |
|    clip_range           | 0.2        |
|    entropy_loss         | -0.904     |
|    explained_variance   | 0.201      |
|    learning_rate        | 8e-05      |
|    loss                 | -0.0981    |
|    n_updates            | 480        |
|    policy_gradient_loss | -0.0693    |
|    value_loss           | 0.0973     |
----------------------------------------
-----------------------------------------
| actions/                |             |
|    buy_pct              | 27.6        |
|    close_pct            | 21.9        |
|    hold_pct             | 23.8        |
|    sell_pct             | 26.7        |
| time/                   |             |
|    fps                  | 1108        |
|    iterations           | 42          |
|    time_elapsed         | 38          |
|    total_timesteps      | 43008       |
| trading/                |             |
|    accuracy             | 51.7        |
|    avg_accuracy         | 51.5        |
|    avg_equity           | 9.43e+03    |
|    equity               | 1.03e+04    |
|    max_drawdown         | 28.8        |
|    max_equity           | 1.06e+04    |
|    profit_loss          | 259         |
|    return_pct           | 2.59        |
|    total_trades         | 7791        |
|    win_rate             | 49.9        |
| train/                  |             |
|    approx_kl            | 0.028278667 |
|    clip_fraction        | 0.215       |
|    clip_range           | 0.2         |
|    entropy_loss         | -0.817      |
|    explained_variance   | 0.446       |
|    learning_rate        | 8e-05       |
|    loss                 | -0.0942     |
|    n_updates            | 492         |
|    policy_gradient_loss | -0.0629     |
|    value_loss           | 0.071       |
-----------------------------------------
-----------------------------------------
| actions/                |             |
|    buy_pct              | 27.7        |
|    close_pct            | 21.8        |
|    hold_pct             | 23.7        |
|    sell_pct             | 26.8        |
| time/                   |             |
|    fps                  | 1109        |
|    iterations           | 43          |
|    time_elapsed         | 39          |
|    total_timesteps      | 44032       |
| trading/                |             |
|    accuracy             | 53.9        |
|    avg_accuracy         | 51.6        |
|    avg_equity           | 9.46e+03    |
|    equity               | 1.06e+04    |
|    max_drawdown         | 28.8        |
|    max_equity           | 1.06e+04    |
|    profit_loss          | 647         |
|    return_pct           | 6.47        |
|    total_trades         | 8058        |
|    win_rate             | 50          |
| train/                  |             |
|    approx_kl            | 0.028798256 |
|    clip_fraction        | 0.241       |
|    clip_range           | 0.2         |
|    entropy_loss         | -0.876      |
|    explained_variance   | 0.113       |
|    learning_rate        | 8e-05       |
|    loss                 | -0.0679     |
|    n_updates            | 504         |
|    policy_gradient_loss | -0.0683     |
|    value_loss           | 0.217       |
-----------------------------------------
----------------------------------------
| actions/                |            |
|    buy_pct              | 27.8       |
|    close_pct            | 21.7       |
|    hold_pct             | 23.7       |
|    sell_pct             | 26.8       |
| time/                   |            |
|    fps                  | 1108       |
|    iterations           | 44         |
|    time_elapsed         | 40         |
|    total_timesteps      | 45056      |
| trading/                |            |
|    accuracy             | 53.6       |
|    avg_accuracy         | 51.6       |
|    avg_equity           | 9.49e+03   |
|    equity               | 1.1e+04    |
|    max_drawdown         | 28.8       |
|    max_equity           | 1.1e+04    |
|    profit_loss          | 1.05e+03   |
|    return_pct           | 10.5       |
|    total_trades         | 8443       |
|    win_rate             | 50         |
| train/                  |            |
|    approx_kl            | 0.03423174 |
|    clip_fraction        | 0.252      |
|    clip_range           | 0.2        |
|    entropy_loss         | -0.864     |
|    explained_variance   | 0.0538     |
|    learning_rate        | 8e-05      |
|    loss                 | -0.0681    |
|    n_updates            | 516        |
|    policy_gradient_loss | -0.0732    |
|    value_loss           | 0.229      |
----------------------------------------
---------------------------------------
| actions/                |           |
|    buy_pct              | 27.9      |
|    close_pct            | 21.6      |
|    hold_pct             | 23.7      |
|    sell_pct             | 26.8      |
| time/                   |           |
|    fps                  | 1095      |
|    iterations           | 45        |
|    time_elapsed         | 42        |
|    total_timesteps      | 46080     |
| trading/                |           |
|    accuracy             | 55.1      |
|    avg_accuracy         | 51.7      |
|    avg_equity           | 9.53e+03  |
|    equity               | 1.13e+04  |
|    max_drawdown         | 28.8      |
|    max_equity           | 1.13e+04  |
|    profit_loss          | 1.27e+03  |
|    return_pct           | 12.7      |
|    total_trades         | 8941      |
|    win_rate             | 50.2      |
| train/                  |           |
|    approx_kl            | 0.0350667 |
|    clip_fraction        | 0.23      |
|    clip_range           | 0.2       |
|    entropy_loss         | -0.838    |
|    explained_variance   | -0.0538   |
|    learning_rate        | 8e-05     |
|    loss                 | -0.0613   |
|    n_updates            | 528       |
|    policy_gradient_loss | -0.0673   |
|    value_loss           | 0.209     |
---------------------------------------
-----------------------------------------
| actions/                |             |
|    buy_pct              | 27.9        |
|    close_pct            | 21.6        |
|    hold_pct             | 23.8        |
|    sell_pct             | 26.7        |
| time/                   |             |
|    fps                  | 1092        |
|    iterations           | 46          |
|    time_elapsed         | 43          |
|    total_timesteps      | 47104       |
| trading/                |             |
|    accuracy             | 50          |
|    avg_accuracy         | 51.6        |
|    avg_equity           | 9.55e+03    |
|    equity               | 1.02e+04    |
|    max_drawdown         | 28.8        |
|    max_equity           | 1.13e+04    |
|    profit_loss          | 249         |
|    return_pct           | 2.49        |
|    total_trades         | 8962        |
|    win_rate             | 50.3        |
| train/                  |             |
|    approx_kl            | 0.033118933 |
|    clip_fraction        | 0.219       |
|    clip_range           | 0.2         |
|    entropy_loss         | -0.809      |
|    explained_variance   | -0.338      |
|    learning_rate        | 8e-05       |
|    loss                 | -0.0831     |
|    n_updates            | 540         |
|    policy_gradient_loss | -0.0619     |
|    value_loss           | 0.106       |
-----------------------------------------
-----------------------------------------
| actions/                |             |
|    buy_pct              | 27.9        |
|    close_pct            | 21.6        |
|    hold_pct             | 23.8        |
|    sell_pct             | 26.7        |
| time/                   |             |
|    fps                  | 1089        |
|    iterations           | 47          |
|    time_elapsed         | 44          |
|    total_timesteps      | 48128       |
| trading/                |             |
|    accuracy             | 63          |
|    avg_accuracy         | 51.9        |
|    avg_equity           | 9.56e+03    |
|    equity               | 1.02e+04    |
|    max_drawdown         | 28.8        |
|    max_equity           | 1.13e+04    |
|    profit_loss          | 158         |
|    return_pct           | 1.58        |
|    total_trades         | 9015        |
|    win_rate             | 50.3        |
| train/                  |             |
|    approx_kl            | 0.034755528 |
|    clip_fraction        | 0.219       |
|    clip_range           | 0.2         |
|    entropy_loss         | -0.758      |
|    explained_variance   | 0.314       |
|    learning_rate        | 8e-05       |
|    loss                 | -0.0821     |
|    n_updates            | 552         |
|    policy_gradient_loss | -0.0567     |
|    value_loss           | 0.0761      |
-----------------------------------------
----------------------------------------
| actions/                |            |
|    buy_pct              | 27.9       |
|    close_pct            | 21.6       |
|    hold_pct             | 23.8       |
|    sell_pct             | 26.7       |
| time/                   |            |
|    fps                  | 1087       |
|    iterations           | 48         |
|    time_elapsed         | 45         |
|    total_timesteps      | 49152      |
| trading/                |            |
|    accuracy             | 52.4       |
|    avg_accuracy         | 51.9       |
|    avg_equity           | 9.57e+03   |
|    equity               | 9.76e+03   |
|    max_drawdown         | 28.8       |
|    max_equity           | 1.13e+04   |
|    profit_loss          | -243       |
|    return_pct           | -2.43      |
|    total_trades         | 9077       |
|    win_rate             | 50.3       |
| train/                  |            |
|    approx_kl            | 0.03450929 |
|    clip_fraction        | 0.223      |
|    clip_range           | 0.2        |
|    entropy_loss         | -0.738     |
|    explained_variance   | 0.286      |
|    learning_rate        | 8e-05      |
|    loss                 | -0.0733    |
|    n_updates            | 564        |
|    policy_gradient_loss | -0.0581    |
|    value_loss           | 0.0587     |
----------------------------------------
----------------------------------------
| actions/                |            |
|    buy_pct              | 27.9       |
|    close_pct            | 21.7       |
|    hold_pct             | 23.7       |
|    sell_pct             | 26.8       |
| time/                   |            |
|    fps                  | 1088       |
|    iterations           | 49         |
|    time_elapsed         | 46         |
|    total_timesteps      | 50176      |
| trading/                |            |
|    accuracy             | 52.5       |
|    avg_accuracy         | 51.9       |
|    avg_equity           | 9.57e+03   |
|    equity               | 9.49e+03   |
|    max_drawdown         | 28.8       |
|    max_equity           | 1.13e+04   |
|    profit_loss          | -508       |
|    return_pct           | -5.08      |
|    total_trades         | 9280       |
|    win_rate             | 50.3       |
| train/                  |            |
|    approx_kl            | 0.03626627 |
|    clip_fraction        | 0.228      |
|    clip_range           | 0.2        |
|    entropy_loss         | -0.778     |
|    explained_variance   | 0.484      |
|    learning_rate        | 8e-05      |
|    loss                 | -0.0865    |
|    n_updates            | 576        |
|    policy_gradient_loss | -0.0661    |
|    value_loss           | 0.105      |
----------------------------------------
-----------------------------------------
| actions/                |             |
|    buy_pct              | 28          |
|    close_pct            | 21.6        |
|    hold_pct             | 23.6        |
|    sell_pct             | 26.8        |
| time/                   |             |
|    fps                  | 1088        |
|    iterations           | 50          |
|    time_elapsed         | 47          |
|    total_timesteps      | 51200       |
| trading/                |             |
|    accuracy             | 50.9        |
|    avg_accuracy         | 51.9        |
|    avg_equity           | 9.54e+03    |
|    equity               | 8.51e+03    |
|    max_drawdown         | 28.8        |
|    max_equity           | 1.13e+04    |
|    profit_loss          | -1.49e+03   |
|    return_pct           | -14.9       |
|    total_trades         | 9599        |
|    win_rate             | 50.4        |
| train/                  |             |
|    approx_kl            | 0.036642127 |
|    clip_fraction        | 0.237       |
|    clip_range           | 0.2         |
|    entropy_loss         | -0.808      |
|    explained_variance   | 0.0567      |
|    learning_rate        | 8e-05       |
|    loss                 | -0.049      |
|    n_updates            | 588         |
|    policy_gradient_loss | -0.0658     |
|    value_loss           | 0.28        |
-----------------------------------------
-----------------------------------------
| actions/                |             |
|    buy_pct              | 28.1        |
|    close_pct            | 21.5        |
|    hold_pct             | 23.5        |
|    sell_pct             | 26.8        |
| time/                   |             |
|    fps                  | 1087        |
|    iterations           | 51          |
|    time_elapsed         | 48          |
|    total_timesteps      | 52224       |
| trading/                |             |
|    accuracy             | 48.5        |
|    avg_accuracy         | 51.8        |
|    avg_equity           | 9.52e+03    |
|    equity               | 8.49e+03    |
|    max_drawdown         | 28.8        |
|    max_equity           | 1.13e+04    |
|    profit_loss          | -1.51e+03   |
|    return_pct           | -15.1       |
|    total_trades         | 10043       |
|    win_rate             | 50.6        |
| train/                  |             |
|    approx_kl            | 0.033518925 |
|    clip_fraction        | 0.227       |
|    clip_range           | 0.2         |
|    entropy_loss         | -0.801      |
|    explained_variance   | -0.218      |
|    learning_rate        | 8e-05       |
|    loss                 | -0.0722     |
|    n_updates            | 600         |
|    policy_gradient_loss | -0.0654     |
|    value_loss           | 0.23        |
-----------------------------------------
-----------------------------------------
| actions/                |             |
|    buy_pct              | 28.3        |
|    close_pct            | 21.5        |
|    hold_pct             | 23.4        |
|    sell_pct             | 26.8        |
| time/                   |             |
|    fps                  | 1086        |
|    iterations           | 52          |
|    time_elapsed         | 49          |
|    total_timesteps      | 53248       |
| trading/                |             |
|    accuracy             | 51.2        |
|    avg_accuracy         | 51.8        |
|    avg_equity           | 9.5e+03     |
|    equity               | 8.24e+03    |
|    max_drawdown         | 28.8        |
|    max_equity           | 1.13e+04    |
|    profit_loss          | -1.76e+03   |
|    return_pct           | -17.6       |
|    total_trades         | 10607       |
|    win_rate             | 50.9        |
| train/                  |             |
|    approx_kl            | 0.035589572 |
|    clip_fraction        | 0.23        |
|    clip_range           | 0.2         |
|    entropy_loss         | -0.763      |
|    explained_variance   | 0.144       |
|    learning_rate        | 8e-05       |
|    loss                 | -0.0625     |
|    n_updates            | 612         |
|    policy_gradient_loss | -0.0653     |
|    value_loss           | 0.219       |
-----------------------------------------
-----------------------------------------
| actions/                |             |
|    buy_pct              | 28.3        |
|    close_pct            | 21.5        |
|    hold_pct             | 23.5        |
|    sell_pct             | 26.8        |
| time/                   |             |
|    fps                  | 1087        |
|    iterations           | 53          |
|    time_elapsed         | 49          |
|    total_timesteps      | 54272       |
| trading/                |             |
|    accuracy             | 51.2        |
|    avg_accuracy         | 51.8        |
|    avg_equity           | 9.48e+03    |
|    equity               | 8.45e+03    |
|    max_drawdown         | 28.8        |
|    max_equity           | 1.13e+04    |
|    profit_loss          | -1.55e+03   |
|    return_pct           | -15.5       |
|    total_trades         | 11301       |
|    win_rate             | 51.2        |
| train/                  |             |
|    approx_kl            | 0.034422584 |
|    clip_fraction        | 0.229       |
|    clip_range           | 0.2         |
|    entropy_loss         | -0.752      |
|    explained_variance   | 0.15        |
|    learning_rate        | 8e-05       |
|    loss                 | -0.0781     |
|    n_updates            | 624         |
|    policy_gradient_loss | -0.0657     |
|    value_loss           | 0.141       |
-----------------------------------------
-----------------------------------------
| actions/                |             |
|    buy_pct              | 28.3        |
|    close_pct            | 21.5        |
|    hold_pct             | 23.5        |
|    sell_pct             | 26.8        |
| time/                   |             |
|    fps                  | 1088        |
|    iterations           | 54          |
|    time_elapsed         | 50          |
|    total_timesteps      | 55296       |
| trading/                |             |
|    accuracy             | 50          |
|    avg_accuracy         | 51.8        |
|    avg_equity           | 9.48e+03    |
|    equity               | 9.64e+03    |
|    max_drawdown         | 28.8        |
|    max_equity           | 1.13e+04    |
|    profit_loss          | -362        |
|    return_pct           | -3.62       |
|    total_trades         | 11414       |
|    win_rate             | 51.2        |
| train/                  |             |
|    approx_kl            | 0.037647843 |
|    clip_fraction        | 0.219       |
|    clip_range           | 0.2         |
|    entropy_loss         | -0.689      |
|    explained_variance   | 0.472       |
|    learning_rate        | 8e-05       |
|    loss                 | -0.0752     |
|    n_updates            | 636         |
|    policy_gradient_loss | -0.0625     |
|    value_loss           | 0.0885      |
-----------------------------------------
----------------------------------------
| actions/                |            |
|    buy_pct              | 28.3       |
|    close_pct            | 21.5       |
|    hold_pct             | 23.4       |
|    sell_pct             | 26.8       |
| time/                   |            |
|    fps                  | 1090       |
|    iterations           | 55         |
|    time_elapsed         | 51         |
|    total_timesteps      | 56320      |
| trading/                |            |
|    accuracy             | 55.3       |
|    avg_accuracy         | 51.8       |
|    avg_equity           | 9.52e+03   |
|    equity               | 1.13e+04   |
|    max_drawdown         | 28.8       |
|    max_equity           | 1.13e+04   |
|    profit_loss          | 1.33e+03   |
|    return_pct           | 13.3       |
|    total_trades         | 11517      |
|    win_rate             | 51.3       |
| train/                  |            |
|    approx_kl            | 0.04636924 |
|    clip_fraction        | 0.24       |
|    clip_range           | 0.2        |
|    entropy_loss         | -0.666     |
|    explained_variance   | 0.732      |
|    learning_rate        | 8e-05      |
|    loss                 | -0.0847    |
|    n_updates            | 648        |
|    policy_gradient_loss | -0.0639    |
|    value_loss           | 0.065      |
----------------------------------------
----------------------------------------
| actions/                |            |
|    buy_pct              | 28.4       |
|    close_pct            | 21.4       |
|    hold_pct             | 23.3       |
|    sell_pct             | 26.9       |
| time/                   |            |
|    fps                  | 1093       |
|    iterations           | 56         |
|    time_elapsed         | 52         |
|    total_timesteps      | 57344      |
| trading/                |            |
|    accuracy             | 56.3       |
|    avg_accuracy         | 51.9       |
|    avg_equity           | 9.56e+03   |
|    equity               | 1.19e+04   |
|    max_drawdown         | 28.8       |
|    max_equity           | 1.19e+04   |
|    profit_loss          | 1.89e+03   |
|    return_pct           | 18.9       |
|    total_trades         | 11747      |
|    win_rate             | 51.5       |
| train/                  |            |
|    approx_kl            | 0.03808002 |
|    clip_fraction        | 0.199      |
|    clip_range           | 0.2        |
|    entropy_loss         | -0.688     |
|    explained_variance   | 0.517      |
|    learning_rate        | 8e-05      |
|    loss                 | -0.0487    |
|    n_updates            | 660        |
|    policy_gradient_loss | -0.0595    |
|    value_loss           | 0.247      |
----------------------------------------
----------------------------------------
| actions/                |            |
|    buy_pct              | 28.5       |
|    close_pct            | 21.4       |
|    hold_pct             | 23.2       |
|    sell_pct             | 26.9       |
| time/                   |            |
|    fps                  | 1094       |
|    iterations           | 57         |
|    time_elapsed         | 53         |
|    total_timesteps      | 58368      |
| trading/                |            |
|    accuracy             | 57.4       |
|    avg_accuracy         | 52         |
|    avg_equity           | 9.6e+03    |
|    equity               | 1.17e+04   |
|    max_drawdown         | 28.8       |
|    max_equity           | 1.19e+04   |
|    profit_loss          | 1.75e+03   |
|    return_pct           | 17.5       |
|    total_trades         | 12082      |
|    win_rate             | 51.8       |
| train/                  |            |
|    approx_kl            | 0.03853154 |
|    clip_fraction        | 0.222      |
|    clip_range           | 0.2        |
|    entropy_loss         | -0.689     |
|    explained_variance   | -0.517     |
|    learning_rate        | 8e-05      |
|    loss                 | -0.0509    |
|    n_updates            | 672        |
|    policy_gradient_loss | -0.0606    |
|    value_loss           | 0.217      |
----------------------------------------
---------------------------------------
| actions/                |           |
|    buy_pct              | 28.7      |
|    close_pct            | 21.2      |
|    hold_pct             | 23.1      |
|    sell_pct             | 26.9      |
| time/                   |           |
|    fps                  | 1096      |
|    iterations           | 58        |
|    time_elapsed         | 54        |
|    total_timesteps      | 59392     |
| trading/                |           |
|    accuracy             | 56.7      |
|    avg_accuracy         | 52.1      |
|    avg_equity           | 9.64e+03  |
|    equity               | 1.24e+04  |
|    max_drawdown         | 28.8      |
|    max_equity           | 1.24e+04  |
|    profit_loss          | 2.39e+03  |
|    return_pct           | 23.9      |
|    total_trades         | 12524     |
|    win_rate             | 52.1      |
| train/                  |           |
|    approx_kl            | 0.0391252 |
|    clip_fraction        | 0.223     |
|    clip_range           | 0.2       |
|    entropy_loss         | -0.669    |
|    explained_variance   | -0.187    |
|    learning_rate        | 8e-05     |
|    loss                 | -0.0684   |
|    n_updates            | 684       |
|    policy_gradient_loss | -0.0617   |
|    value_loss           | 0.185     |
---------------------------------------
----------------------------------------
| actions/                |            |
|    buy_pct              | 28.6       |
|    close_pct            | 21.3       |
|    hold_pct             | 23.1       |
|    sell_pct             | 26.9       |
| time/                   |            |
|    fps                  | 1095       |
|    iterations           | 59         |
|    time_elapsed         | 55         |
|    total_timesteps      | 60416      |
| trading/                |            |
|    accuracy             | 100        |
|    avg_accuracy         | 52.9       |
|    avg_equity           | 9.65e+03   |
|    equity               | 1e+04      |
|    max_drawdown         | 28.8       |
|    max_equity           | 1.24e+04   |
|    profit_loss          | 9          |
|    return_pct           | 0.09       |
|    total_trades         | 12524      |
|    win_rate             | 52.1       |
| train/                  |            |
|    approx_kl            | 0.04138021 |
|    clip_fraction        | 0.221      |
|    clip_range           | 0.2        |
|    entropy_loss         | -0.658     |
|    explained_variance   | -0.145     |
|    learning_rate        | 8e-05      |
|    loss                 | -0.0774    |
|    n_updates            | 696        |
|    policy_gradient_loss | -0.0606    |
|    value_loss           | 0.117      |
----------------------------------------
-----------------------------------------
| actions/                |             |
|    buy_pct              | 28.6        |
|    close_pct            | 21.4        |
|    hold_pct             | 23.2        |
|    sell_pct             | 26.9        |
| time/                   |             |
|    fps                  | 1097        |
|    iterations           | 60          |
|    time_elapsed         | 55          |
|    total_timesteps      | 61440       |
| trading/                |             |
|    accuracy             | 61.7        |
|    avg_accuracy         | 53          |
|    avg_equity           | 9.68e+03    |
|    equity               | 1.15e+04    |
|    max_drawdown         | 28.8        |
|    max_equity           | 1.24e+04    |
|    profit_loss          | 1.45e+03    |
|    return_pct           | 14.5        |
|    total_trades         | 12664       |
|    win_rate             | 52.3        |
| train/                  |             |
|    approx_kl            | 0.035933826 |
|    clip_fraction        | 0.23        |
|    clip_range           | 0.2         |
|    entropy_loss         | -0.632      |
|    explained_variance   | -0.0462     |
|    learning_rate        | 8e-05       |
|    loss                 | -0.0734     |
|    n_updates            | 708         |
|    policy_gradient_loss | -0.0586     |
|    value_loss           | 0.0806      |
-----------------------------------------
----------------------------------------
| actions/                |            |
|    buy_pct              | 28.6       |
|    close_pct            | 21.3       |
|    hold_pct             | 23.2       |
|    sell_pct             | 26.9       |
| time/                   |            |
|    fps                  | 1098       |
|    iterations           | 61         |
|    time_elapsed         | 56         |
|    total_timesteps      | 62464      |
| trading/                |            |
|    accuracy             | 52.8       |
|    avg_accuracy         | 53         |
|    avg_equity           | 9.69e+03   |
|    equity               | 1.05e+04   |
|    max_drawdown         | 28.8       |
|    max_equity           | 1.24e+04   |
|    profit_loss          | 514        |
|    return_pct           | 5.14       |
|    total_trades         | 12736      |
|    win_rate             | 52.3       |
| train/                  |            |
|    approx_kl            | 0.03869067 |
|    clip_fraction        | 0.212      |
|    clip_range           | 0.2        |
|    entropy_loss         | -0.62      |
|    explained_variance   | 0.394      |
|    learning_rate        | 8e-05      |
|    loss                 | -0.0688    |
|    n_updates            | 720        |
|    policy_gradient_loss | -0.0565    |
|    value_loss           | 0.0859     |
----------------------------------------
-----------------------------------------
| actions/                |             |
|    buy_pct              | 28.6        |
|    close_pct            | 21.3        |
|    hold_pct             | 23.2        |
|    sell_pct             | 26.9        |
| time/                   |             |
|    fps                  | 1100        |
|    iterations           | 62          |
|    time_elapsed         | 57          |
|    total_timesteps      | 63488       |
| trading/                |             |
|    accuracy             | 62.1        |
|    avg_accuracy         | 53.2        |
|    avg_equity           | 9.7e+03     |
|    equity               | 1.03e+04    |
|    max_drawdown         | 28.8        |
|    max_equity           | 1.24e+04    |
|    profit_loss          | 265         |
|    return_pct           | 2.65        |
|    total_trades         | 12764       |
|    win_rate             | 52.4        |
| train/                  |             |
|    approx_kl            | 0.044765316 |
|    clip_fraction        | 0.22        |
|    clip_range           | 0.2         |
|    entropy_loss         | -0.608      |
|    explained_variance   | 0.215       |
|    learning_rate        | 8e-05       |
|    loss                 | -0.0853     |
|    n_updates            | 732         |
|    policy_gradient_loss | -0.0575     |
|    value_loss           | 0.0651      |
-----------------------------------------
----------------------------------------
| actions/                |            |
|    buy_pct              | 28.5       |
|    close_pct            | 21.3       |
|    hold_pct             | 23.3       |
|    sell_pct             | 26.9       |
| time/                   |            |
|    fps                  | 1099       |
|    iterations           | 63         |
|    time_elapsed         | 58         |
|    total_timesteps      | 64512      |
| trading/                |            |
|    accuracy             | 83.3       |
|    avg_accuracy         | 53.7       |
|    avg_equity           | 9.71e+03   |
|    equity               | 1.02e+04   |
|    max_drawdown         | 28.8       |
|    max_equity           | 1.24e+04   |
|    profit_loss          | 195        |
|    return_pct           | 1.95       |
|    total_trades         | 12775      |
|    win_rate             | 52.4       |
| train/                  |            |
|    approx_kl            | 0.04004337 |
|    clip_fraction        | 0.207      |
|    clip_range           | 0.2        |
|    entropy_loss         | -0.583     |
|    explained_variance   | 0.69       |
|    learning_rate        | 8e-05      |
|    loss                 | -0.085     |
|    n_updates            | 744        |
|    policy_gradient_loss | -0.0561    |
|    value_loss           | 0.0575     |
----------------------------------------
----------------------------------------
| actions/                |            |
|    buy_pct              | 28.5       |
|    close_pct            | 21.3       |
|    hold_pct             | 23.3       |
|    sell_pct             | 26.9       |
| time/                   |            |
|    fps                  | 1100       |
|    iterations           | 64         |
|    time_elapsed         | 59         |
|    total_timesteps      | 65536      |
| trading/                |            |
|    accuracy             | 45.5       |
|    avg_accuracy         | 53.5       |
|    avg_equity           | 9.72e+03   |
|    equity               | 9.96e+03   |
|    max_drawdown         | 28.8       |
|    max_equity           | 1.24e+04   |
|    profit_loss          | -44.8      |
|    return_pct           | -0.448     |
|    total_trades         | 12807      |
|    win_rate             | 52.4       |
| train/                  |            |
|    approx_kl            | 0.04509233 |
|    clip_fraction        | 0.201      |
|    clip_range           | 0.2        |
|    entropy_loss         | -0.586     |
|    explained_variance   | 0.711      |
|    learning_rate        | 8e-05      |
|    loss                 | -0.0744    |
|    n_updates            | 756        |
|    policy_gradient_loss | -0.0543    |
|    value_loss           | 0.0553     |
----------------------------------------
---------------------------------------
| actions/                |           |
|    buy_pct              | 28.4      |
|    close_pct            | 21.3      |
|    hold_pct             | 23.4      |
|    sell_pct             | 26.9      |
| time/                   |           |
|    fps                  | 1100      |
|    iterations           | 65        |
|    time_elapsed         | 60        |
|    total_timesteps      | 66560     |
| trading/                |           |
|    accuracy             | 58.7      |
|    avg_accuracy         | 53.6      |
|    avg_equity           | 9.74e+03  |
|    equity               | 1.13e+04  |
|    max_drawdown         | 28.8      |
|    max_equity           | 1.24e+04  |
|    profit_loss          | 1.31e+03  |
|    return_pct           | 13.1      |
|    total_trades         | 12974     |
|    win_rate             | 52.6      |
| train/                  |           |
|    approx_kl            | 0.0382026 |
|    clip_fraction        | 0.194     |
|    clip_range           | 0.2       |
|    entropy_loss         | -0.579    |
|    explained_variance   | 0.882     |
|    learning_rate        | 8e-05     |
|    loss                 | -0.0808   |
|    n_updates            | 768       |
|    policy_gradient_loss | -0.0524   |
|    value_loss           | 0.0452    |
---------------------------------------
-----------------------------------------
| actions/                |             |
|    buy_pct              | 28.3        |
|    close_pct            | 21.3        |
|    hold_pct             | 23.4        |
|    sell_pct             | 27          |
| time/                   |             |
|    fps                  | 1063        |
|    iterations           | 66          |
|    time_elapsed         | 63          |
|    total_timesteps      | 67584       |
| trading/                |             |
|    accuracy             | 61.8        |
|    avg_accuracy         | 53.7        |
|    avg_equity           | 9.75e+03    |
|    equity               | 1.04e+04    |
|    max_drawdown         | 28.8        |
|    max_equity           | 1.24e+04    |
|    profit_loss          | 444         |
|    return_pct           | 4.44        |
|    total_trades         | 13049       |
|    win_rate             | 52.7        |
| train/                  |             |
|    approx_kl            | 0.041763566 |
|    clip_fraction        | 0.193       |
|    clip_range           | 0.2         |
|    entropy_loss         | -0.534      |
|    explained_variance   | 0.804       |
|    learning_rate        | 8e-05       |
|    loss                 | -0.0738     |
|    n_updates            | 780         |
|    policy_gradient_loss | -0.0529     |
|    value_loss           | 0.0501      |
-----------------------------------------
-----------------------------------------
| actions/                |             |
|    buy_pct              | 28.3        |
|    close_pct            | 21.3        |
|    hold_pct             | 23.5        |
|    sell_pct             | 26.9        |
| time/                   |             |
|    fps                  | 1060        |
|    iterations           | 67          |
|    time_elapsed         | 64          |
|    total_timesteps      | 68608       |
| trading/                |             |
|    accuracy             | 67.9        |
|    avg_accuracy         | 54          |
|    avg_equity           | 9.77e+03    |
|    equity               | 1.07e+04    |
|    max_drawdown         | 28.8        |
|    max_equity           | 1.24e+04    |
|    profit_loss          | 749         |
|    return_pct           | 7.49        |
|    total_trades         | 13129       |
|    win_rate             | 52.8        |
| train/                  |             |
|    approx_kl            | 0.035898693 |
|    clip_fraction        | 0.194       |
|    clip_range           | 0.2         |
|    entropy_loss         | -0.532      |
|    explained_variance   | 0.845       |
|    learning_rate        | 8e-05       |
|    loss                 | -0.062      |
|    n_updates            | 792         |
|    policy_gradient_loss | -0.0482     |
|    value_loss           | 0.0495      |
-----------------------------------------
----------------------------------------
| actions/                |            |
|    buy_pct              | 28.4       |
|    close_pct            | 21.2       |
|    hold_pct             | 23.5       |
|    sell_pct             | 26.9       |
| time/                   |            |
|    fps                  | 1061       |
|    iterations           | 68         |
|    time_elapsed         | 65         |
|    total_timesteps      | 69632      |
| trading/                |            |
|    accuracy             | 58.3       |
|    avg_accuracy         | 54         |
|    avg_equity           | 9.77e+03   |
|    equity               | 9.8e+03    |
|    max_drawdown         | 28.8       |
|    max_equity           | 1.24e+04   |
|    profit_loss          | -204       |
|    return_pct           | -2.04      |
|    total_trades         | 13188      |
|    win_rate             | 52.8       |
| train/                  |            |
|    approx_kl            | 0.04238871 |
|    clip_fraction        | 0.177      |
|    clip_range           | 0.2        |
|    entropy_loss         | -0.513     |
|    explained_variance   | 0.873      |
|    learning_rate        | 8e-05      |
|    loss                 | -0.0675    |
|    n_updates            | 804        |
|    policy_gradient_loss | -0.0467    |
|    value_loss           | 0.049      |
----------------------------------------
-----------------------------------------
| actions/                |             |
|    buy_pct              | 28.6        |
|    close_pct            | 21.1        |
|    hold_pct             | 23.4        |
|    sell_pct             | 26.9        |
| time/                   |             |
|    fps                  | 1059        |
|    iterations           | 69          |
|    time_elapsed         | 66          |
|    total_timesteps      | 70656       |
| trading/                |             |
|    accuracy             | 55          |
|    avg_accuracy         | 54          |
|    avg_equity           | 9.77e+03    |
|    equity               | 1.02e+04    |
|    max_drawdown         | 28.8        |
|    max_equity           | 1.24e+04    |
|    profit_loss          | 193         |
|    return_pct           | 1.93        |
|    total_trades         | 13347       |
|    win_rate             | 52.8        |
| train/                  |             |
|    approx_kl            | 0.035165474 |
|    clip_fraction        | 0.187       |
|    clip_range           | 0.2         |
|    entropy_loss         | -0.566      |
|    explained_variance   | 0.784       |
|    learning_rate        | 8e-05       |
|    loss                 | -0.0684     |
|    n_updates            | 816         |
|    policy_gradient_loss | -0.0509     |
|    value_loss           | 0.129       |
-----------------------------------------
-----------------------------------------
| actions/                |             |
|    buy_pct              | 28.5        |
|    close_pct            | 21.1        |
|    hold_pct             | 23.5        |
|    sell_pct             | 26.9        |
| time/                   |             |
|    fps                  | 1059        |
|    iterations           | 70          |
|    time_elapsed         | 67          |
|    total_timesteps      | 71680       |
| trading/                |             |
|    accuracy             | 60          |
|    avg_accuracy         | 54.1        |
|    avg_equity           | 9.77e+03    |
|    equity               | 9.93e+03    |
|    max_drawdown         | 28.8        |
|    max_equity           | 1.24e+04    |
|    profit_loss          | -72.6       |
|    return_pct           | -0.726      |
|    total_trades         | 13356       |
|    win_rate             | 52.8        |
| train/                  |             |
|    approx_kl            | 0.043845043 |
|    clip_fraction        | 0.205       |
|    clip_range           | 0.2         |
|    entropy_loss         | -0.594      |
|    explained_variance   | 0.445       |
|    learning_rate        | 8e-05       |
|    loss                 | -0.0744     |
|    n_updates            | 828         |
|    policy_gradient_loss | -0.0546     |
|    value_loss           | 0.0954      |
-----------------------------------------
-----------------------------------------
| actions/                |             |
|    buy_pct              | 28.5        |
|    close_pct            | 21.2        |
|    hold_pct             | 23.4        |
|    sell_pct             | 26.9        |
| time/                   |             |
|    fps                  | 1029        |
|    iterations           | 71          |
|    time_elapsed         | 70          |
|    total_timesteps      | 72704       |
| trading/                |             |
|    accuracy             | 50          |
|    avg_accuracy         | 54.1        |
|    avg_equity           | 9.78e+03    |
|    equity               | 1.03e+04    |
|    max_drawdown         | 28.8        |
|    max_equity           | 1.24e+04    |
|    profit_loss          | 258         |
|    return_pct           | 2.58        |
|    total_trades         | 13450       |
|    win_rate             | 52.9        |
| train/                  |             |
|    approx_kl            | 0.039581794 |
|    clip_fraction        | 0.18        |
|    clip_range           | 0.2         |
|    entropy_loss         | -0.509      |
|    explained_variance   | 0.761       |
|    learning_rate        | 8e-05       |
|    loss                 | -0.068      |
|    n_updates            | 840         |
|    policy_gradient_loss | -0.0493     |
|    value_loss           | 0.0527      |
-----------------------------------------
--------------------------------------
| actions/                |          |
|    buy_pct              | 28.6     |
|    close_pct            | 21.1     |
|    hold_pct             | 23.3     |
|    sell_pct             | 26.9     |
| time/                   |          |
|    fps                  | 1003     |
|    iterations           | 72       |
|    time_elapsed         | 73       |
|    total_timesteps      | 73728    |
| trading/                |          |
|    accuracy             | 48.6     |
|    avg_accuracy         | 54       |
|    avg_equity           | 9.79e+03 |
|    equity               | 1.03e+04 |
|    max_drawdown         | 28.8     |
|    max_equity           | 1.24e+04 |
|    profit_loss          | 338      |
|    return_pct           | 3.38     |
|    total_trades         | 13665    |
|    win_rate             | 52.9     |
| train/                  |          |
|    approx_kl            | 0.045736 |
|    clip_fraction        | 0.223    |
|    clip_range           | 0.2      |
|    entropy_loss         | -0.561   |
|    explained_variance   | 0.93     |
|    learning_rate        | 8e-05    |
|    loss                 | -0.0823  |
|    n_updates            | 852      |
|    policy_gradient_loss | -0.0605  |
|    value_loss           | 0.109    |
--------------------------------------
---------------------------------------
| actions/                |           |
|    buy_pct              | 28.7      |
|    close_pct            | 21.1      |
|    hold_pct             | 23.2      |
|    sell_pct             | 26.9      |
| time/                   |           |
|    fps                  | 1001      |
|    iterations           | 73        |
|    time_elapsed         | 74        |
|    total_timesteps      | 74752     |
| trading/                |           |
|    accuracy             | 52.4      |
|    avg_accuracy         | 54        |
|    avg_equity           | 9.8e+03   |
|    equity               | 1.03e+04  |
|    max_drawdown         | 28.8      |
|    max_equity           | 1.24e+04  |
|    profit_loss          | 262       |
|    return_pct           | 2.62      |
|    total_trades         | 14000     |
|    win_rate             | 53        |
| train/                  |           |
|    approx_kl            | 0.0490809 |
|    clip_fraction        | 0.231     |
|    clip_range           | 0.2       |
|    entropy_loss         | -0.58     |
|    explained_variance   | -0.0955   |
|    learning_rate        | 8e-05     |
|    loss                 | -0.0714   |
|    n_updates            | 864       |
|    policy_gradient_loss | -0.0583   |
|    value_loss           | 0.135     |
---------------------------------------
-----------------------------------------
| actions/                |             |
|    buy_pct              | 28.8        |
|    close_pct            | 21          |
|    hold_pct             | 23.2        |
|    sell_pct             | 26.9        |
| time/                   |             |
|    fps                  | 1000        |
|    iterations           | 74          |
|    time_elapsed         | 75          |
|    total_timesteps      | 75776       |
| trading/                |             |
|    accuracy             | 55.5        |
|    avg_accuracy         | 54          |
|    avg_equity           | 9.82e+03    |
|    equity               | 1.16e+04    |
|    max_drawdown         | 28.8        |
|    max_equity           | 1.24e+04    |
|    profit_loss          | 1.59e+03    |
|    return_pct           | 15.9        |
|    total_trades         | 14457       |
|    win_rate             | 53.2        |
| train/                  |             |
|    approx_kl            | 0.051681697 |
|    clip_fraction        | 0.231       |
|    clip_range           | 0.2         |
|    entropy_loss         | -0.588      |
|    explained_variance   | 0.333       |
|    learning_rate        | 8e-05       |
|    loss                 | -0.0847     |
|    n_updates            | 876         |
|    policy_gradient_loss | -0.06       |
|    value_loss           | 0.0753      |
-----------------------------------------
-----------------------------------------
| actions/                |             |
|    buy_pct              | 28.8        |
|    close_pct            | 21.1        |
|    hold_pct             | 23.2        |
|    sell_pct             | 26.9        |
| time/                   |             |
|    fps                  | 998         |
|    iterations           | 75          |
|    time_elapsed         | 76          |
|    total_timesteps      | 76800       |
| trading/                |             |
|    accuracy             | 51.8        |
|    avg_accuracy         | 54          |
|    avg_equity           | 9.83e+03    |
|    equity               | 1.08e+04    |
|    max_drawdown         | 28.8        |
|    max_equity           | 1.24e+04    |
|    profit_loss          | 771         |
|    return_pct           | 7.71        |
|    total_trades         | 14540       |
|    win_rate             | 53.2        |
| train/                  |             |
|    approx_kl            | 0.040264055 |
|    clip_fraction        | 0.199       |
|    clip_range           | 0.2         |
|    entropy_loss         | -0.51       |
|    explained_variance   | 0.911       |
|    learning_rate        | 8e-05       |
|    loss                 | -0.0762     |
|    n_updates            | 888         |
|    policy_gradient_loss | -0.0543     |
|    value_loss           | 0.0735      |
-----------------------------------------
-----------------------------------------
| actions/                |             |
|    buy_pct              | 28.8        |
|    close_pct            | 21.1        |
|    hold_pct             | 23.2        |
|    sell_pct             | 26.9        |
| time/                   |             |
|    fps                  | 1000        |
|    iterations           | 76          |
|    time_elapsed         | 77          |
|    total_timesteps      | 77824       |
| trading/                |             |
|    accuracy             | 51.5        |
|    avg_accuracy         | 53.9        |
|    avg_equity           | 9.85e+03    |
|    equity               | 1.09e+04    |
|    max_drawdown         | 28.8        |
|    max_equity           | 1.24e+04    |
|    profit_loss          | 935         |
|    return_pct           | 9.35        |
|    total_trades         | 14767       |
|    win_rate             | 53.3        |
| train/                  |             |
|    approx_kl            | 0.041485433 |
|    clip_fraction        | 0.179       |
|    clip_range           | 0.2         |
|    entropy_loss         | -0.511      |
|    explained_variance   | 0.771       |
|    learning_rate        | 8e-05       |
|    loss                 | -0.0658     |
|    n_updates            | 900         |
|    policy_gradient_loss | -0.0487     |
|    value_loss           | 0.143       |
-----------------------------------------
-----------------------------------------
| actions/                |             |
|    buy_pct              | 28.9        |
|    close_pct            | 21.1        |
|    hold_pct             | 23.1        |
|    sell_pct             | 26.9        |
| time/                   |             |
|    fps                  | 999         |
|    iterations           | 77          |
|    time_elapsed         | 78          |
|    total_timesteps      | 78848       |
| trading/                |             |
|    accuracy             | 50.5        |
|    avg_accuracy         | 53.9        |
|    avg_equity           | 9.87e+03    |
|    equity               | 1.13e+04    |
|    max_drawdown         | 28.8        |
|    max_equity           | 1.24e+04    |
|    profit_loss          | 1.34e+03    |
|    return_pct           | 13.4        |
|    total_trades         | 15130       |
|    win_rate             | 53.4        |
| train/                  |             |
|    approx_kl            | 0.056489732 |
|    clip_fraction        | 0.235       |
|    clip_range           | 0.2         |
|    entropy_loss         | -0.575      |
|    explained_variance   | 0.179       |
|    learning_rate        | 8e-05       |
|    loss                 | -0.075      |
|    n_updates            | 912         |
|    policy_gradient_loss | -0.0626     |
|    value_loss           | 0.133       |
-----------------------------------------
-----------------------------------------
| actions/                |             |
|    buy_pct              | 29          |
|    close_pct            | 21.1        |
|    hold_pct             | 23          |
|    sell_pct             | 26.9        |
| time/                   |             |
|    fps                  | 997         |
|    iterations           | 78          |
|    time_elapsed         | 80          |
|    total_timesteps      | 79872       |
| trading/                |             |
|    accuracy             | 51.1        |
|    avg_accuracy         | 53.8        |
|    avg_equity           | 9.89e+03    |
|    equity               | 1.18e+04    |
|    max_drawdown         | 28.8        |
|    max_equity           | 1.24e+04    |
|    profit_loss          | 1.84e+03    |
|    return_pct           | 18.4        |
|    total_trades         | 15624       |
|    win_rate             | 53.5        |
| train/                  |             |
|    approx_kl            | 0.045056228 |
|    clip_fraction        | 0.211       |
|    clip_range           | 0.2         |
|    entropy_loss         | -0.534      |
|    explained_variance   | 0.178       |
|    learning_rate        | 8e-05       |
|    loss                 | -0.0617     |
|    n_updates            | 924         |
|    policy_gradient_loss | -0.0536     |
|    value_loss           | 0.139       |
-----------------------------------------
-----------------------------------------
| actions/                |             |
|    buy_pct              | 29.1        |
|    close_pct            | 21          |
|    hold_pct             | 23          |
|    sell_pct             | 26.9        |
| time/                   |             |
|    fps                  | 997         |
|    iterations           | 79          |
|    time_elapsed         | 81          |
|    total_timesteps      | 80896       |
| trading/                |             |
|    accuracy             | 52.1        |
|    avg_accuracy         | 53.8        |
|    avg_equity           | 9.93e+03    |
|    equity               | 1.31e+04    |
|    max_drawdown         | 28.8        |
|    max_equity           | 1.31e+04    |
|    profit_loss          | 3.11e+03    |
|    return_pct           | 31.1        |
|    total_trades         | 16255       |
|    win_rate             | 53.7        |
| train/                  |             |
|    approx_kl            | 0.047305893 |
|    clip_fraction        | 0.208       |
|    clip_range           | 0.2         |
|    entropy_loss         | -0.543      |
|    explained_variance   | 0.334       |
|    learning_rate        | 8e-05       |
|    loss                 | -0.0757     |
|    n_updates            | 936         |
|    policy_gradient_loss | -0.0531     |
|    value_loss           | 0.0882      |
-----------------------------------------
-----------------------------------------
| actions/                |             |
|    buy_pct              | 29          |
|    close_pct            | 21          |
|    hold_pct             | 23.1        |
|    sell_pct             | 26.9        |
| time/                   |             |
|    fps                  | 998         |
|    iterations           | 80          |
|    time_elapsed         | 82          |
|    total_timesteps      | 81920       |
| trading/                |             |
|    accuracy             | 63.2        |
|    avg_accuracy         | 53.9        |
|    avg_equity           | 9.95e+03    |
|    equity               | 1.13e+04    |
|    max_drawdown         | 28.8        |
|    max_equity           | 1.31e+04    |
|    profit_loss          | 1.25e+03    |
|    return_pct           | 12.5        |
|    total_trades         | 16360       |
|    win_rate             | 53.8        |
| train/                  |             |
|    approx_kl            | 0.042995274 |
|    clip_fraction        | 0.176       |
|    clip_range           | 0.2         |
|    entropy_loss         | -0.461      |
|    explained_variance   | 0.878       |
|    learning_rate        | 8e-05       |
|    loss                 | -0.0659     |
|    n_updates            | 948         |
|    policy_gradient_loss | -0.0442     |
|    value_loss           | 0.0715      |
-----------------------------------------
-----------------------------------------
| actions/                |             |
|    buy_pct              | 29          |
|    close_pct            | 21          |
|    hold_pct             | 23.2        |
|    sell_pct             | 26.8        |
| time/                   |             |
|    fps                  | 999         |
|    iterations           | 81          |
|    time_elapsed         | 83          |
|    total_timesteps      | 82944       |
| trading/                |             |
|    accuracy             | 69.2        |
|    avg_accuracy         | 54.1        |
|    avg_equity           | 9.96e+03    |
|    equity               | 1.12e+04    |
|    max_drawdown         | 28.8        |
|    max_equity           | 1.31e+04    |
|    profit_loss          | 1.18e+03    |
|    return_pct           | 11.8        |
|    total_trades         | 16463       |
|    win_rate             | 53.9        |
| train/                  |             |
|    approx_kl            | 0.056174174 |
|    clip_fraction        | 0.197       |
|    clip_range           | 0.2         |
|    entropy_loss         | -0.444      |
|    explained_variance   | 0.895       |
|    learning_rate        | 8e-05       |
|    loss                 | -0.0799     |
|    n_updates            | 960         |
|    policy_gradient_loss | -0.0482     |
|    value_loss           | 0.0349      |
-----------------------------------------
----------------------------------------
| actions/                |            |
|    buy_pct              | 29         |
|    close_pct            | 21         |
|    hold_pct             | 23.3       |
|    sell_pct             | 26.8       |
| time/                   |            |
|    fps                  | 998        |
|    iterations           | 82         |
|    time_elapsed         | 84         |
|    total_timesteps      | 83968      |
| trading/                |            |
|    accuracy             | 63.8       |
|    avg_accuracy         | 54.2       |
|    avg_equity           | 9.98e+03   |
|    equity               | 1.12e+04   |
|    max_drawdown         | 28.8       |
|    max_equity           | 1.31e+04   |
|    profit_loss          | 1.22e+03   |
|    return_pct           | 12.2       |
|    total_trades         | 16567      |
|    win_rate             | 54         |
| train/                  |            |
|    approx_kl            | 0.03962171 |
|    clip_fraction        | 0.177      |
|    clip_range           | 0.2        |
|    entropy_loss         | -0.424     |
|    explained_variance   | 0.789      |
|    learning_rate        | 8e-05      |
|    loss                 | -0.0663    |
|    n_updates            | 972        |
|    policy_gradient_loss | -0.0445    |
|    value_loss           | 0.0526     |
----------------------------------------
----------------------------------------
| actions/                |            |
|    buy_pct              | 29         |
|    close_pct            | 20.9       |
|    hold_pct             | 23.3       |
|    sell_pct             | 26.7       |
| time/                   |            |
|    fps                  | 996        |
|    iterations           | 83         |
|    time_elapsed         | 85         |
|    total_timesteps      | 84992      |
| trading/                |            |
|    accuracy             | 65         |
|    avg_accuracy         | 54.4       |
|    avg_equity           | 1e+04      |
|    equity               | 1.16e+04   |
|    max_drawdown         | 28.8       |
|    max_equity           | 1.31e+04   |
|    profit_loss          | 1.65e+03   |
|    return_pct           | 16.5       |
|    total_trades         | 16690      |
|    win_rate             | 54.1       |
| train/                  |            |
|    approx_kl            | 0.04527998 |
|    clip_fraction        | 0.194      |
|    clip_range           | 0.2        |
|    entropy_loss         | -0.424     |
|    explained_variance   | 0.842      |
|    learning_rate        | 8e-05      |
|    loss                 | -0.0583    |
|    n_updates            | 984        |
|    policy_gradient_loss | -0.0438    |
|    value_loss           | 0.0531     |
----------------------------------------
-----------------------------------------
| actions/                |             |
|    buy_pct              | 28.9        |
|    close_pct            | 20.9        |
|    hold_pct             | 23.5        |
|    sell_pct             | 26.7        |
| time/                   |             |
|    fps                  | 997         |
|    iterations           | 84          |
|    time_elapsed         | 86          |
|    total_timesteps      | 86016       |
| trading/                |             |
|    accuracy             | 58.7        |
|    avg_accuracy         | 54.4        |
|    avg_equity           | 1e+04       |
|    equity               | 1.05e+04    |
|    max_drawdown         | 28.8        |
|    max_equity           | 1.31e+04    |
|    profit_loss          | 532         |
|    return_pct           | 5.32        |
|    total_trades         | 16735       |
|    win_rate             | 54.2        |
| train/                  |             |
|    approx_kl            | 0.048643928 |
|    clip_fraction        | 0.177       |
|    clip_range           | 0.2         |
|    entropy_loss         | -0.4        |
|    explained_variance   | 0.817       |
|    learning_rate        | 8e-05       |
|    loss                 | -0.0747     |
|    n_updates            | 996         |
|    policy_gradient_loss | -0.0458     |
|    value_loss           | 0.0636      |
-----------------------------------------
-----------------------------------------
| actions/                |             |
|    buy_pct              | 29          |
|    close_pct            | 20.9        |
|    hold_pct             | 23.5        |
|    sell_pct             | 26.7        |
| time/                   |             |
|    fps                  | 999         |
|    iterations           | 85          |
|    time_elapsed         | 87          |
|    total_timesteps      | 87040       |
| trading/                |             |
|    accuracy             | 63.4        |
|    avg_accuracy         | 54.5        |
|    avg_equity           | 1e+04       |
|    equity               | 1.16e+04    |
|    max_drawdown         | 28.8        |
|    max_equity           | 1.31e+04    |
|    profit_loss          | 1.6e+03     |
|    return_pct           | 16          |
|    total_trades         | 16858       |
|    win_rate             | 54.3        |
| train/                  |             |
|    approx_kl            | 0.053939234 |
|    clip_fraction        | 0.187       |
|    clip_range           | 0.2         |
|    entropy_loss         | -0.409      |
|    explained_variance   | 0.881       |
|    learning_rate        | 8e-05       |
|    loss                 | -0.0416     |
|    n_updates            | 1008        |
|    policy_gradient_loss | -0.0379     |
|    value_loss           | 0.0394      |
-----------------------------------------
----------------------------------------
| actions/                |            |
|    buy_pct              | 29         |
|    close_pct            | 20.8       |
|    hold_pct             | 23.6       |
|    sell_pct             | 26.7       |
| time/                   |            |
|    fps                  | 1000       |
|    iterations           | 86         |
|    time_elapsed         | 87         |
|    total_timesteps      | 88064      |
| trading/                |            |
|    accuracy             | 64.8       |
|    avg_accuracy         | 54.7       |
|    avg_equity           | 1e+04      |
|    equity               | 1.09e+04   |
|    max_drawdown         | 28.8       |
|    max_equity           | 1.31e+04   |
|    profit_loss          | 858        |
|    return_pct           | 8.58       |
|    total_trades         | 16929      |
|    win_rate             | 54.4       |
| train/                  |            |
|    approx_kl            | 0.05714316 |
|    clip_fraction        | 0.189      |
|    clip_range           | 0.2        |
|    entropy_loss         | -0.422     |
|    explained_variance   | 0.892      |
|    learning_rate        | 8e-05      |
|    loss                 | -0.0653    |
|    n_updates            | 1020       |
|    policy_gradient_loss | -0.0499    |
|    value_loss           | 0.0734     |
----------------------------------------
-----------------------------------------
| actions/                |             |
|    buy_pct              | 28.9        |
|    close_pct            | 20.8        |
|    hold_pct             | 23.7        |
|    sell_pct             | 26.6        |
| time/                   |             |
|    fps                  | 1001        |
|    iterations           | 87          |
|    time_elapsed         | 88          |
|    total_timesteps      | 89088       |
| trading/                |             |
|    accuracy             | 62.5        |
|    avg_accuracy         | 54.7        |
|    avg_equity           | 1e+04       |
|    equity               | 1.01e+04    |
|    max_drawdown         | 28.8        |
|    max_equity           | 1.31e+04    |
|    profit_loss          | 80.2        |
|    return_pct           | 0.802       |
|    total_trades         | 16937       |
|    win_rate             | 54.4        |
| train/                  |             |
|    approx_kl            | 0.041449904 |
|    clip_fraction        | 0.164       |
|    clip_range           | 0.2         |
|    entropy_loss         | -0.388      |
|    explained_variance   | 0.896       |
|    learning_rate        | 8e-05       |
|    loss                 | -0.064      |
|    n_updates            | 1032        |
|    policy_gradient_loss | -0.0411     |
|    value_loss           | 0.0526      |
-----------------------------------------
----------------------------------------
| actions/                |            |
|    buy_pct              | 28.8       |
|    close_pct            | 20.8       |
|    hold_pct             | 23.8       |
|    sell_pct             | 26.6       |
| time/                   |            |
|    fps                  | 1000       |
|    iterations           | 88         |
|    time_elapsed         | 90         |
|    total_timesteps      | 90112      |
| trading/                |            |
|    accuracy             | 65.1       |
|    avg_accuracy         | 54.9       |
|    avg_equity           | 1e+04      |
|    equity               | 1.12e+04   |
|    max_drawdown         | 28.8       |
|    max_equity           | 1.31e+04   |
|    profit_loss          | 1.25e+03   |
|    return_pct           | 12.5       |
|    total_trades         | 17019      |
|    win_rate             | 54.5       |
| train/                  |            |
|    approx_kl            | 0.05341091 |
|    clip_fraction        | 0.174      |
|    clip_range           | 0.2        |
|    entropy_loss         | -0.408     |
|    explained_variance   | 0.8        |
|    learning_rate        | 8e-05      |
|    loss                 | -0.0621    |
|    n_updates            | 1044       |
|    policy_gradient_loss | -0.0425    |
|    value_loss           | 0.0392     |
----------------------------------------
-----------------------------------------
| actions/                |             |
|    buy_pct              | 28.9        |
|    close_pct            | 20.8        |
|    hold_pct             | 23.9        |
|    sell_pct             | 26.5        |
| time/                   |             |
|    fps                  | 997         |
|    iterations           | 89          |
|    time_elapsed         | 91          |
|    total_timesteps      | 91136       |
| trading/                |             |
|    accuracy             | 59.7        |
|    avg_accuracy         | 54.9        |
|    avg_equity           | 1.01e+04    |
|    equity               | 1.1e+04     |
|    max_drawdown         | 28.8        |
|    max_equity           | 1.31e+04    |
|    profit_loss          | 1.02e+03    |
|    return_pct           | 10.2        |
|    total_trades         | 17086       |
|    win_rate             | 54.5        |
| train/                  |             |
|    approx_kl            | 0.044637278 |
|    clip_fraction        | 0.159       |
|    clip_range           | 0.2         |
|    entropy_loss         | -0.365      |
|    explained_variance   | 0.86        |
|    learning_rate        | 8e-05       |
|    loss                 | -0.0635     |
|    n_updates            | 1056        |
|    policy_gradient_loss | -0.0391     |
|    value_loss           | 0.0405      |
-----------------------------------------
-----------------------------------------
| actions/                |             |
|    buy_pct              | 28.8        |
|    close_pct            | 20.7        |
|    hold_pct             | 24          |
|    sell_pct             | 26.4        |
| time/                   |             |
|    fps                  | 998         |
|    iterations           | 90          |
|    time_elapsed         | 92          |
|    total_timesteps      | 92160       |
| trading/                |             |
|    accuracy             | 59.3        |
|    avg_accuracy         | 55          |
|    avg_equity           | 1.01e+04    |
|    equity               | 1.04e+04    |
|    max_drawdown         | 28.8        |
|    max_equity           | 1.31e+04    |
|    profit_loss          | 440         |
|    return_pct           | 4.4         |
|    total_trades         | 17112       |
|    win_rate             | 54.6        |
| train/                  |             |
|    approx_kl            | 0.041525476 |
|    clip_fraction        | 0.166       |
|    clip_range           | 0.2         |
|    entropy_loss         | -0.38       |
|    explained_variance   | 0.915       |
|    learning_rate        | 8e-05       |
|    loss                 | -0.0576     |
|    n_updates            | 1068        |
|    policy_gradient_loss | -0.04       |
|    value_loss           | 0.0617      |
-----------------------------------------
-----------------------------------------
| actions/                |             |
|    buy_pct              | 28.7        |
|    close_pct            | 20.7        |
|    hold_pct             | 24.1        |
|    sell_pct             | 26.4        |
| time/                   |             |
|    fps                  | 999         |
|    iterations           | 91          |
|    time_elapsed         | 93          |
|    total_timesteps      | 93184       |
| trading/                |             |
|    accuracy             | 60.6        |
|    avg_accuracy         | 55          |
|    avg_equity           | 1.01e+04    |
|    equity               | 1.17e+04    |
|    max_drawdown         | 28.8        |
|    max_equity           | 1.31e+04    |
|    profit_loss          | 1.71e+03    |
|    return_pct           | 17.1        |
|    total_trades         | 17215       |
|    win_rate             | 54.7        |
| train/                  |             |
|    approx_kl            | 0.032424152 |
|    clip_fraction        | 0.157       |
|    clip_range           | 0.2         |
|    entropy_loss         | -0.39       |
|    explained_variance   | 0.848       |
|    learning_rate        | 8e-05       |
|    loss                 | -0.0549     |
|    n_updates            | 1080        |
|    policy_gradient_loss | -0.0365     |
|    value_loss           | 0.0392      |
-----------------------------------------
---------------------------------------
| actions/                |           |
|    buy_pct              | 28.8      |
|    close_pct            | 20.7      |
|    hold_pct             | 24.2      |
|    sell_pct             | 26.4      |
| time/                   |           |
|    fps                  | 1000      |
|    iterations           | 92        |
|    time_elapsed         | 94        |
|    total_timesteps      | 94208     |
| trading/                |           |
|    accuracy             | 62.3      |
|    avg_accuracy         | 55.1      |
|    avg_equity           | 1.01e+04  |
|    equity               | 1.18e+04  |
|    max_drawdown         | 28.8      |
|    max_equity           | 1.31e+04  |
|    profit_loss          | 1.79e+03  |
|    return_pct           | 17.9      |
|    total_trades         | 17320     |
|    win_rate             | 54.8      |
| train/                  |           |
|    approx_kl            | 0.0448461 |
|    clip_fraction        | 0.172     |
|    clip_range           | 0.2       |
|    entropy_loss         | -0.374    |
|    explained_variance   | 0.887     |
|    learning_rate        | 8e-05     |
|    loss                 | -0.0623   |
|    n_updates            | 1092      |
|    policy_gradient_loss | -0.0435   |
|    value_loss           | 0.027     |
---------------------------------------
----------------------------------------
| actions/                |            |
|    buy_pct              | 28.8       |
|    close_pct            | 20.6       |
|    hold_pct             | 24.3       |
|    sell_pct             | 26.3       |
| time/                   |            |
|    fps                  | 1000       |
|    iterations           | 93         |
|    time_elapsed         | 95         |
|    total_timesteps      | 95232      |
| trading/                |            |
|    accuracy             | 62.1       |
|    avg_accuracy         | 55.2       |
|    avg_equity           | 1.01e+04   |
|    equity               | 1.1e+04    |
|    max_drawdown         | 28.8       |
|    max_equity           | 1.31e+04   |
|    profit_loss          | 1.05e+03   |
|    return_pct           | 10.5       |
|    total_trades         | 17377      |
|    win_rate             | 54.9       |
| train/                  |            |
|    approx_kl            | 0.04875149 |
|    clip_fraction        | 0.169      |
|    clip_range           | 0.2        |
|    entropy_loss         | -0.381     |
|    explained_variance   | 0.938      |
|    learning_rate        | 8e-05      |
|    loss                 | -0.0682    |
|    n_updates            | 1104       |
|    policy_gradient_loss | -0.0437    |
|    value_loss           | 0.0815     |
----------------------------------------
-----------------------------------------
| actions/                |             |
|    buy_pct              | 28.7        |
|    close_pct            | 20.6        |
|    hold_pct             | 24.4        |
|    sell_pct             | 26.3        |
| time/                   |             |
|    fps                  | 995         |
|    iterations           | 94          |
|    time_elapsed         | 96          |
|    total_timesteps      | 96256       |
| trading/                |             |
|    accuracy             | 62.4        |
|    avg_accuracy         | 55.3        |
|    avg_equity           | 1.01e+04    |
|    equity               | 1.19e+04    |
|    max_drawdown         | 28.8        |
|    max_equity           | 1.31e+04    |
|    profit_loss          | 1.91e+03    |
|    return_pct           | 19.1        |
|    total_trades         | 17485       |
|    win_rate             | 55          |
| train/                  |             |
|    approx_kl            | 0.040724117 |
|    clip_fraction        | 0.13        |
|    clip_range           | 0.2         |
|    entropy_loss         | -0.329      |
|    explained_variance   | 0.849       |
|    learning_rate        | 8e-05       |
|    loss                 | -0.039      |
|    n_updates            | 1116        |
|    policy_gradient_loss | -0.0327     |
|    value_loss           | 0.0444      |
-----------------------------------------
-----------------------------------------
| actions/                |             |
|    buy_pct              | 28.7        |
|    close_pct            | 20.5        |
|    hold_pct             | 24.5        |
|    sell_pct             | 26.3        |
| time/                   |             |
|    fps                  | 996         |
|    iterations           | 95          |
|    time_elapsed         | 97          |
|    total_timesteps      | 97280       |
| trading/                |             |
|    accuracy             | 63.6        |
|    avg_accuracy         | 55.3        |
|    avg_equity           | 1.01e+04    |
|    equity               | 1.2e+04     |
|    max_drawdown         | 28.8        |
|    max_equity           | 1.31e+04    |
|    profit_loss          | 2e+03       |
|    return_pct           | 20          |
|    total_trades         | 17603       |
|    win_rate             | 55.2        |
| train/                  |             |
|    approx_kl            | 0.043699436 |
|    clip_fraction        | 0.163       |
|    clip_range           | 0.2         |
|    entropy_loss         | -0.357      |
|    explained_variance   | 0.862       |
|    learning_rate        | 8e-05       |
|    loss                 | -0.0416     |
|    n_updates            | 1128        |
|    policy_gradient_loss | -0.0413     |
|    value_loss           | 0.0475      |
-----------------------------------------
----------------------------------------
| actions/                |            |
|    buy_pct              | 28.7       |
|    close_pct            | 20.6       |
|    hold_pct             | 24.4       |
|    sell_pct             | 26.3       |
| time/                   |            |
|    fps                  | 997        |
|    iterations           | 96         |
|    time_elapsed         | 98         |
|    total_timesteps      | 98304      |
| trading/                |            |
|    accuracy             | 45.8       |
|    avg_accuracy         | 55.2       |
|    avg_equity           | 1.01e+04   |
|    equity               | 8.87e+03   |
|    max_drawdown         | 28.8       |
|    max_equity           | 1.31e+04   |
|    profit_loss          | -1.13e+03  |
|    return_pct           | -11.3      |
|    total_trades         | 17723      |
|    win_rate             | 55.1       |
| train/                  |            |
|    approx_kl            | 0.03644146 |
|    clip_fraction        | 0.124      |
|    clip_range           | 0.2        |
|    entropy_loss         | -0.304     |
|    explained_variance   | 0.918      |
|    learning_rate        | 8e-05      |
|    loss                 | -0.0519    |
|    n_updates            | 1140       |
|    policy_gradient_loss | -0.0325    |
|    value_loss           | 0.0473     |
----------------------------------------
-----------------------------------------
| actions/                |             |
|    buy_pct              | 28.8        |
|    close_pct            | 20.7        |
|    hold_pct             | 24.3        |
|    sell_pct             | 26.2        |
| time/                   |             |
|    fps                  | 996         |
|    iterations           | 97          |
|    time_elapsed         | 99          |
|    total_timesteps      | 99328       |
| trading/                |             |
|    accuracy             | 48.2        |
|    avg_accuracy         | 55.2        |
|    avg_equity           | 1.01e+04    |
|    equity               | 9.92e+03    |
|    max_drawdown         | 28.8        |
|    max_equity           | 1.31e+04    |
|    profit_loss          | -81.8       |
|    return_pct           | -0.818      |
|    total_trades         | 18033       |
|    win_rate             | 55.1        |
| train/                  |             |
|    approx_kl            | 0.040448748 |
|    clip_fraction        | 0.186       |
|    clip_range           | 0.2         |
|    entropy_loss         | -0.466      |
|    explained_variance   | 0.84        |
|    learning_rate        | 8e-05       |
|    loss                 | -0.0459     |
|    n_updates            | 1152        |
|    policy_gradient_loss | -0.0516     |
|    value_loss           | 0.368       |
-----------------------------------------
----------------------------------------
| actions/                |            |
|    buy_pct              | 28.9       |
|    close_pct            | 20.8       |
|    hold_pct             | 24.2       |
|    sell_pct             | 26.2       |
| time/                   |            |
|    fps                  | 997        |
|    iterations           | 98         |
|    time_elapsed         | 100        |
|    total_timesteps      | 100352     |
| trading/                |            |
|    accuracy             | 51.1       |
|    avg_accuracy         | 55.1       |
|    avg_equity           | 1.01e+04   |
|    equity               | 1.01e+04   |
|    max_drawdown         | 28.8       |
|    max_equity           | 1.31e+04   |
|    profit_loss          | 132        |
|    return_pct           | 1.32       |
|    total_trades         | 18521      |
|    win_rate             | 55.1       |
| train/                  |            |
|    approx_kl            | 0.03882532 |
|    clip_fraction        | 0.19       |
|    clip_range           | 0.2        |
|    entropy_loss         | -0.461     |
|    explained_variance   | 0.242      |
|    learning_rate        | 8e-05      |
|    loss                 | -0.029     |
|    n_updates            | 1164       |
|    policy_gradient_loss | -0.0495    |
|    value_loss           | 0.315      |
----------------------------------------
----------------------------------------
| actions/                |            |
|    buy_pct              | 29         |
|    close_pct            | 20.8       |
|    hold_pct             | 24.1       |
|    sell_pct             | 26.1       |
| time/                   |            |
|    fps                  | 998        |
|    iterations           | 99         |
|    time_elapsed         | 101        |
|    total_timesteps      | 101376     |
| trading/                |            |
|    accuracy             | 51.2       |
|    avg_accuracy         | 55.1       |
|    avg_equity           | 1.01e+04   |
|    equity               | 1.1e+04    |
|    max_drawdown         | 28.8       |
|    max_equity           | 1.31e+04   |
|    profit_loss          | 1.05e+03   |
|    return_pct           | 10.5       |
|    total_trades         | 19145      |
|    win_rate             | 55.2       |
| train/                  |            |
|    approx_kl            | 0.04528229 |
|    clip_fraction        | 0.202      |
|    clip_range           | 0.2        |
|    entropy_loss         | -0.443     |
|    explained_variance   | -0.195     |
|    learning_rate        | 8e-05      |
|    loss                 | -0.0479    |
|    n_updates            | 1176       |
|    policy_gradient_loss | -0.048     |
|    value_loss           | 0.206      |
----------------------------------------
----------------------------------------
| actions/                |            |
|    buy_pct              | 29.1       |
|    close_pct            | 20.8       |
|    hold_pct             | 24         |
|    sell_pct             | 26.1       |
| time/                   |            |
|    fps                  | 1000       |
|    iterations           | 100        |
|    time_elapsed         | 102        |
|    total_timesteps      | 102400     |
| trading/                |            |
|    accuracy             | 54         |
|    avg_accuracy         | 55.1       |
|    avg_equity           | 1.02e+04   |
|    equity               | 1.29e+04   |
|    max_drawdown         | 28.8       |
|    max_equity           | 1.31e+04   |
|    profit_loss          | 2.93e+03   |
|    return_pct           | 29.3       |
|    total_trades         | 19898      |
|    win_rate             | 55.4       |
| train/                  |            |
|    approx_kl            | 0.04511532 |
|    clip_fraction        | 0.205      |
|    clip_range           | 0.2        |
|    entropy_loss         | -0.429     |
|    explained_variance   | -0.00899   |
|    learning_rate        | 8e-05      |
|    loss                 | -0.0673    |
|    n_updates            | 1188       |
|    policy_gradient_loss | -0.0517    |
|    value_loss           | 0.182      |
----------------------------------------
-----------------------------------------
| actions/                |             |
|    buy_pct              | 29          |
|    close_pct            | 20.7        |
|    hold_pct             | 24.1        |
|    sell_pct             | 26.1        |
| time/                   |             |
|    fps                  | 1002        |
|    iterations           | 101         |
|    time_elapsed         | 103         |
|    total_timesteps      | 103424      |
| trading/                |             |
|    accuracy             | 63.2        |
|    avg_accuracy         | 55.2        |
|    avg_equity           | 1.02e+04    |
|    equity               | 1.05e+04    |
|    max_drawdown         | 28.8        |
|    max_equity           | 1.31e+04    |
|    profit_loss          | 486         |
|    return_pct           | 4.86        |
|    total_trades         | 19770       |
|    win_rate             | 55.5        |
| train/                  |             |
|    approx_kl            | 0.033791006 |
|    clip_fraction        | 0.148       |
|    clip_range           | 0.2         |
|    entropy_loss         | -0.379      |
|    explained_variance   | 0.925       |
|    learning_rate        | 8e-05       |
|    loss                 | -0.05       |
|    n_updates            | 1200        |
|    policy_gradient_loss | -0.0359     |
|    value_loss           | 0.158       |
-----------------------------------------
-----------------------------------------
| actions/                |             |
|    buy_pct              | 29          |
|    close_pct            | 20.7        |
|    hold_pct             | 24.2        |
|    sell_pct             | 26.1        |
| time/                   |             |
|    fps                  | 1003        |
|    iterations           | 102         |
|    time_elapsed         | 104         |
|    total_timesteps      | 104448      |
| trading/                |             |
|    accuracy             | 59.1        |
|    avg_accuracy         | 55.2        |
|    avg_equity           | 1.02e+04    |
|    equity               | 1.02e+04    |
|    max_drawdown         | 28.8        |
|    max_equity           | 1.31e+04    |
|    profit_loss          | 224         |
|    return_pct           | 2.24        |
|    total_trades         | 19703       |
|    win_rate             | 55.5        |
| train/                  |             |
|    approx_kl            | 0.048150875 |
|    clip_fraction        | 0.144       |
|    clip_range           | 0.2         |
|    entropy_loss         | -0.33       |
|    explained_variance   | 0.398       |
|    learning_rate        | 8e-05       |
|    loss                 | -0.0533     |
|    n_updates            | 1212        |
|    policy_gradient_loss | -0.0351     |
|    value_loss           | 0.0778      |
-----------------------------------------
-----------------------------------------
| actions/                |             |
|    buy_pct              | 29          |
|    close_pct            | 20.7        |
|    hold_pct             | 24.3        |
|    sell_pct             | 26.1        |
| time/                   |             |
|    fps                  | 1003        |
|    iterations           | 103         |
|    time_elapsed         | 105         |
|    total_timesteps      | 105472      |
| trading/                |             |
|    accuracy             | 64.6        |
|    avg_accuracy         | 55.3        |
|    avg_equity           | 1.02e+04    |
|    equity               | 1.22e+04    |
|    max_drawdown         | 28.8        |
|    max_equity           | 1.31e+04    |
|    profit_loss          | 2.17e+03    |
|    return_pct           | 21.7        |
|    total_trades         | 19792       |
|    win_rate             | 55.7        |
| train/                  |             |
|    approx_kl            | 0.058455613 |
|    clip_fraction        | 0.174       |
|    clip_range           | 0.2         |
|    entropy_loss         | -0.355      |
|    explained_variance   | 0.968       |
|    learning_rate        | 8e-05       |
|    loss                 | -0.0529     |
|    n_updates            | 1224        |
|    policy_gradient_loss | -0.0396     |
|    value_loss           | 0.0459      |
-----------------------------------------
-----------------------------------------
| actions/                |             |
|    buy_pct              | 28.9        |
|    close_pct            | 20.6        |
|    hold_pct             | 24.3        |
|    sell_pct             | 26.1        |
| time/                   |             |
|    fps                  | 1004        |
|    iterations           | 104         |
|    time_elapsed         | 106         |
|    total_timesteps      | 106496      |
| trading/                |             |
|    accuracy             | 63.3        |
|    avg_accuracy         | 55.5        |
|    avg_equity           | 1.02e+04    |
|    equity               | 1.14e+04    |
|    max_drawdown         | 28.8        |
|    max_equity           | 1.31e+04    |
|    profit_loss          | 1.44e+03    |
|    return_pct           | 14.4        |
|    total_trades         | 19815       |
|    win_rate             | 55.8        |
| train/                  |             |
|    approx_kl            | 0.057563327 |
|    clip_fraction        | 0.16        |
|    clip_range           | 0.2         |
|    entropy_loss         | -0.317      |
|    explained_variance   | 0.832       |
|    learning_rate        | 8e-05       |
|    loss                 | -0.048      |
|    n_updates            | 1236        |
|    policy_gradient_loss | -0.0347     |
|    value_loss           | 0.0608      |
-----------------------------------------
-----------------------------------------
| actions/                |             |
|    buy_pct              | 28.9        |
|    close_pct            | 20.6        |
|    hold_pct             | 24.4        |
|    sell_pct             | 26.1        |
| time/                   |             |
|    fps                  | 1005        |
|    iterations           | 105         |
|    time_elapsed         | 106         |
|    total_timesteps      | 107520      |
| trading/                |             |
|    accuracy             | 65.6        |
|    avg_accuracy         | 55.6        |
|    avg_equity           | 1.03e+04    |
|    equity               | 1.11e+04    |
|    max_drawdown         | 28.8        |
|    max_equity           | 1.31e+04    |
|    profit_loss          | 1.1e+03     |
|    return_pct           | 11          |
|    total_trades         | 19654       |
|    win_rate             | 56          |
| train/                  |             |
|    approx_kl            | 0.038345966 |
|    clip_fraction        | 0.135       |
|    clip_range           | 0.2         |
|    entropy_loss         | -0.304      |
|    explained_variance   | 0.859       |
|    learning_rate        | 8e-05       |
|    loss                 | -0.0487     |
|    n_updates            | 1248        |
|    policy_gradient_loss | -0.0288     |
|    value_loss           | 0.0551      |
-----------------------------------------
-----------------------------------------
| actions/                |             |
|    buy_pct              | 28.9        |
|    close_pct            | 20.6        |
|    hold_pct             | 24.5        |
|    sell_pct             | 26.1        |
| time/                   |             |
|    fps                  | 1005        |
|    iterations           | 106         |
|    time_elapsed         | 107         |
|    total_timesteps      | 108544      |
| trading/                |             |
|    accuracy             | 64.1        |
|    avg_accuracy         | 55.9        |
|    avg_equity           | 1.03e+04    |
|    equity               | 1.08e+04    |
|    max_drawdown         | 28.8        |
|    max_equity           | 1.31e+04    |
|    profit_loss          | 835         |
|    return_pct           | 8.35        |
|    total_trades         | 19713       |
|    win_rate             | 56.1        |
| train/                  |             |
|    approx_kl            | 0.044889085 |
|    clip_fraction        | 0.137       |
|    clip_range           | 0.2         |
|    entropy_loss         | -0.308      |
|    explained_variance   | 0.888       |
|    learning_rate        | 8e-05       |
|    loss                 | -0.0482     |
|    n_updates            | 1260        |
|    policy_gradient_loss | -0.031      |
|    value_loss           | 0.0396      |
-----------------------------------------
-----------------------------------------
| actions/                |             |
|    buy_pct              | 28.9        |
|    close_pct            | 20.7        |
|    hold_pct             | 24.4        |
|    sell_pct             | 26.1        |
| time/                   |             |
|    fps                  | 1005        |
|    iterations           | 107         |
|    time_elapsed         | 108         |
|    total_timesteps      | 109568      |
| trading/                |             |
|    accuracy             | 46.3        |
|    avg_accuracy         | 55.9        |
|    avg_equity           | 1.03e+04    |
|    equity               | 9.81e+03    |
|    max_drawdown         | 28.8        |
|    max_equity           | 1.31e+04    |
|    profit_loss          | -186        |
|    return_pct           | -1.86       |
|    total_trades         | 19691       |
|    win_rate             | 56.2        |
| train/                  |             |
|    approx_kl            | 0.048045892 |
|    clip_fraction        | 0.17        |
|    clip_range           | 0.2         |
|    entropy_loss         | -0.369      |
|    explained_variance   | 0.775       |
|    learning_rate        | 8e-05       |
|    loss                 | -0.0526     |
|    n_updates            | 1272        |
|    policy_gradient_loss | -0.038      |
|    value_loss           | 0.0328      |
-----------------------------------------
----------------------------------------
| actions/                |            |
|    buy_pct              | 29         |
|    close_pct            | 20.8       |
|    hold_pct             | 24.3       |
|    sell_pct             | 26         |
| time/                   |            |
|    fps                  | 1005       |
|    iterations           | 108        |
|    time_elapsed         | 109        |
|    total_timesteps      | 110592     |
| trading/                |            |
|    accuracy             | 48.2       |
|    avg_accuracy         | 55.9       |
|    avg_equity           | 1.03e+04   |
|    equity               | 1.02e+04   |
|    max_drawdown         | 28.8       |
|    max_equity           | 1.31e+04   |
|    profit_loss          | 153        |
|    return_pct           | 1.53       |
|    total_trades         | 19697      |
|    win_rate             | 56.3       |
| train/                  |            |
|    approx_kl            | 0.04579958 |
|    clip_fraction        | 0.189      |
|    clip_range           | 0.2        |
|    entropy_loss         | -0.426     |
|    explained_variance   | 0.576      |
|    learning_rate        | 8e-05      |
|    loss                 | -0.0593    |
|    n_updates            | 1284       |
|    policy_gradient_loss | -0.0465    |
|    value_loss           | 0.221      |
----------------------------------------
-----------------------------------------
| actions/                |             |
|    buy_pct              | 29          |
|    close_pct            | 20.9        |
|    hold_pct             | 24.2        |
|    sell_pct             | 25.9        |
| time/                   |             |
|    fps                  | 1005        |
|    iterations           | 109         |
|    time_elapsed         | 111         |
|    total_timesteps      | 111616      |
| trading/                |             |
|    accuracy             | 50          |
|    avg_accuracy         | 56          |
|    avg_equity           | 1.03e+04    |
|    equity               | 1.08e+04    |
|    max_drawdown         | 28.8        |
|    max_equity           | 1.31e+04    |
|    profit_loss          | 849         |
|    return_pct           | 8.49        |
|    total_trades         | 19724       |
|    win_rate             | 56.5        |
| train/                  |             |
|    approx_kl            | 0.057450365 |
|    clip_fraction        | 0.206       |
|    clip_range           | 0.2         |
|    entropy_loss         | -0.412      |
|    explained_variance   | 0.0911      |
|    learning_rate        | 8e-05       |
|    loss                 | -0.062      |
|    n_updates            | 1296        |
|    policy_gradient_loss | -0.0477     |
|    value_loss           | 0.125       |
-----------------------------------------
-----------------------------------------
| actions/                |             |
|    buy_pct              | 29.1        |
|    close_pct            | 20.9        |
|    hold_pct             | 24.1        |
|    sell_pct             | 25.9        |
| time/                   |             |
|    fps                  | 1006        |
|    iterations           | 110         |
|    time_elapsed         | 111         |
|    total_timesteps      | 112640      |
| trading/                |             |
|    accuracy             | 50.6        |
|    avg_accuracy         | 56          |
|    avg_equity           | 1.04e+04    |
|    equity               | 1.16e+04    |
|    max_drawdown         | 23.7        |
|    max_equity           | 1.31e+04    |
|    profit_loss          | 1.55e+03    |
|    return_pct           | 15.5        |
|    total_trades         | 19728       |
|    win_rate             | 56.8        |
| train/                  |             |
|    approx_kl            | 0.053848486 |
|    clip_fraction        | 0.199       |
|    clip_range           | 0.2         |
|    entropy_loss         | -0.399      |
|    explained_variance   | 0.4         |
|    learning_rate        | 8e-05       |
|    loss                 | -0.0732     |
|    n_updates            | 1308        |
|    policy_gradient_loss | -0.0492     |
|    value_loss           | 0.114       |
-----------------------------------------
-----------------------------------------
| actions/                |             |
|    buy_pct              | 29.1        |
|    close_pct            | 20.9        |
|    hold_pct             | 24.1        |
|    sell_pct             | 25.9        |
| time/                   |             |
|    fps                  | 1007        |
|    iterations           | 111         |
|    time_elapsed         | 112         |
|    total_timesteps      | 113664      |
| trading/                |             |
|    accuracy             | 51.6        |
|    avg_accuracy         | 56.2        |
|    avg_equity           | 1.04e+04    |
|    equity               | 1.31e+04    |
|    max_drawdown         | 23.7        |
|    max_equity           | 1.31e+04    |
|    profit_loss          | 3.12e+03    |
|    return_pct           | 31.2        |
|    total_trades         | 20454       |
|    win_rate             | 56.9        |
| train/                  |             |
|    approx_kl            | 0.052998934 |
|    clip_fraction        | 0.192       |
|    clip_range           | 0.2         |
|    entropy_loss         | -0.411      |
|    explained_variance   | -0.0226     |
|    learning_rate        | 8e-05       |
|    loss                 | -0.067      |
|    n_updates            | 1320        |
|    policy_gradient_loss | -0.0492     |
|    value_loss           | 0.127       |
-----------------------------------------
-----------------------------------------
| actions/                |             |
|    buy_pct              | 29.1        |
|    close_pct            | 20.8        |
|    hold_pct             | 24.2        |
|    sell_pct             | 26          |
| time/                   |             |
|    fps                  | 1007        |
|    iterations           | 112         |
|    time_elapsed         | 113         |
|    total_timesteps      | 114688      |
| trading/                |             |
|    accuracy             | 56.6        |
|    avg_accuracy         | 56.3        |
|    avg_equity           | 1.04e+04    |
|    equity               | 1.08e+04    |
|    max_drawdown         | 23.7        |
|    max_equity           | 1.31e+04    |
|    profit_loss          | 817         |
|    return_pct           | 8.17        |
|    total_trades         | 20521       |
|    win_rate             | 56.9        |
| train/                  |             |
|    approx_kl            | 0.040123917 |
|    clip_fraction        | 0.132       |
|    clip_range           | 0.2         |
|    entropy_loss         | -0.319      |
|    explained_variance   | 0.887       |
|    learning_rate        | 8e-05       |
|    loss                 | -0.0456     |
|    n_updates            | 1332        |
|    policy_gradient_loss | -0.0318     |
|    value_loss           | 0.113       |
-----------------------------------------
-----------------------------------------
| actions/                |             |
|    buy_pct              | 29          |
|    close_pct            | 20.8        |
|    hold_pct             | 24.2        |
|    sell_pct             | 26          |
| time/                   |             |
|    fps                  | 1008        |
|    iterations           | 113         |
|    time_elapsed         | 114         |
|    total_timesteps      | 115712      |
| trading/                |             |
|    accuracy             | 63.4        |
|    avg_accuracy         | 56.5        |
|    avg_equity           | 1.04e+04    |
|    equity               | 1.11e+04    |
|    max_drawdown         | 23.7        |
|    max_equity           | 1.31e+04    |
|    profit_loss          | 1.09e+03    |
|    return_pct           | 10.9        |
|    total_trades         | 20445       |
|    win_rate             | 57          |
| train/                  |             |
|    approx_kl            | 0.058117233 |
|    clip_fraction        | 0.176       |
|    clip_range           | 0.2         |
|    entropy_loss         | -0.353      |
|    explained_variance   | 0.563       |
|    learning_rate        | 8e-05       |
|    loss                 | -0.0555     |
|    n_updates            | 1344        |
|    policy_gradient_loss | -0.042      |
|    value_loss           | 0.084       |
-----------------------------------------
---------------------------------------
| actions/                |           |
|    buy_pct              | 28.9      |
|    close_pct            | 20.8      |
|    hold_pct             | 24.3      |
|    sell_pct             | 26        |
| time/                   |           |
|    fps                  | 1008      |
|    iterations           | 114       |
|    time_elapsed         | 115       |
|    total_timesteps      | 116736    |
| trading/                |           |
|    accuracy             | 58.5      |
|    avg_accuracy         | 56.5      |
|    avg_equity           | 1.04e+04  |
|    equity               | 1.03e+04  |
|    max_drawdown         | 23.7      |
|    max_equity           | 1.31e+04  |
|    profit_loss          | 319       |
|    return_pct           | 3.19      |
|    total_trades         | 20165     |
|    win_rate             | 57.2      |
| train/                  |           |
|    approx_kl            | 0.0474216 |
|    clip_fraction        | 0.16      |
|    clip_range           | 0.2       |
|    entropy_loss         | -0.324    |
|    explained_variance   | 0.836     |
|    learning_rate        | 8e-05     |
|    loss                 | -0.0536   |
|    n_updates            | 1356      |
|    policy_gradient_loss | -0.0369   |
|    value_loss           | 0.0284    |
---------------------------------------
-----------------------------------------
| actions/                |             |
|    buy_pct              | 28.9        |
|    close_pct            | 20.7        |
|    hold_pct             | 24.3        |
|    sell_pct             | 26.1        |
| time/                   |             |
|    fps                  | 1010        |
|    iterations           | 115         |
|    time_elapsed         | 116         |
|    total_timesteps      | 117760      |
| trading/                |             |
|    accuracy             | 61.1        |
|    avg_accuracy         | 56.6        |
|    avg_equity           | 1.05e+04    |
|    equity               | 1.11e+04    |
|    max_drawdown         | 20          |
|    max_equity           | 1.31e+04    |
|    profit_loss          | 1.05e+03    |
|    return_pct           | 10.5        |
|    total_trades         | 19746       |
|    win_rate             | 57.3        |
| train/                  |             |
|    approx_kl            | 0.051755365 |
|    clip_fraction        | 0.17        |
|    clip_range           | 0.2         |
|    entropy_loss         | -0.322      |
|    explained_variance   | 0.839       |
|    learning_rate        | 8e-05       |
|    loss                 | -0.0455     |
|    n_updates            | 1368        |
|    policy_gradient_loss | -0.0374     |
|    value_loss           | 0.0262      |
-----------------------------------------
----------------------------------------
| actions/                |            |
|    buy_pct              | 28.8       |
|    close_pct            | 20.7       |
|    hold_pct             | 24.4       |
|    sell_pct             | 26.1       |
| time/                   |            |
|    fps                  | 1012       |
|    iterations           | 116        |
|    time_elapsed         | 117        |
|    total_timesteps      | 118784     |
| trading/                |            |
|    accuracy             | 60         |
|    avg_accuracy         | 56.6       |
|    avg_equity           | 1.05e+04   |
|    equity               | 1.04e+04   |
|    max_drawdown         | 20         |
|    max_equity           | 1.31e+04   |
|    profit_loss          | 383        |
|    return_pct           | 3.83       |
|    total_trades         | 19682      |
|    win_rate             | 57.4       |
| train/                  |            |
|    approx_kl            | 0.04437395 |
|    clip_fraction        | 0.148      |
|    clip_range           | 0.2        |
|    entropy_loss         | -0.31      |
|    explained_variance   | 0.9        |
|    learning_rate        | 8e-05      |
|    loss                 | -0.0499    |
|    n_updates            | 1380       |
|    policy_gradient_loss | -0.0374    |
|    value_loss           | 0.0826     |
----------------------------------------
-----------------------------------------
| actions/                |             |
|    buy_pct              | 28.8        |
|    close_pct            | 20.7        |
|    hold_pct             | 24.5        |
|    sell_pct             | 26.1        |
| time/                   |             |
|    fps                  | 1013        |
|    iterations           | 117         |
|    time_elapsed         | 118         |
|    total_timesteps      | 119808      |
| trading/                |             |
|    accuracy             | 62.2        |
|    avg_accuracy         | 56.7        |
|    avg_equity           | 1.05e+04    |
|    equity               | 1.07e+04    |
|    max_drawdown         | 20          |
|    max_equity           | 1.31e+04    |
|    profit_loss          | 674         |
|    return_pct           | 6.74        |
|    total_trades         | 19576       |
|    win_rate             | 57.5        |
| train/                  |             |
|    approx_kl            | 0.049300026 |
|    clip_fraction        | 0.163       |
|    clip_range           | 0.2         |
|    entropy_loss         | -0.332      |
|    explained_variance   | 0.829       |
|    learning_rate        | 8e-05       |
|    loss                 | -0.0472     |
|    n_updates            | 1392        |
|    policy_gradient_loss | -0.0395     |
|    value_loss           | 0.0383      |
-----------------------------------------
-----------------------------------------
| actions/                |             |
|    buy_pct              | 28.7        |
|    close_pct            | 20.7        |
|    hold_pct             | 24.5        |
|    sell_pct             | 26.1        |
| time/                   |             |
|    fps                  | 1015        |
|    iterations           | 118         |
|    time_elapsed         | 119         |
|    total_timesteps      | 120832      |
| trading/                |             |
|    accuracy             | 61.4        |
|    avg_accuracy         | 56.9        |
|    avg_equity           | 1.05e+04    |
|    equity               | 1.12e+04    |
|    max_drawdown         | 20          |
|    max_equity           | 1.31e+04    |
|    profit_loss          | 1.16e+03    |
|    return_pct           | 11.6        |
|    total_trades         | 19645       |
|    win_rate             | 57.5        |
| train/                  |             |
|    approx_kl            | 0.047141194 |
|    clip_fraction        | 0.141       |
|    clip_range           | 0.2         |
|    entropy_loss         | -0.323      |
|    explained_variance   | 0.838       |
|    learning_rate        | 8e-05       |
|    loss                 | -0.0447     |
|    n_updates            | 1404        |
|    policy_gradient_loss | -0.0354     |
|    value_loss           | 0.0397      |
-----------------------------------------
 Saved model: /Users/unknowkubbrother/Coding/SmarfRobotTrader_Project/train/rl/models/ppo_trading.zip
 Saved vec:   /Users/unknowkubbrother/Coding/SmarfRobotTrader_Project/train/rl/models/vec_normalize.pkl
