time,open,high,low,close,delta_tick,delta_price,has_delta
2024-12-23 00:00:00,1.04257,1.04446,1.04241,1.04311,-6.0,0.0005399999999999849,1
2024-12-23 01:00:00,1.04316,1.04426,1.04303,1.04334,6.0,0.00022999999999995246,1
2024-12-23 02:00:00,1.04336,1.04365,1.04308,1.04318,-16.0,-0.00015999999999993797,1
2024-12-23 03:00:00,1.04318,1.0438,1.04268,1.04358,23.0,0.00039999999999995595,1
2024-12-23 04:00:00,1.04358,1.04429,1.0435699999999999,1.04405,-53.0,0.00046999999999997044,1
2024-12-23 05:00:00,1.04405,1.04425,1.04381,1.04392,-15.0,-0.00012999999999996348,1
2024-12-23 06:00:00,1.04392,1.04451,1.04386,1.04429,28.0,0.00036999999999998145,1
2024-12-23 07:00:00,1.0443,1.04442,1.04394,1.04401,-34.0,-0.00027999999999983594,1
2024-12-23 08:00:00,1.044,1.04421,1.04332,1.04339,-48.0,-0.0006200000000000649,1
2024-12-23 09:00:00,1.04343,1.04367,1.04111,1.04123,-17.0,-0.0021599999999999397,1
2024-12-23 10:00:00,1.04127,1.04187,1.04072,1.04178,76.0,0.0005499999999998284,1
2024-12-23 11:00:00,1.04178,1.04194,1.04072,1.04077,86.0,-0.0010099999999999554,1
2024-12-23 12:00:00,1.04076,1.04096,1.03867,1.039,-63.0,-0.0017700000000000493,1
2024-12-23 13:00:00,1.03897,1.0401,1.03873,1.03999,42.0,0.0009900000000000464,1
2024-12-23 14:00:00,1.03999,1.04013,1.03856,1.03954,-35.0,-0.00045000000000006146,1
2024-12-23 15:00:00,1.03952,1.04027,1.03882,1.03995,-47.0,0.00041000000000002146,1
2024-12-23 16:00:00,1.03995,1.04083,1.03913,1.03924,-14.0,-0.0007099999999999884,1
2024-12-23 17:00:00,1.03924,1.03966,1.03842,1.03906,21.0,-0.00017999999999984695,1
2024-12-23 18:00:00,1.03907,1.04099,1.03892,1.04077,27.0,0.0017099999999998783,1
2024-12-23 19:00:00,1.04077,1.04178,1.03964,1.03981,39.0,-0.0009600000000000719,1
2024-12-23 20:00:00,1.03976,1.04123,1.03976,1.04086,49.0,0.001060000000000061,1
2024-12-23 21:00:00,1.04084,1.04123,1.03992,1.04114,45.0,0.00026999999999999247,1
2024-12-23 22:00:00,1.0411299999999999,1.04139,1.04031,1.04058,-10.0,-0.0005599999999998939,1
2024-12-23 23:00:00,1.04059,1.04079,1.04012,1.04021,-43.0,-0.00036999999999998145,1
2024-12-24 00:00:00,1.04018,1.04097,1.04014,1.04038,-4.0,0.00017000000000000348,1
2024-12-24 01:00:00,1.04024,1.0408,1.04024,1.04041,-3.0,2.999999999997449e-05,1
2024-12-24 02:00:00,1.04041,1.04046,1.0398,1.04003,7.0,-0.00038000000000004697,1
2024-12-24 03:00:00,1.04002,1.04046,1.03997,1.04027,11.0,0.00024000000000001798,1
2024-12-24 04:00:00,1.04026,1.04086,1.03965,1.03995,-25.0,-0.000320000000000098,1
2024-12-24 05:00:00,1.03997,1.04002,1.03887,1.03908,19.0,-0.0008699999999999264,1
2024-12-24 06:00:00,1.03908,1.03969,1.03908,1.03963,10.0,0.0005500000000000504,1
2024-12-24 07:00:00,1.03963,1.03974,1.03936,1.03968,9.0,4.999999999988347e-05,1
2024-12-24 08:00:00,1.03969,1.03983,1.03924,1.0396,27.0,-7.999999999985796e-05,1
2024-12-24 09:00:00,1.03954,1.03984,1.03901,1.03904,-5.0,-0.000560000000000116,1
2024-12-24 10:00:00,1.03906,1.04054,1.03901,1.03948,35.0,0.00043999999999999595,1
2024-12-24 11:00:00,1.03953,1.03987,1.03902,1.03918,36.0,-0.00029999999999996696,1
2024-12-24 12:00:00,1.03917,1.03973,1.03891,1.03965,33.0,0.00046999999999997044,1
2024-12-24 13:00:00,1.03962,1.04034,1.03915,1.03946,29.0,-0.00018999999999991246,1
2024-12-24 14:00:00,1.03946,1.04033,1.03889,1.03911,-23.0,-0.000320000000000098,1
2024-12-24 15:00:00,1.03911,1.04032,1.03893,1.04023,36.0,0.0010900000000000354,1
2024-12-24 16:00:00,1.04024,1.04098,1.03953,1.04048,-38.0,0.0002500000000000835,1
2024-12-24 17:00:00,1.04049,1.04078,1.03904,1.03916,-20.0,-0.0013299999999998313,1
2024-12-24 18:00:00,1.03915,1.03963,1.03874,1.03876,-44.0,-0.000400000000000178,1
2024-12-24 19:00:00,1.03873,1.03937,1.03834,1.03883,10.0,7.00000000000145e-05,1
2024-12-24 20:00:00,1.03882,1.0393,1.03866,1.03913,13.0,0.000300000000000189,1
2024-12-24 21:00:00,1.03913,1.03967,1.03891,1.03921,21.0,7.999999999985796e-05,1
2024-12-24 22:00:00,1.03922,1.03977,1.03872,1.03977,42.0,0.000560000000000116,1
2024-12-24 23:00:00,1.03977,1.04024,1.03875,1.03897,24.0,-0.0008000000000001339,1
2024-12-25 00:00:00,1.03901,1.03963,1.03888,1.03961,-1.0,0.0006399999999999739,1
2024-12-26 00:00:00,1.04021,1.0404,1.03978,1.04005,-17.0,-0.00016000000000016001,1
2024-12-26 01:00:00,1.04005,1.04031,1.03955,1.03991,-21.0,-0.000140000000000029,1
2024-12-26 02:00:00,1.0399,1.04013,1.03929,1.03965,36.0,-0.00025999999999992696,1
2024-12-26 03:00:00,1.03964,1.04,1.03943,1.03971,-8.0,5.999999999994898e-05,1
2024-12-26 04:00:00,1.03971,1.03998,1.03966,1.03987,2.0,0.00016000000000016001,1
2024-12-26 05:00:00,1.03987,1.0404,1.03983,1.04008,-39.0,0.00020999999999982144,1
2024-12-26 06:00:00,1.04007,1.04013,1.03977,1.03977,-23.0,-0.00030999999999981043,1
2024-12-26 07:00:00,1.03977,1.04027,1.03971,1.03977,9.0,0.0,1
2024-12-26 08:00:00,1.03976,1.04002,1.03967,1.0398,3.0,2.999999999997449e-05,1
2024-12-26 09:00:00,1.03978,1.03999,1.03903,1.03975,21.0,-5.0000000000105516e-05,1
2024-12-26 10:00:00,1.03975,1.03986,1.03925,1.03948,8.0,-0.00026999999999999247,1
2024-12-26 11:00:00,1.03945,1.04001,1.03913,1.0399,42.0,0.00042000000000008697,1
2024-12-26 12:00:00,1.0399,1.04029,1.0398,1.04016,0.0,0.00025999999999992696,1
2024-12-26 13:00:00,1.04016,1.04021,1.03993,1.04011,-5.0,-4.999999999988347e-05,1
2024-12-26 14:00:00,1.04011,1.04013,1.03925,1.03995,-7.0,-0.00016000000000016001,1
2024-12-26 15:00:00,1.03998,1.04056,1.03959,1.04025,-4.0,0.00029999999999996696,1
2024-12-26 16:00:00,1.04026,1.04044,1.03951,1.04022,59.0,-2.999999999997449e-05,1
2024-12-26 17:00:00,1.04022,1.04151,1.03979,1.04088,81.0,0.000660000000000105,1
2024-12-26 18:00:00,1.04087,1.04227,1.04083,1.04218,41.0,0.0013000000000000789,1
2024-12-26 19:00:00,1.04219,1.04225,1.04062,1.04115,-21.0,-0.0010300000000000864,1
2024-12-26 20:00:00,1.04116,1.04299,1.04116,1.04209,24.0,0.0009399999999999409,1
2024-12-26 21:00:00,1.04204,1.04234,1.04141,1.04175,19.0,-0.00034000000000000696,1
2024-12-26 22:00:00,1.0417399999999999,1.04211,1.04155,1.04199,20.0,0.00022999999999995246,1
2024-12-26 23:00:00,1.04201,1.04226,1.04146,1.04151,-10.0,-0.00046999999999997044,1
2024-12-27 00:00:00,1.04147,1.04233,1.04131,1.04233,18.0,0.0008200000000000429,1
2024-12-27 01:00:00,1.04232,1.04242,1.04207,1.04215,3.0,-0.000180000000000069,1
2024-12-27 02:00:00,1.04216,1.04237,1.04178,1.0418,2.0,-0.00034999999999985043,1
2024-12-27 03:00:00,1.04181,1.04182,1.04121,1.0413000000000001,-11.0,-0.0004999999999999449,1
2024-12-27 04:00:00,1.0413000000000001,1.04138,1.04078,1.04095,-27.0,-0.0003500000000000725,1
2024-12-27 05:00:00,1.04095,1.04127,1.04065,1.04124,17.0,0.00028999999999990145,1
2024-12-27 06:00:00,1.04125,1.0413000000000001,1.04078,1.0409,-5.0,-0.00034000000000000696,1
2024-12-27 07:00:00,1.04089,1.04112,1.0407,1.04093,-27.0,2.999999999997449e-05,1
2024-12-27 08:00:00,1.04093,1.04122,1.04071,1.0412,-11.0,0.00026999999999999247,1
2024-12-27 09:00:00,1.04117,1.04248,1.0405,1.04218,59.0,0.000980000000000203,1
2024-12-27 10:00:00,1.04215,1.04257,1.04104,1.04122,11.0,-0.0009600000000000719,1
2024-12-27 11:00:00,1.04122,1.04178,1.04089,1.04166,29.0,0.00043999999999999595,1
2024-12-27 12:00:00,1.04166,1.04213,1.04116,1.04187,-17.0,0.00021000000000004349,1
2024-12-27 13:00:00,1.04187,1.04406,1.04186,1.04387,54.0,0.0020000000000000018,1
2024-12-27 14:00:00,1.04387,1.04441,1.0428,1.04324,-72.0,-0.0006300000000001305,1
2024-12-27 15:00:00,1.04324,1.04383,1.04287,1.04383,-3.0,0.0005900000000000905,1
2024-12-27 16:00:00,1.04389,1.04396,1.04245,1.04264,-83.0,-0.0011900000000000244,1
2024-12-27 17:00:00,1.04265,1.0435699999999999,1.04157,1.04218,2.0,-0.0005100000000000104,1
2024-12-27 18:00:00,1.04218,1.04324,1.04207,1.04221,7.0,5.999999999994898e-05,1
2024-12-27 19:00:00,1.0422,1.04226,1.04144,1.04212,0.0,-8.000000000008001e-05,1
2024-12-27 20:00:00,1.04211,1.04287,1.04206,1.04261,79.0,0.0004900000000001015,1
2024-12-27 21:00:00,1.04257,1.04304,1.04237,1.04283,21.0,0.00021999999999988695,1
2024-12-27 22:00:00,1.04284,1.04284,1.04227,1.04258,43.0,-0.00024999999999986144,1
2024-12-27 23:00:00,1.04257,1.04262,1.04203,1.04228,-7.0,-0.00029999999999996696,1
2024-12-30 00:00:00,1.04251,1.04319,1.04246,1.0429599999999999,2.0,0.0004499999999998394,1
2024-12-30 01:00:00,1.04303,1.04349,1.04273,1.04293,-7.0,-2.999999999997449e-05,1
2024-12-30 02:00:00,1.04293,1.04312,1.04257,1.04274,-16.0,-0.00018999999999991246,1
2024-12-30 03:00:00,1.04274,1.04308,1.04251,1.04253,-11.0,-0.00021000000000004349,1
2024-12-30 04:00:00,1.04253,1.04274,1.0424,1.04256,14.0,2.999999999997449e-05,1
2024-12-30 05:00:00,1.04256,1.04256,1.04209,1.04245,5.0,-0.00010999999999983245,1
2024-12-30 06:00:00,1.04244,1.0426,1.04242,1.0425200000000001,-18.0,7.00000000000145e-05,1
2024-12-30 07:00:00,1.0425200000000001,1.04266,1.04228,1.0425,7.0,-2.0000000000131024e-05,1
2024-12-30 08:00:00,1.04251,1.04314,1.04251,1.04287,23.0,0.00036999999999998145,1
2024-12-30 09:00:00,1.04285,1.04293,1.04209,1.04268,-36.0,-0.00018999999999991246,1
2024-12-30 10:00:00,1.04259,1.0429599999999999,1.04092,1.04126,-15.0,-0.0014199999999999768,1
2024-12-30 11:00:00,1.04125,1.0439,1.04108,1.04339,44.0,0.0021299999999999653,1
2024-12-30 12:00:00,1.04338,1.0444,1.04327,1.04381,145.0,0.0004199999999998649,1
2024-12-30 13:00:00,1.0438,1.04522,1.04368,1.04479,106.0,0.000980000000000203,1
2024-12-30 14:00:00,1.04478,1.04582,1.0439,1.04492,112.0,0.00012999999999996348,1
2024-12-30 15:00:00,1.04495,1.04518,1.03851,1.03877,-188.0,-0.0061500000000001,1
2024-12-30 16:00:00,1.03879,1.04087,1.03798,1.04051,-104.0,0.0017400000000000748,1
2024-12-30 17:00:00,1.04051,1.04056,1.03715,1.03798,-168.0,-0.0025300000000001432,1
2024-12-30 18:00:00,1.03803,1.03911,1.03747,1.03856,-77.0,0.0005800000000000249,1
2024-12-30 19:00:00,1.03857,1.03953,1.03844,1.0394,-75.0,0.0008400000000001739,1
2024-12-30 20:00:00,1.03944,1.0407,1.03937,1.04043,30.0,0.0010299999999998644,1
2024-12-30 21:00:00,1.04043,1.04052,1.0396,1.03964,-132.0,-0.0007900000000000684,1
2024-12-30 22:00:00,1.03963,1.04051,1.03952,1.03987,-3.0,0.0002300000000001745,1
2024-12-30 23:00:00,1.03987,1.04063,1.03983,1.0403,28.0,0.00042999999999993044,1
2024-12-31 00:00:00,1.04039,1.04057,1.0394,1.04041,27.0,0.0001100000000000545,1
2024-12-31 01:00:00,1.04042,1.04058,1.0398,1.04055,29.0,0.000140000000000029,1
2024-12-31 02:00:00,1.04055,1.04058,1.0397,1.04033,28.0,-0.000220000000000109,1
2024-12-31 03:00:00,1.04034,1.04132,1.0402,1.0412,65.0,0.0008699999999999264,1
2024-12-31 04:00:00,1.0412,1.04148,1.04079,1.04125,31.0,5.0000000000105516e-05,1
2024-12-31 05:00:00,1.04125,1.04131,1.04072,1.04086,-17.0,-0.0003900000000001125,1
2024-12-31 06:00:00,1.04086,1.04091,1.04036,1.04042,1.0,-0.00043999999999999595,1
2024-12-31 07:00:00,1.04041,1.04076,1.04024,1.04038,-20.0,-3.999999999981796e-05,1
2024-12-31 08:00:00,1.04037,1.04058,1.03995,1.04037,-7.0,-1.0000000000065512e-05,1
2024-12-31 09:00:00,1.04037,1.04129,1.04023,1.04117,39.0,0.0007999999999999119,1
2024-12-31 10:00:00,1.04119,1.04199,1.04057,1.04181,44.0,0.0006399999999999739,1
2024-12-31 11:00:00,1.04181,1.04243,1.04117,1.04185,90.0,4.0000000000040004e-05,1
2024-12-31 12:00:00,1.04189,1.04199,1.04052,1.04129,37.0,-0.0005599999999998939,1
2024-12-31 13:00:00,1.04129,1.04192,1.04052,1.04102,46.0,-0.00026999999999999247,1
2024-12-31 14:00:00,1.04104,1.04142,1.03912,1.03925,-36.0,-0.0017700000000000493,1
2024-12-31 15:00:00,1.03926,1.03972,1.03834,1.03929,11.0,4.0000000000040004e-05,1
2024-12-31 16:00:00,1.03931,1.03941,1.03747,1.03759,12.0,-0.0017000000000000348,1
2024-12-31 17:00:00,1.03749,1.03891,1.03524,1.03546,-115.0,-0.0020299999999999763,1
2024-12-31 18:00:00,1.03546,1.03611,1.03467,1.03502,-55.0,-0.00043999999999999595,1
2024-12-31 19:00:00,1.03502,1.03548,1.03438,1.0349,-1.0,-0.00012000000000012001,1
2024-12-31 20:00:00,1.03489,1.03566,1.03455,1.03529,-112.0,0.0003900000000001125,1
2024-12-31 21:00:00,1.03526,1.03645,1.03516,1.0354700000000001,-25.0,0.000180000000000069,1
2024-12-31 22:00:00,1.0354700000000001,1.03631,1.03544,1.03582,-5.0,0.00034999999999985043,1
2024-12-31 23:00:00,1.03585,1.0360800000000001,1.03489,1.03493,9.0,-0.0008900000000000574,1
2025-01-02 00:00:00,1.03515,1.03571,1.03491,1.03553,52.0,0.00038000000000004697,1
2025-01-02 01:00:00,1.03553,1.03565,1.03462,1.03507,22.0,-0.000460000000000127,1
2025-01-02 02:00:00,1.03507,1.03563,1.03473,1.03519,-27.0,0.00012999999999996348,1
2025-01-02 03:00:00,1.03519,1.03606,1.03444,1.03577,15.0,0.0005700000000001815,1
2025-01-02 04:00:00,1.03577,1.03711,1.03576,1.03708,49.0,0.0013099999999999223,1
2025-01-02 05:00:00,1.03711,1.0374,1.03682,1.03715,1.0,7.00000000000145e-05,1
2025-01-02 06:00:00,1.03716,1.03757,1.03664,1.03692,-54.0,-0.00022999999999995246,1
2025-01-02 07:00:00,1.03692,1.03706,1.03618,1.03639,8.0,-0.0005300000000001415,1
2025-01-02 08:00:00,1.03638,1.03649,1.03599,1.03636,6.0,-2.999999999997449e-05,1
2025-01-02 09:00:00,1.03633,1.03724,1.03623,1.03627,-50.0,-8.999999999992347e-05,1
2025-01-02 10:00:00,1.03628,1.03709,1.03461,1.03627,-12.0,0.0,1
2025-01-02 11:00:00,1.03628,1.03701,1.03493,1.03514,-111.0,-0.0011099999999999444,1
2025-01-02 12:00:00,1.03516,1.03567,1.03136,1.03168,-35.0,-0.0034800000000001496,1
2025-01-02 13:00:00,1.0316,1.03339,1.03149,1.03321,39.0,0.0015300000000000313,1
2025-01-02 14:00:00,1.0332,1.03342,1.03143,1.03182,-42.0,-0.0013900000000000023,1
2025-01-02 15:00:00,1.03181,1.03296,1.0311,1.03133,4.0,-0.0004899999999998794,1
2025-01-02 16:00:00,1.03133,1.03238,1.03021,1.03034,-12.0,-0.0009900000000000464,1
2025-01-02 17:00:00,1.03039,1.03087,1.02725,1.0274,-72.0,-0.002989999999999826,1
2025-01-02 18:00:00,1.02742,1.0276,1.02239,1.02611,56.0,-0.0012900000000000134,1
2025-01-02 19:00:00,1.02606,1.02679,1.02514,1.02648,64.0,0.00036999999999998145,1
2025-01-02 20:00:00,1.02649,1.02661,1.02556,1.02563,-39.0,-0.0008500000000000174,1
2025-01-02 21:00:00,1.02564,1.02593,1.02478,1.0251,-79.0,-0.0005300000000001415,1
2025-01-02 22:00:00,1.0251,1.0264199999999999,1.02506,1.02613,-41.0,0.0010300000000000864,1
2025-01-02 23:00:00,1.02612,1.02685,1.02546,1.02558,-1.0,-0.0005500000000000504,1
2025-01-03 00:00:00,1.02556,1.02665,1.02513,1.02651,17.0,0.0009300000000000974,1
2025-01-03 01:00:00,1.02633,1.02681,1.02628,1.02677,26.0,0.00025999999999992696,1
2025-01-03 02:00:00,1.02677,1.02734,1.02658,1.02729,16.0,0.000520000000000076,1
2025-01-03 03:00:00,1.02729,1.02729,1.02664,1.02674,-43.0,-0.0005500000000000504,1
2025-01-03 04:00:00,1.02673,1.02745,1.02667,1.02722,-7.0,0.00048000000000003595,1
2025-01-03 05:00:00,1.02722,1.02743,1.02686,1.02707,10.0,-0.0001500000000000945,1
2025-01-03 06:00:00,1.02707,1.02708,1.0267,1.02695,11.0,-0.00011999999999989797,1
2025-01-03 07:00:00,1.02696,1.02734,1.02645,1.02716,9.0,0.00021000000000004349,1
2025-01-03 08:00:00,1.02716,1.02791,1.02715,1.0279,43.0,0.0007399999999999629,1
2025-01-03 09:00:00,1.02787,1.02846,1.02686,1.02807,-26.0,0.00017000000000000348,1
2025-01-03 10:00:00,1.02807,1.02879,1.02727,1.02803,-10.0,-4.0000000000040004e-05,1
2025-01-03 11:00:00,1.02802,1.02998,1.02802,1.02901,28.0,0.0009799999999999809,1
2025-01-03 12:00:00,1.02901,1.02936,1.02791,1.02811,-29.0,-0.0008999999999999009,1
2025-01-03 13:00:00,1.02816,1.03028,1.02812,1.02972,91.0,0.0016099999999998893,1
2025-01-03 14:00:00,1.02972,1.03008,1.02943,1.02956,15.0,-0.00015999999999993797,1
2025-01-03 15:00:00,1.02957,1.03,1.02913,1.02931,95.0,-0.0002500000000000835,1
2025-01-03 16:00:00,1.02931,1.03024,1.02879,1.02991,8.0,0.000600000000000156,1
2025-01-03 17:00:00,1.02927,1.03057,1.02728,1.0289,63.0,-0.00036999999999998145,1
2025-01-03 18:00:00,1.02887,1.02997,1.02835,1.02906,92.0,0.00016000000000016001,1
2025-01-03 19:00:00,1.02908,1.03057,1.02907,1.02979,-29.0,0.0007299999999998974,1
2025-01-03 20:00:00,1.02978,1.0302,1.02925,1.02972,14.0,-7.00000000000145e-05,1
2025-01-03 21:00:00,1.02969,1.03059,1.02937,1.03012,22.0,0.00039999999999995595,1
2025-01-03 22:00:00,1.03009,1.03073,1.02987,1.03057,-9.0,0.00045000000000006146,1
2025-01-03 23:00:00,1.03056,1.03098,1.03046,1.03078,-34.0,0.00021000000000004349,1
2025-01-06 00:00:00,1.03018,1.03067,1.0297,1.03014,4.0,-4.0000000000040004e-05,1
2025-01-06 01:00:00,1.0301,1.03079,1.0301,1.03051,12.0,0.00036999999999998145,1
2025-01-06 02:00:00,1.03051,1.03053,1.02955,1.03028,-25.0,-0.00022999999999995246,1
2025-01-06 03:00:00,1.03028,1.03134,1.03012,1.03121,8.0,0.0009299999999998754,1
2025-01-06 04:00:00,1.03121,1.03175,1.03107,1.0316,-2.0,0.0003900000000001125,1
2025-01-06 05:00:00,1.03159,1.03181,1.0313,1.03163,7.0,2.999999999997449e-05,1
2025-01-06 06:00:00,1.03163,1.03174,1.03128,1.03151,-2.0,-0.00012000000000012001,1
2025-01-06 07:00:00,1.03152,1.0318,1.03084,1.03088,-11.0,-0.0006299999999999084,1
2025-01-06 08:00:00,1.03088,1.03164,1.03076,1.03125,49.0,0.00036999999999998145,1
2025-01-06 09:00:00,1.03126,1.03283,1.03099,1.03274,-26.0,0.0014899999999999913,1
2025-01-06 10:00:00,1.03274,1.03524,1.03266,1.03501,67.0,0.0022699999999999942,1
2025-01-06 11:00:00,1.03501,1.03687,1.03401,1.03555,17.0,0.0005399999999999849,1
2025-01-06 12:00:00,1.03556,1.03577,1.03351,1.03351,-29.0,-0.0020400000000000418,1
2025-01-06 13:00:00,1.0335,1.04321,1.03288,1.04215,151.0,0.008639999999999981,1
2025-01-06 14:00:00,1.04216,1.04304,1.0392,1.04108,22.0,-0.0010699999999999044,1
2025-01-06 15:00:00,1.04114,1.04365,1.04044,1.04168,45.0,0.0005999999999999339,1
2025-01-06 16:00:00,1.04169,1.04237,1.0352999999999999,1.03924,65.0,-0.0024399999999999977,1
2025-01-06 17:00:00,1.03924,1.03987,1.03713,1.03932,-46.0,8.000000000008001e-05,1
2025-01-06 18:00:00,1.03941,1.04025,1.03852,1.03968,80.0,0.00035999999999991594,1
2025-01-06 19:00:00,1.03968,1.03968,1.03792,1.03872,-40.0,-0.0009599999999998499,1
2025-01-06 20:00:00,1.03872,1.03891,1.0377,1.03818,-51.0,-0.0005399999999999849,1
2025-01-06 21:00:00,1.03819,1.03916,1.03788,1.03881,-68.0,0.0006299999999999084,1
2025-01-06 22:00:00,1.03882,1.03918,1.03857,1.03878,-50.0,-2.999999999997449e-05,1
2025-01-06 23:00:00,1.0388,1.03922,1.03852,1.0386,-17.0,-0.000180000000000069,1
2025-01-07 00:00:00,1.03864,1.03913,1.03763,1.03885,40.0,0.0002500000000000835,1
2025-01-07 01:00:00,1.03878,1.039,1.03815,1.03831,2.0,-0.0005500000000000504,1
2025-01-07 02:00:00,1.03831,1.03853,1.03771,1.03842,5.0,0.00011999999999989797,1
2025-01-07 03:00:00,1.03837,1.03847,1.03761,1.03812,49.0,-0.00029999999999996696,1
2025-01-07 04:00:00,1.03808,1.03829,1.03808,1.03817,-15.0,0.0001100000000000545,1
2025-01-07 07:00:00,1.03911,1.04031,1.03911,1.03966,12.0,0.00042999999999993044,1
2025-01-07 08:00:00,1.03966,1.0404,1.03963,1.03973,-11.0,7.00000000000145e-05,1
2025-01-07 09:00:00,1.03977,1.04242,1.03977,1.04145,23.0,0.0017199999999999438,1
2025-01-07 10:00:00,1.04146,1.04223,1.04031,1.04218,-27.0,0.0007300000000001194,1
2025-01-07 11:00:00,1.04276,1.0429599999999999,1.04241,1.04267,10.0,0.0004899999999998794,1
2025-01-07 12:00:00,1.04264,1.04343,1.04166,1.04279,-8.0,0.00012000000000012001,1
2025-01-07 13:00:00,1.04278,1.04283,1.0405,1.04132,-65.0,-0.0014700000000000824,1
2025-01-07 14:00:00,1.04133,1.04168,1.03871,1.03892,-117.0,-0.0023999999999999577,1
2025-01-07 15:00:00,1.03892,1.0405,1.03864,1.03966,-9.0,0.0007399999999999629,1
2025-01-07 16:00:00,1.03963,1.03975,1.03892,1.03917,-17.0,-0.0004900000000001015,1
2025-01-07 17:00:00,1.03909,1.03909,1.0355,1.03722,45.0,-0.0018700000000000383,1
2025-01-07 18:00:00,1.03726,1.03812,1.03626,1.03681,20.0,-0.00041000000000002146,1
2025-01-07 19:00:00,1.03681,1.03737,1.03539,1.03667,114.0,-0.000140000000000029,1
2025-01-07 20:00:00,1.03667,1.03693,1.03495,1.03543,41.0,-0.0012399999999999078,1
2025-01-07 21:00:00,1.03537,1.03596,1.03521,1.03552,-27.0,8.999999999992347e-05,1
2025-01-07 22:00:00,1.03548,1.03561,1.0344,1.03443,-52.0,-0.0010900000000000354,1
2025-01-07 23:00:00,1.03438,1.03441,1.0336400000000001,1.0336400000000001,-25.0,-0.0007899999999998464,1
2025-01-08 00:00:00,1.03371,1.03419,1.03371,1.03416,-27.0,0.0005199999999998539,1
2025-01-08 01:00:00,1.03409,1.03449,1.03389,1.03415,18.0,-1.0000000000065512e-05,1
2025-01-08 02:00:00,1.03415,1.03492,1.03415,1.03466,100.0,0.0005100000000000104,1
2025-01-08 03:00:00,1.03466,1.03529,1.03453,1.03526,83.0,0.000600000000000156,1
2025-01-08 04:00:00,1.03528,1.0354700000000001,1.03512,1.0354,56.0,0.000140000000000029,1
2025-01-08 05:00:00,1.0354,1.0354,1.03462,1.03476,-2.0,-0.000640000000000196,1
2025-01-08 06:00:00,1.03474,1.03519,1.03474,1.03511,25.0,0.0003500000000000725,1
2025-01-08 07:00:00,1.03511,1.03558,1.03495,1.0354700000000001,29.0,0.000360000000000138,1
2025-01-08 08:00:00,1.03548,1.03573,1.03461,1.03514,23.0,-0.0003300000000001635,1
2025-01-08 09:00:00,1.0351,1.03514,1.03283,1.03322,-67.0,-0.0019199999999999218,1
2025-01-08 10:00:00,1.03322,1.03396,1.03179,1.03186,-15.0,-0.0013600000000000279,1
2025-01-08 11:00:00,1.03183,1.03263,1.03154,1.03194,57.0,8.000000000008001e-05,1
2025-01-08 12:00:00,1.03194,1.03211,1.031,1.03189,-48.0,-5.0000000000105516e-05,1
2025-01-08 13:00:00,1.03189,1.03198,1.02732,1.02976,39.0,-0.0021299999999999653,1
2025-01-08 14:00:00,1.02973,1.02999,1.02807,1.02826,19.0,-0.0015000000000000568,1
2025-01-08 15:00:00,1.02825,1.03042,1.02807,1.03032,73.0,0.0020599999999999508,1
2025-01-08 16:00:00,1.03031,1.03072,1.02889,1.02912,41.0,-0.0011999999999998678,1
2025-01-08 17:00:00,1.02912,1.03097,1.02912,1.03015,-10.0,0.0010299999999998644,1
2025-01-08 18:00:00,1.03016,1.03143,1.02945,1.03124,-66.0,0.0010900000000000354,1
2025-01-08 19:00:00,1.03125,1.03131,1.02981,1.03051,-20.0,-0.0007299999999998974,1
2025-01-08 20:00:00,1.03054,1.03156,1.03053,1.03127,-21.0,0.0007599999999998719,1
2025-01-08 21:00:00,1.03127,1.03242,1.03081,1.03088,-114.0,-0.00038999999999989043,1
2025-01-08 22:00:00,1.03088,1.03167,1.03078,1.03161,-11.0,0.0007299999999998974,1
2025-01-08 23:00:00,1.03161,1.03192,1.03142,1.03149,16.0,-0.00011999999999989797,1
2025-01-09 00:00:00,1.03155,1.03187,1.03121,1.0318,0.0,0.00031000000000003247,1
2025-01-09 01:00:00,1.03175,1.03185,1.03131,1.03132,-26.0,-0.00048000000000003595,1
2025-01-09 02:00:00,1.03132,1.03147,1.03048,1.03129,42.0,-2.999999999997449e-05,1
2025-01-09 03:00:00,1.0313,1.03172,1.03113,1.03142,-40.0,0.00012999999999996348,1
2025-01-09 04:00:00,1.03142,1.03199,1.0314,1.03164,-3.0,0.00021999999999988695,1
2025-01-09 05:00:00,1.03163,1.03212,1.03108,1.0311,-18.0,-0.0005399999999999849,1
2025-01-09 06:00:00,1.03109,1.03122,1.03056,1.03089,-3.0,-0.00020999999999982144,1
2025-01-09 07:00:00,1.03089,1.03124,1.03053,1.03065,-11.0,-0.00024000000000001798,1
2025-01-09 08:00:00,1.03066,1.03081,1.0297,1.03,-29.0,-0.0006500000000000394,1
2025-01-09 09:00:00,1.03008,1.0308,1.02877,1.02909,117.0,-0.0009099999999999664,1
2025-01-09 10:00:00,1.0291,1.03075,1.02836,1.03075,138.0,0.0016599999999999948,1
2025-01-09 11:00:00,1.03076,1.03174,1.0303,1.03058,38.0,-0.00017000000000000348,1
2025-01-09 12:00:00,1.03056,1.03124,1.02995,1.0303,50.0,-0.000280000000000058,1
2025-01-09 13:00:00,1.03028,1.03043,1.02967,1.0301,42.0,-0.00019999999999997797,1
2025-01-09 14:00:00,1.0301,1.03049,1.02957,1.03032,42.0,0.00021999999999988695,1
2025-01-09 15:00:00,1.03032,1.03185,1.03009,1.03078,-20.0,0.000460000000000127,1
2025-01-09 16:00:00,1.03078,1.03145,1.03052,1.03072,-39.0,-5.999999999994898e-05,1
2025-01-09 17:00:00,1.03073,1.03094,1.02947,1.02991,24.0,-0.0008199999999998209,1
2025-01-09 18:00:00,1.02992,1.03009,1.0291,1.02972,-15.0,-0.0001900000000001345,1
2025-01-09 19:00:00,1.02972,1.03016,1.02936,1.02972,46.0,0.0,1
2025-01-09 20:00:00,1.02969,1.03022,1.02939,1.03,15.0,0.000280000000000058,1
2025-01-09 21:00:00,1.03001,1.03019,1.02976,1.02978,-6.0,-0.000220000000000109,1
2025-01-09 22:00:00,1.02981,1.03034,1.02981,1.03009,5.0,0.00031000000000003247,1
2025-01-09 23:00:00,1.03009,1.03009,1.02986,1.02992,0.0,-0.00017000000000000348,1
2025-01-10 00:00:00,1.03011,1.03011,1.0294,1.02998,-39.0,5.999999999994898e-05,1
2025-01-10 01:00:00,1.02995,1.03008,1.02955,1.02964,7.0,-0.0003399999999997849,1
2025-01-10 02:00:00,1.02965,1.03003,1.02921,1.02954,-9.0,-0.00010000000000021103,1
2025-01-10 03:00:00,1.02952,1.03042,1.02937,1.03017,6.0,0.0006300000000001305,1
2025-01-10 04:00:00,1.03017,1.03035,1.02982,1.03016,-31.0,-1.0000000000065512e-05,1
2025-01-10 05:00:00,1.03016,1.03031,1.02975,1.02983,-28.0,-0.00032999999999994145,1
2025-01-10 06:00:00,1.02983,1.02997,1.02934,1.0295,25.0,-0.00032999999999994145,1
2025-01-10 07:00:00,1.02951,1.02975,1.02846,1.02857,-24.0,-0.0009300000000000974,1
2025-01-10 08:00:00,1.02857,1.02881,1.02812,1.02816,13.0,-0.00041000000000002146,1
2025-01-10 09:00:00,1.02817,1.02971,1.02811,1.02969,86.0,0.0015300000000000313,1
2025-01-10 10:00:00,1.02971,1.03117,1.02926,1.03027,-65.0,0.0005800000000000249,1
2025-01-10 11:00:00,1.03025,1.03057,1.02991,1.02998,14.0,-0.0002900000000001235,1
2025-01-10 12:00:00,1.02999,1.03057,1.02997,1.03022,26.0,0.00024000000000001798,1
2025-01-10 13:00:00,1.03022,1.03053,1.02987,1.03016,-11.0,-9.999999999998899e-05,1
2025-01-10 14:00:00,1.03015,1.03092,1.0299,1.03055,-78.0,0.0004300000000001525,1
2025-01-10 15:00:00,1.03053,1.03117,1.02128,1.02563,15.0,-0.0049200000000000355,1
2025-01-10 16:00:00,1.02562,1.02727,1.02442,1.02516,-82.0,-0.00046999999999997044,1
2025-01-10 17:00:00,1.02502,1.02786,1.02361,1.02503,14.0,1.0000000000065512e-05,1
2025-01-10 18:00:00,1.02499,1.02511,1.02274,1.0237,-23.0,-0.0013300000000000534,1
2025-01-10 19:00:00,1.02372,1.02505,1.02327,1.02444,-8.0,0.0007399999999999629,1
2025-01-10 20:00:00,1.02443,1.02459,1.02358,1.02414,7.0,-0.00029999999999996696,1
2025-01-10 21:00:00,1.02417,1.02488,1.02345,1.02454,-34.0,0.00039999999999995595,1
2025-01-10 22:00:00,1.02454,1.02459,1.02369,1.02446,-5.0,-9.999999999998899e-05,1
2025-01-10 23:00:00,1.02445,1.02487,1.0238,1.02404,30.0,-0.00039999999999995595,1
2025-01-13 00:00:00,1.0231,1.0246,1.02248,1.0246,58.0,0.0015000000000000568,1
2025-01-13 01:00:00,1.02458,1.02468,1.02388,1.02429,10.0,-0.00031000000000003247,1
2025-01-13 02:00:00,1.0243,1.02452,1.02365,1.02422,85.0,-8.999999999992347e-05,1
2025-01-13 03:00:00,1.02423,1.02497,1.02392,1.02416,23.0,-4.0000000000040004e-05,1
2025-01-13 04:00:00,1.02416,1.0245,1.02383,1.02401,-32.0,-0.00014999999999987246,1
2025-01-13 05:00:00,1.02399,1.02404,1.02128,1.02151,-61.0,-0.0025000000000001688,1
2025-01-13 06:00:00,1.02152,1.02197,1.02077,1.02116,-19.0,-0.00034999999999985043,1
2025-01-13 07:00:00,1.02116,1.02203,1.02102,1.02193,32.0,0.0007699999999999374,1
2025-01-13 08:00:00,1.02193,1.02247,1.02144,1.02172,-39.0,-0.0001500000000000945,1
2025-01-13 09:00:00,1.02162,1.02235,1.02075,1.02152,11.0,-0.00025999999999992696,1
2025-01-13 10:00:00,1.02151,1.02311,1.02136,1.02213,-32.0,0.0006099999999999994,1
2025-01-13 11:00:00,1.02213,1.0224,1.01772,1.01932,-35.0,-0.002809999999999979,1
2025-01-13 12:00:00,1.0193,1.02073,1.01927,1.0202,-27.0,0.0008799999999999919,1
2025-01-13 13:00:00,1.02019,1.02038,1.01859,1.01957,-41.0,-0.0006299999999999084,1
2025-01-13 14:00:00,1.0196,1.0206,1.01878,1.02027,67.0,0.0006999999999999229,1
2025-01-13 15:00:00,1.02027,1.02204,1.01963,1.02083,-59.0,0.0005599999999998939,1
2025-01-13 16:00:00,1.02084,1.02127,1.02003,1.0208,-64.0,-2.999999999997449e-05,1
2025-01-13 17:00:00,1.02082,1.02088,1.01957,1.01968,-153.0,-0.001140000000000141,1
2025-01-13 18:00:00,1.01968,1.02173,1.01916,1.02082,74.0,0.001140000000000141,1
2025-01-13 19:00:00,1.0208,1.02193,1.02069,1.02178,14.0,0.0009599999999998499,1
2025-01-13 20:00:00,1.02179,1.02213,1.02122,1.0216,-7.0,-0.00017999999999984695,1
2025-01-13 21:00:00,1.0216,1.02161,1.02071,1.02071,-40.0,-0.0008900000000000574,1
2025-01-13 22:00:00,1.02071,1.02174,1.02069,1.02166,5.0,0.0009500000000000064,1
2025-01-13 23:00:00,1.02168,1.02463,1.02162,1.02412,10.0,0.002489999999999881,1
2025-01-14 00:00:00,1.02424,1.02716,1.0237,1.02584,5.0,0.0016900000000001913,1
2025-01-14 01:00:00,1.02578,1.02773,1.0251,1.02638,-97.0,0.0005399999999999849,1
2025-01-14 02:00:00,1.02637,1.02638,1.02456,1.02479,-75.0,-0.0015899999999999803,1
2025-01-14 03:00:00,1.02475,1.02498,1.0241,1.02489,6.0,9.999999999998899e-05,1
2025-01-14 04:00:00,1.0249,1.02501,1.02385,1.02446,-28.0,-0.0004300000000001525,1
2025-01-14 05:00:00,1.02444,1.0255,1.02437,1.02484,-17.0,0.00038000000000004697,1
2025-01-14 06:00:00,1.02484,1.02548,1.02451,1.02501,-15.0,0.00017000000000000348,1
2025-01-14 07:00:00,1.025,1.02516,1.02422,1.02447,-42.0,-0.0005399999999999849,1
2025-01-14 08:00:00,1.02447,1.02531,1.02447,1.02524,49.0,0.0007699999999999374,1
2025-01-14 09:00:00,1.02527,1.02659,1.02499,1.02542,-38.0,0.000180000000000069,1
2025-01-14 10:00:00,1.02549,1.02747,1.02529,1.02615,-7.0,0.0007299999999998974,1
2025-01-14 11:00:00,1.02614,1.02664,1.02535,1.02595,33.0,-0.00019999999999997797,1
2025-01-14 12:00:00,1.0259,1.02634,1.02519,1.02599,2.0,4.0000000000040004e-05,1
2025-01-14 13:00:00,1.02599,1.0263,1.02523,1.02538,-50.0,-0.0006099999999999994,1
2025-01-14 14:00:00,1.02535,1.02551,1.02394,1.02476,5.0,-0.0006200000000000649,1
2025-01-14 15:00:00,1.02478,1.02732,1.02406,1.02529,52.0,0.0005300000000001415,1
2025-01-14 16:00:00,1.02533,1.02744,1.02434,1.0268,54.0,0.0015099999999999003,1
2025-01-14 17:00:00,1.0268,1.02956,1.0263,1.02948,53.0,0.0026800000000000157,1
2025-01-14 18:00:00,1.02947,1.0304,1.02828,1.02913,39.0,-0.00034999999999985043,1
2025-01-14 19:00:00,1.02913,1.02913,1.02789,1.02881,34.0,-0.000320000000000098,1
2025-01-14 20:00:00,1.02882,1.03003,1.02867,1.02991,23.0,0.001100000000000101,1
2025-01-14 21:00:00,1.02991,1.03054,1.02963,1.0298,-45.0,-0.0001100000000000545,1
2025-01-14 22:00:00,1.0298,1.03084,1.02965,1.03017,-13.0,0.00036999999999998145,1
2025-01-14 23:00:00,1.03018,1.03083,1.03006,1.03064,18.0,0.00046999999999997044,1
2025-01-15 00:00:00,1.03064,1.03073,1.03002,1.03065,31.0,1.0000000000065512e-05,1
2025-01-15 01:00:00,1.03057,1.0308,1.03021,1.0306,-42.0,-5.0000000000105516e-05,1
2025-01-15 02:00:00,1.0306,1.0306,1.02996,1.03011,-26.0,-0.0004899999999998794,1
2025-01-15 03:00:00,1.03009,1.03047,1.02978,1.02999,10.0,-0.00012000000000012001,1
2025-01-15 04:00:00,1.03,1.03013,1.02952,1.0297,-39.0,-0.00028999999999990145,1
2025-01-15 05:00:00,1.02971,1.03021,1.02963,1.03018,25.0,0.00048000000000003595,1
2025-01-15 06:00:00,1.03017,1.03025,1.02973,1.03023,12.0,4.999999999988347e-05,1
2025-01-15 07:00:00,1.03022,1.0305,1.02926,1.02931,-88.0,-0.0009200000000000319,1
2025-01-15 08:00:00,1.02931,1.02985,1.02917,1.0296,-14.0,0.0002900000000001235,1
2025-01-15 09:00:00,1.02974,1.03081,1.02866,1.03057,34.0,0.0009699999999999154,1
2025-01-15 10:00:00,1.03051,1.0317,1.02941,1.02964,-36.0,-0.0009299999999998754,1
2025-01-15 11:00:00,1.02963,1.0313,1.0296,1.03097,42.0,0.0013299999999998313,1
2025-01-15 12:00:00,1.03096,1.0314,1.03007,1.03073,-12.0,-0.00024000000000001798,1
2025-01-15 13:00:00,1.03074,1.03121,1.02995,1.0301,81.0,-0.0006299999999999084,1
2025-01-15 14:00:00,1.0301,1.03063,1.02934,1.02997,37.0,-0.00012999999999996348,1
2025-01-15 15:00:00,1.02995,1.03543,1.0296,1.0344,42.0,0.004429999999999934,1
2025-01-15 16:00:00,1.03444,1.03456,1.03251,1.03272,21.0,-0.0016799999999999038,1
2025-01-15 17:00:00,1.03265,1.03308,1.02988,1.0306,20.0,-0.0020500000000001073,1
2025-01-15 18:00:00,1.03058,1.03077,1.02579,1.0281,16.0,-0.0024999999999999467,1
2025-01-15 19:00:00,1.0281,1.02932,1.02808,1.02855,-19.0,0.00045000000000006146,1
2025-01-15 20:00:00,1.02859,1.0293,1.02844,1.02921,1.0,0.0006599999999998829,1
2025-01-15 21:00:00,1.02921,1.02944,1.0289,1.02932,35.0,0.0001100000000000545,1
2025-01-15 22:00:00,1.02931,1.02987,1.02902,1.02958,-21.0,0.00025999999999992696,1
2025-01-15 23:00:00,1.02959,1.02961,1.02865,1.02875,-13.0,-0.0008299999999998864,1
2025-01-16 00:00:00,1.02854,1.02928,1.02809,1.02916,27.0,0.00041000000000002146,1
2025-01-16 01:00:00,1.02919,1.02955,1.02905,1.02951,-4.0,0.00034999999999985043,1
2025-01-16 02:00:00,1.0295,1.02997,1.02848,1.02988,-12.0,0.00036999999999998145,1
2025-01-16 03:00:00,1.02989,1.02995,1.02875,1.02889,67.0,-0.0009899999999998244,1
2025-01-16 04:00:00,1.02894,1.02928,1.02847,1.02868,31.0,-0.00021000000000004349,1
2025-01-16 05:00:00,1.02868,1.02889,1.02845,1.02888,17.0,0.00019999999999997797,1
2025-01-16 06:00:00,1.02888,1.02937,1.02854,1.02869,2.0,-0.00018999999999991246,1
2025-01-16 07:00:00,1.0287,1.0287,1.02807,1.02822,-26.0,-0.0004700000000001925,1
2025-01-16 08:00:00,1.02823,1.02895,1.02821,1.02887,21.0,0.0006500000000000394,1
2025-01-16 09:00:00,1.02885,1.03013,1.02857,1.02974,-1.0,0.0008700000000001484,1
2025-01-16 10:00:00,1.02979,1.02999,1.02879,1.02959,2.0,-0.0001500000000000945,1
2025-01-16 11:00:00,1.02958,1.02988,1.02815,1.0286,-5.0,-0.0009900000000000464,1
2025-01-16 12:00:00,1.0286,1.0296,1.02826,1.02853,54.0,-7.00000000000145e-05,1
2025-01-16 13:00:00,1.02855,1.02918,1.02839,1.02901,53.0,0.00048000000000003595,1
2025-01-16 14:00:00,1.029,1.029,1.0264,1.02716,-72.0,-0.0018499999999999073,1
2025-01-16 15:00:00,1.02716,1.0285,1.02599,1.02815,130.0,0.0009899999999998244,1
2025-01-16 16:00:00,1.02807,1.02837,1.02677,1.02791,33.0,-0.00023999999999979593,1
2025-01-16 17:00:00,1.02791,1.03056,1.02741,1.03008,35.0,0.0021700000000000053,1
2025-01-16 18:00:00,1.03009,1.03114,1.02861,1.03022,107.0,0.00013999999999980695,1
2025-01-16 19:00:00,1.03024,1.0315,1.02941,1.02963,12.0,-0.0005899999999998684,1
2025-01-16 20:00:00,1.02961,1.03026,1.02934,1.03001,7.0,0.00038000000000004697,1
2025-01-16 21:00:00,1.02998,1.03076,1.02975,1.03017,1.0,0.00015999999999993797,1
2025-01-16 22:00:00,1.03017,1.03037,1.02971,1.03001,31.0,-0.00015999999999993797,1
2025-01-16 23:00:00,1.02996,1.03032,1.02929,1.02933,-3.0,-0.0005100000000000104,1
2025-01-17 00:00:00,1.02965,1.03021,1.02924,1.03011,-19.0,0.0006099999999999994,1
2025-01-17 01:00:00,1.03005,1.03041,1.02998,1.03013,20.0,1.999999999990898e-05,1
2025-01-17 02:00:00,1.03013,1.03065,1.02981,1.03047,25.0,0.00034000000000000696,1
2025-01-17 03:00:00,1.03048,1.03094,1.03014,1.03047,23.0,0.0,1
2025-01-17 04:00:00,1.03052,1.0309,1.03029,1.03032,7.0,-0.0001500000000000945,1
2025-01-17 05:00:00,1.03032,1.03049,1.02998,1.03005,-3.0,-0.00026999999999999247,1
2025-01-17 06:00:00,1.03005,1.03009,1.02918,1.02936,-28.0,-0.0006899999999998574,1
2025-01-17 07:00:00,1.02936,1.0295,1.02874,1.0293,-12.0,-5.999999999994898e-05,1
2025-01-17 08:00:00,1.02932,1.02938,1.02851,1.02898,6.0,-0.000320000000000098,1
2025-01-17 09:00:00,1.02887,1.02908,1.02774,1.02844,-51.0,-0.0005399999999999849,1
2025-01-17 10:00:00,1.02846,1.02985,1.02846,1.02969,51.0,0.0012499999999999734,1
2025-01-17 11:00:00,1.0297,1.03038,1.02891,1.02964,-64.0,-4.999999999988347e-05,1
2025-01-17 12:00:00,1.02967,1.0306,1.02965,1.03034,34.0,0.0006999999999999229,1
2025-01-17 13:00:00,1.03034,1.03097,1.02988,1.03045,-57.0,0.0001100000000000545,1
2025-01-17 14:00:00,1.03044,1.03064,1.02901,1.02928,-33.0,-0.0011700000000001154,1
2025-01-17 15:00:00,1.0293,1.02994,1.02854,1.029,-118.0,-0.000280000000000058,1
2025-01-17 16:00:00,1.029,1.03022,1.02651,1.02984,15.0,0.0008400000000001739,1
2025-01-17 17:00:00,1.02984,1.03303,1.02955,1.02989,-21.0,3.999999999981796e-05,1
2025-01-17 18:00:00,1.02987,1.03001,1.02818,1.02861,-34.0,-0.0012699999999998823,1
2025-01-17 19:00:00,1.0286,1.0291,1.02788,1.02807,-34.0,-0.0005399999999999849,1
2025-01-17 20:00:00,1.02807,1.02919,1.02789,1.02809,-16.0,1.999999999990898e-05,1
2025-01-17 21:00:00,1.02809,1.02841,1.02727,1.0276,-36.0,-0.0004899999999998794,1
2025-01-17 22:00:00,1.0276,1.02814,1.02735,1.02753,-46.0,-8.000000000008001e-05,1
2025-01-17 23:00:00,1.0275,1.02752,1.02687,1.02705,-1.0,-0.00046999999999997044,1
2025-01-20 00:00:00,1.02731,1.02785,1.02687,1.02739,-21.0,8.000000000008001e-05,1
2025-01-20 01:00:00,1.02736,1.02803,1.02663,1.02802,7.0,0.0006299999999999084,1
2025-01-20 02:00:00,1.02802,1.029,1.02778,1.02862,-23.0,0.000600000000000156,1
2025-01-20 03:00:00,1.02859,1.02926,1.02789,1.0290300000000001,0.0,0.00041000000000002146,1
2025-01-20 04:00:00,1.02904,1.02921,1.02868,1.02909,3.0,5.999999999994898e-05,1
2025-01-20 05:00:00,1.0291,1.03062,1.02907,1.0306,85.0,0.0015099999999999003,1
2025-01-20 06:00:00,1.03061,1.0307,1.03015,1.03041,-1.0,-0.00018999999999991246,1
2025-01-20 07:00:00,1.03041,1.03062,1.03016,1.03024,29.0,-0.00017000000000000348,1
2025-01-20 08:00:00,1.03024,1.03187,1.02994,1.03103,30.0,0.0007899999999998464,1
2025-01-20 09:00:00,1.03104,1.03184,1.03058,1.03168,-29.0,0.0006500000000000394,1
2025-01-20 10:00:00,1.03171,1.03175,1.03068,1.03098,41.0,-0.0006999999999999229,1
2025-01-20 11:00:00,1.03097,1.03168,1.0305,1.0306,-13.0,-0.00038000000000004697,1
2025-01-20 12:00:00,1.03061,1.03224,1.03061,1.03149,23.0,0.0008900000000000574,1
2025-01-20 13:00:00,1.03148,1.03263,1.03129,1.03258,71.0,0.0010900000000000354,1
2025-01-20 14:00:00,1.03259,1.03263,1.03149,1.03202,-21.0,-0.000560000000000116,1
2025-01-20 15:00:00,1.03196,1.03998,1.03083,1.03977,22.0,0.007750000000000146,1
2025-01-20 16:00:00,1.03979,1.04298,1.03794,1.04149,14.0,0.0017199999999999438,1
2025-01-20 17:00:00,1.04149,1.04297,1.03848,1.04003,57.0,-0.0014600000000000168,1
2025-01-20 18:00:00,1.04004,1.04056,1.03905,1.03983,35.0,-0.00018999999999991246,1
2025-01-20 19:00:00,1.03984,1.04021,1.03531,1.03855,-56.0,-0.0012900000000000134,1
2025-01-20 20:00:00,1.03855,1.03965,1.03832,1.03965,26.0,0.0010999999999998789,1
2025-01-20 21:00:00,1.03965,1.04231,1.03903,1.0421,19.0,0.0024500000000000632,1
2025-01-20 22:00:00,1.04203,1.04341,1.04118,1.0416,12.0,-0.0004999999999999449,1
2025-01-20 23:00:00,1.0416,1.04192,1.04099,1.04131,23.0,-0.0002900000000001235,1
2025-01-21 00:00:00,1.04133,1.0416,1.03997,1.04123,-89.0,-7.999999999985796e-05,1
2025-01-21 01:00:00,1.04103,1.04253,1.04103,1.04208,-73.0,0.0008499999999997954,1
2025-01-21 02:00:00,1.04209,1.04343,1.03522,1.0362,-89.0,-0.005879999999999885,1
2025-01-21 03:00:00,1.03622,1.03974,1.03556,1.03701,10.0,0.0008099999999999774,1
2025-01-21 04:00:00,1.037,1.03902,1.03691,1.03874,-82.0,0.0017300000000000093,1
2025-01-21 05:00:00,1.03875,1.04004,1.03852,1.03874,-25.0,0.0,1
2025-01-21 06:00:00,1.03873,1.03989,1.03847,1.03897,-5.0,0.00022999999999995246,1
2025-01-21 07:00:00,1.03898,1.03921,1.03773,1.03787,-61.0,-0.0010999999999998789,1
2025-01-21 08:00:00,1.03789,1.03813,1.03663,1.03689,-44.0,-0.0009799999999999809,1
2025-01-21 09:00:00,1.03683,1.03858,1.0365,1.03735,-88.0,0.00045999999999990493,1
2025-01-21 10:00:00,1.03733,1.03733,1.03498,1.03609,-75.0,-0.0012600000000000389,1
2025-01-21 11:00:00,1.03605,1.03636,1.0342,1.03536,-16.0,-0.0007299999999998974,1
2025-01-21 12:00:00,1.03535,1.03593,1.03431,1.03528,-44.0,-8.000000000008001e-05,1
2025-01-21 13:00:00,1.03531,1.03579,1.0343,1.03531,-48.0,2.999999999997449e-05,1
2025-01-21 14:00:00,1.03534,1.03581,1.03456,1.03539,-27.0,8.000000000008001e-05,1
2025-01-21 15:00:00,1.0354,1.03777,1.03527,1.03775,85.0,0.0023400000000000087,1
2025-01-21 16:00:00,1.03783,1.03983,1.03728,1.03867,49.0,0.0009399999999999409,1
2025-01-21 17:00:00,1.03875,1.04103,1.03786,1.04006,15.0,0.0012999999999998568,1
2025-01-21 18:00:00,1.04002,1.04227,1.03983,1.04223,117.0,0.0021800000000000708,1
2025-01-21 19:00:00,1.04224,1.04299,1.04209,1.04212,23.0,-0.0001100000000000545,1
2025-01-21 20:00:00,1.04212,1.04353,1.04197,1.04289,13.0,0.0007700000000001594,1
2025-01-21 21:00:00,1.04289,1.04304,1.04158,1.04179,15.0,-0.001100000000000101,1
2025-01-21 22:00:00,1.04179,1.04214,1.04158,1.04199,40.0,0.00019999999999997797,1
2025-01-21 23:00:00,1.04193,1.04297,1.04187,1.04242,-23.0,0.00042999999999993044,1
2025-01-22 00:00:00,1.04259,1.04325,1.04198,1.04254,21.0,0.00012000000000012001,1
2025-01-22 01:00:00,1.0425200000000001,1.04275,1.03925,1.04057,101.0,-0.0019700000000000273,1
2025-01-22 02:00:00,1.04056,1.04244,1.04056,1.0423,68.0,0.0017300000000000093,1
2025-01-22 03:00:00,1.04231,1.04232,1.04075,1.04095,21.0,-0.0013499999999999623,1
2025-01-22 04:00:00,1.04092,1.04162,1.04061,1.04135,88.0,0.00039999999999995595,1
2025-01-22 05:00:00,1.04136,1.04155,1.04099,1.04117,-32.0,-0.000180000000000069,1
2025-01-22 06:00:00,1.04118,1.04212,1.04111,1.04171,5.0,0.0005399999999999849,1
2025-01-22 07:00:00,1.04171,1.04179,1.04082,1.04155,-10.0,-0.00015999999999993797,1
2025-01-22 08:00:00,1.04155,1.04184,1.03999,1.04037,-4.0,-0.0011799999999999589,1
2025-01-22 09:00:00,1.04041,1.04196,1.04032,1.04115,-10.0,0.0007800000000000029,1
2025-01-22 10:00:00,1.04117,1.04239,1.04094,1.0423,4.0,0.0011200000000000099,1
2025-01-22 11:00:00,1.04231,1.04472,1.04196,1.04463,-2.0,0.0023599999999999177,1
2025-01-22 12:00:00,1.04466,1.04572,1.04427,1.04498,-47.0,0.0003500000000000725,1
2025-01-22 13:00:00,1.04497,1.04562,1.04404,1.04427,-70.0,-0.0007099999999999884,1
2025-01-22 14:00:00,1.04427,1.04427,1.04311,1.04379,35.0,-0.00048000000000003595,1
2025-01-22 15:00:00,1.0438,1.04456,1.04222,1.04316,-37.0,-0.0006299999999999084,1
2025-01-22 16:00:00,1.04312,1.04317,1.04141,1.04246,110.0,-0.000700000000000145,1
2025-01-22 17:00:00,1.04246,1.04247,1.04146,1.04199,-77.0,-0.00046999999999997044,1
2025-01-22 18:00:00,1.04198,1.04227,1.04121,1.04193,-14.0,-5.999999999994898e-05,1
2025-01-22 19:00:00,1.04193,1.04203,1.04119,1.04169,-15.0,-0.00024000000000001798,1
2025-01-22 20:00:00,1.0417,1.04211,1.04119,1.0416,-14.0,-8.999999999992347e-05,1
2025-01-22 21:00:00,1.0416,1.04227,1.04155,1.04201,-1.0,0.00041000000000002146,1
2025-01-22 22:00:00,1.042,1.04228,1.04112,1.0412,-36.0,-0.0008100000000001994,1
2025-01-22 23:00:00,1.0412,1.0413000000000001,1.04053,1.04053,-6.0,-0.0006699999999999484,1
2025-01-23 00:00:00,1.04053,1.04119,1.04042,1.04072,0.0,0.0001900000000001345,1
2025-01-23 01:00:00,1.04063,1.04092,1.04053,1.04077,20.0,4.999999999988347e-05,1
2025-01-23 02:00:00,1.04077,1.04116,1.04068,1.041,39.0,0.00022999999999995246,1
2025-01-23 03:00:00,1.04101,1.04158,1.04019,1.04036,-49.0,-0.0006399999999999739,1
2025-01-23 04:00:00,1.04035,1.04061,1.03969,1.04036,17.0,0.0,1
2025-01-23 05:00:00,1.04035,1.0409,1.04029,1.04087,37.0,0.0005100000000000104,1
2025-01-23 06:00:00,1.04087,1.04127,1.04086,1.04107,-14.0,0.00019999999999997797,1
2025-01-23 07:00:00,1.04108,1.04115,1.0404,1.04052,-22.0,-0.0005500000000000504,1
2025-01-23 08:00:00,1.04053,1.0412,1.04028,1.04032,39.0,-0.00019999999999997797,1
2025-01-23 09:00:00,1.0403,1.04054,1.03899,1.04,-13.0,-0.00031999999999987594,1
2025-01-23 10:00:00,1.04,1.04025,1.03902,1.03939,-53.0,-0.0006099999999999994,1
2025-01-23 11:00:00,1.03939,1.04147,1.03934,1.04116,-8.0,0.0017700000000000493,1
2025-01-23 12:00:00,1.04117,1.04203,1.04099,1.0411299999999999,23.0,-3.0000000000196536e-05,1
2025-01-23 13:00:00,1.0411299999999999,1.0414,1.0401,1.04031,-79.0,-0.0008199999999998209,1
2025-01-23 14:00:00,1.04031,1.0406,1.0394,1.04034,-42.0,2.999999999997449e-05,1
2025-01-23 15:00:00,1.04034,1.04149,1.03972,1.04105,-9.0,0.0007099999999999884,1
2025-01-23 16:00:00,1.0411299999999999,1.04178,1.04057,1.04084,24.0,-0.00021000000000004349,1
2025-01-23 17:00:00,1.04087,1.04097,1.03869,1.03971,30.0,-0.0011600000000000499,1
2025-01-23 18:00:00,1.03971,1.04289,1.03721,1.04194,57.0,0.0022300000000001763,1
2025-01-23 19:00:00,1.04194,1.04379,1.04137,1.04353,19.0,0.0015899999999999803,1
2025-01-23 20:00:00,1.04354,1.04369,1.04216,1.04238,13.0,-0.0011499999999999844,1
2025-01-23 21:00:00,1.04238,1.04266,1.04199,1.04227,-15.0,-0.0001100000000000545,1
2025-01-23 22:00:00,1.04225,1.04288,1.04158,1.04175,-1.0,-0.000520000000000076,1
2025-01-23 23:00:00,1.04168,1.04194,1.04101,1.04145,-2.0,-0.00029999999999996696,1
2025-01-24 00:00:00,1.04109,1.04179,1.04108,1.04159,-23.0,0.000140000000000029,1
2025-01-24 01:00:00,1.04156,1.04178,1.04125,1.04155,7.0,-4.0000000000040004e-05,1
2025-01-24 02:00:00,1.04156,1.0423,1.04132,1.0419100000000001,13.0,0.000360000000000138,1
2025-01-24 03:00:00,1.0419100000000001,1.04201,1.04116,1.04159,3.0,-0.000320000000000098,1
2025-01-24 04:00:00,1.04158,1.04489,1.04158,1.04489,54.0,0.0033000000000000806,1
2025-01-24 05:00:00,1.04485,1.04537,1.04364,1.04461,-20.0,-0.000280000000000058,1
2025-01-24 06:00:00,1.0446,1.04513,1.04432,1.04472,13.0,0.0001100000000000545,1
2025-01-24 07:00:00,1.04472,1.04537,1.04437,1.0451,-27.0,0.0003799999999998249,1
2025-01-24 08:00:00,1.04512,1.04702,1.04492,1.0457,-63.0,0.000600000000000156,1
2025-01-24 09:00:00,1.0457,1.04648,1.04472,1.0461,-39.0,0.00039999999999995595,1
2025-01-24 10:00:00,1.04607,1.04949,1.04578,1.04935,-23.0,0.003249999999999975,1
2025-01-24 11:00:00,1.04924,1.05149,1.04908,1.04942,-126.0,7.00000000000145e-05,1
2025-01-24 12:00:00,1.04942,1.04977,1.0486,1.0489,-20.0,-0.000520000000000076,1
2025-01-24 13:00:00,1.0489,1.0493,1.0481,1.04859,62.0,-0.00031000000000003247,1
2025-01-24 14:00:00,1.04859,1.04875,1.04732,1.04736,-22.0,-0.0012299999999998423,1
2025-01-24 15:00:00,1.04738,1.04799,1.04635,1.04685,78.0,-0.0005100000000000104,1
2025-01-24 16:00:00,1.04685,1.04938,1.04671,1.04909,-77.0,0.0022400000000000198,1
2025-01-24 17:00:00,1.04907,1.05204,1.04896,1.05163,5.0,0.0025600000000001177,1
2025-01-24 18:00:00,1.05161,1.05202,1.05045,1.05145,-4.0,-0.000180000000000069,1
2025-01-24 19:00:00,1.05142,1.05214,1.05098,1.0511,88.0,-0.0003500000000000725,1
2025-01-24 20:00:00,1.05108,1.05118,1.04939,1.0495,-18.0,-0.0015999999999998238,1
2025-01-24 21:00:00,1.04953,1.04984,1.04919,1.04953,-1.0,2.999999999997449e-05,1
2025-01-24 22:00:00,1.04945,1.0496,1.04881,1.04945,9.0,-8.000000000008001e-05,1
2025-01-24 23:00:00,1.04946,1.04972,1.04904,1.04919,35.0,-0.00025999999999992696,1
2025-01-27 00:00:00,1.04751,1.04923,1.04743,1.04817,-6.0,0.000660000000000105,1
2025-01-27 01:00:00,1.04859,1.04859,1.04651,1.04674,-54.0,-0.0014300000000000423,1
2025-01-27 02:00:00,1.04679,1.0476,1.04652,1.04726,48.0,0.000520000000000076,1
2025-01-27 03:00:00,1.04724,1.04788,1.04612,1.04627,55.0,-0.0009900000000000464,1
2025-01-27 04:00:00,1.04626,1.04664,1.0459,1.04658,5.0,0.00031000000000003247,1
2025-01-27 05:00:00,1.04658,1.04773,1.04632,1.04683,34.0,0.00024999999999986144,1
2025-01-27 06:00:00,1.04685,1.04688,1.04598,1.04631,45.0,-0.0005199999999998539,1
2025-01-27 07:00:00,1.04632,1.04645,1.04559,1.04628,48.0,-2.999999999997449e-05,1
2025-01-27 08:00:00,1.04628,1.04652,1.04569,1.04591,14.0,-0.0003700000000002035,1
2025-01-27 09:00:00,1.04593,1.0471,1.04539,1.0457,20.0,-0.00020999999999982144,1
2025-01-27 10:00:00,1.04566,1.04886,1.04544,1.04875,39.0,0.003049999999999997,1
2025-01-27 11:00:00,1.04876,1.04937,1.04751,1.04886,78.0,0.00010999999999983245,1
2025-01-27 12:00:00,1.04888,1.05088,1.04888,1.05053,95.0,0.0016700000000000603,1
2025-01-27 13:00:00,1.05051,1.05181,1.05044,1.0513,-45.0,0.0007900000000000684,1
2025-01-27 14:00:00,1.05132,1.0528,1.05088,1.05212,1.0,0.0007900000000000684,1
2025-01-27 15:00:00,1.05212,1.0533,1.05095,1.05198,-15.0,-0.00013000000000018552,1
2025-01-27 16:00:00,1.05196,1.05243,1.05078,1.0509,-17.0,-0.0010799999999999699,1
2025-01-27 17:00:00,1.0509,1.05098,1.04939,1.04988,62.0,-0.0010200000000000209,1
2025-01-27 18:00:00,1.0499,1.05074,1.04892,1.04907,120.0,-0.0008099999999999774,1
2025-01-27 19:00:00,1.04906,1.04947,1.04847,1.04886,54.0,-0.00021000000000004349,1
2025-01-27 20:00:00,1.04883,1.04941,1.04816,1.04847,107.0,-0.00038999999999989043,1
2025-01-27 21:00:00,1.04847,1.04928,1.04791,1.04925,161.0,0.0007800000000000029,1
2025-01-27 22:00:00,1.04926,1.04941,1.04872,1.04879,16.0,-0.000460000000000127,1
2025-01-27 23:00:00,1.04879,1.04918,1.04858,1.04904,-20.0,0.0002500000000000835,1
2025-01-28 00:00:00,1.04905,1.04927,1.04855,1.04882,-13.0,-0.00021999999999988695,1
2025-01-28 01:00:00,1.04873,1.04877,1.04277,1.0437,-6.0,-0.005120000000000013,1
2025-01-28 02:00:00,1.0437,1.04517,1.04325,1.04452,61.0,0.0008199999999998209,1
2025-01-28 03:00:00,1.04452,1.04565,1.04295,1.04377,-6.0,-0.0006199999999998429,1
2025-01-28 04:00:00,1.04367,1.04414,1.04248,1.04335,-1.0,-0.0005500000000000504,1
2025-01-28 05:00:00,1.04335,1.04394,1.04291,1.04291,40.0,-0.00043999999999999595,1
2025-01-28 06:00:00,1.04292,1.04346,1.04255,1.04335,34.0,0.00043999999999999595,1
2025-01-28 07:00:00,1.04337,1.0439,1.04334,1.04363,-7.0,0.000280000000000058,1
2025-01-28 08:00:00,1.04364,1.0444,1.04338,1.04375,9.0,0.00011999999999989797,1
2025-01-28 09:00:00,1.04373,1.04429,1.0428,1.04344,-63.0,-0.00031000000000003247,1
2025-01-28 10:00:00,1.04338,1.0435699999999999,1.04192,1.04251,-146.0,-0.0009299999999998754,1
2025-01-28 11:00:00,1.04255,1.04443,1.04224,1.0435,-24.0,0.0009900000000000464,1
2025-01-28 12:00:00,1.04346,1.0437,1.04249,1.04249,-69.0,-0.0010100000000001774,1
2025-01-28 13:00:00,1.04245,1.04325,1.04225,1.04233,-53.0,-0.00015999999999993797,1
2025-01-28 14:00:00,1.04232,1.04255,1.04138,1.04201,5.0,-0.00031999999999987594,1
2025-01-28 15:00:00,1.04198,1.04311,1.04172,1.04249,10.0,0.0004799999999998139,1
2025-01-28 16:00:00,1.04246,1.04409,1.0424,1.04315,45.0,0.000660000000000105,1
2025-01-28 17:00:00,1.04311,1.04394,1.04211,1.0424,-5.0,-0.0007099999999999884,1
2025-01-28 18:00:00,1.04241,1.04327,1.04225,1.0426,44.0,0.00019999999999997797,1
2025-01-28 19:00:00,1.0426,1.04343,1.04246,1.04278,-33.0,0.0001900000000001345,1
2025-01-28 20:00:00,1.0428,1.04381,1.0423499999999999,1.04264,11.0,-0.0001500000000000945,1
2025-01-28 21:00:00,1.04263,1.04366,1.04225,1.0435,79.0,0.0008600000000000829,1
2025-01-28 22:00:00,1.0435,1.04353,1.04294,1.04316,-9.0,-0.00034000000000000696,1
2025-01-28 23:00:00,1.04314,1.04339,1.04283,1.04287,-5.0,-0.0002900000000001235,1
2025-01-29 00:00:00,1.04238,1.043,1.04236,1.04282,44.0,-4.999999999988347e-05,1
2025-01-29 01:00:00,1.04277,1.043,1.04265,1.04272,7.0,-9.999999999998899e-05,1
2025-01-29 02:00:00,1.04273,1.04342,1.04269,1.04303,21.0,0.00030999999999981043,1
2025-01-29 03:00:00,1.04304,1.04341,1.04271,1.04272,-9.0,-0.00030999999999981043,1
2025-01-29 04:00:00,1.04268,1.04355,1.04258,1.04337,40.0,0.0006499999999998174,1
2025-01-29 05:00:00,1.04338,1.04389,1.04312,1.04373,21.0,0.000360000000000138,1
2025-01-29 06:00:00,1.04373,1.04424,1.04373,1.04385,-14.0,0.00011999999999989797,1
2025-01-29 07:00:00,1.04384,1.04407,1.04354,1.04401,22.0,0.00016000000000016001,1
2025-01-29 08:00:00,1.04407,1.0443500000000001,1.04364,1.04372,-45.0,-0.0002900000000001235,1
2025-01-29 09:00:00,1.04371,1.04377,1.04131,1.04159,-36.0,-0.0021299999999999653,1
2025-01-29 10:00:00,1.04169,1.04304,1.04169,1.04241,50.0,0.0008200000000000429,1
2025-01-29 11:00:00,1.04238,1.04245,1.0402,1.04038,-32.0,-0.0020299999999999763,1
2025-01-29 12:00:00,1.04036,1.04083,1.03946,1.04035,51.0,-2.999999999997449e-05,1
2025-01-29 13:00:00,1.04036,1.04081,1.0397,1.04015,9.0,-0.00020000000000020002,1
2025-01-29 14:00:00,1.04015,1.04047,1.03936,1.0404,16.0,0.0002500000000000835,1
2025-01-29 15:00:00,1.04039,1.04056,1.03822,1.03874,-36.0,-0.0016599999999999948,1
2025-01-29 16:00:00,1.03877,1.04015,1.03864,1.0401,9.0,0.0013600000000000279,1
2025-01-29 17:00:00,1.04011,1.0427,1.03945,1.04193,72.0,0.0018199999999999328,1
2025-01-29 18:00:00,1.04192,1.04239,1.04114,1.04158,6.0,-0.0003500000000000725,1
2025-01-29 19:00:00,1.04157,1.04283,1.04153,1.04212,54.0,0.0005399999999999849,1
2025-01-29 20:00:00,1.04214,1.04244,1.04153,1.04186,27.0,-0.00025999999999992696,1
2025-01-29 21:00:00,1.04202,1.04287,1.03882,1.04163,21.0,-0.00022999999999995246,1
2025-01-29 22:00:00,1.04159,1.04253,1.04041,1.04104,19.0,-0.0005900000000000905,1
2025-01-29 23:00:00,1.04102,1.04215,1.04089,1.04202,26.0,0.0009799999999999809,1
2025-01-30 00:00:00,1.04176,1.04213,1.04146,1.04205,32.0,2.999999999997449e-05,1
2025-01-30 01:00:00,1.042,1.04273,1.04179,1.04245,11.0,0.000400000000000178,1
2025-01-30 02:00:00,1.04245,1.04288,1.04238,1.0426,50.0,0.00014999999999987246,1
2025-01-30 03:00:00,1.04258,1.0426,1.0419,1.042,2.0,-0.0005999999999999339,1
2025-01-30 04:00:00,1.042,1.04267,1.04199,1.0423,12.0,0.00029999999999996696,1
2025-01-30 05:00:00,1.04229,1.04264,1.04222,1.04253,-6.0,0.00022999999999995246,1
2025-01-30 06:00:00,1.0425,1.04274,1.04176,1.04189,11.0,-0.0006399999999999739,1
2025-01-30 07:00:00,1.04189,1.0422,1.04175,1.04217,11.0,0.000280000000000058,1
2025-01-30 08:00:00,1.04218,1.04226,1.04107,1.04138,-41.0,-0.0007900000000000684,1
2025-01-30 09:00:00,1.04138,1.04237,1.04093,1.04232,91.0,0.0009399999999999409,1
2025-01-30 10:00:00,1.04259,1.04288,1.04161,1.04216,-26.0,-0.00015999999999993797,1
2025-01-30 11:00:00,1.04218,1.04223,1.0402,1.04074,9.0,-0.0014199999999999768,1
2025-01-30 12:00:00,1.04072,1.0412,1.03958,1.04006,3.0,-0.0006800000000000139,1
2025-01-30 13:00:00,1.04005,1.04005,1.03912,1.03917,-82.0,-0.0008900000000000574,1
2025-01-30 14:00:00,1.03917,1.04058,1.03901,1.04033,40.0,0.0011600000000000499,1
2025-01-30 15:00:00,1.04034,1.04598,1.04013,1.04571,138.0,0.005409999999999915,1
2025-01-30 16:00:00,1.04561,1.04676,1.04193,1.04281,-9.0,-0.002929999999999877,1
2025-01-30 17:00:00,1.04283,1.04423,1.04269,1.0431300000000001,26.0,0.000300000000000189,1
2025-01-30 18:00:00,1.04309,1.04345,1.04168,1.04195,24.0,-0.001180000000000181,1
2025-01-30 19:00:00,1.04195,1.04231,1.04094,1.04169,52.0,-0.00025999999999992696,1
2025-01-30 20:00:00,1.04171,1.04254,1.04156,1.04251,48.0,0.0008200000000000429,1
2025-01-30 21:00:00,1.04249,1.04301,1.04228,1.04279,64.0,0.000280000000000058,1
2025-01-30 22:00:00,1.04282,1.04323,1.03861,1.04075,49.0,-0.0020400000000000418,1
2025-01-30 23:00:00,1.04074,1.0414,1.03868,1.03868,125.0,-0.0020700000000000163,1
2025-01-31 00:00:00,1.0381,1.03927,1.0381,1.03875,5.0,7.00000000000145e-05,1
2025-01-31 01:00:00,1.03866,1.0398,1.03848,1.03967,18.0,0.0009200000000000319,1
2025-01-31 02:00:00,1.03967,1.04022,1.03851,1.03867,-3.0,-0.001000000000000112,1
2025-01-31 03:00:00,1.03862,1.03923,1.03766,1.03885,25.0,0.000180000000000069,1
2025-01-31 04:00:00,1.03886,1.03949,1.03867,1.03894,-7.0,8.999999999992347e-05,1
2025-01-31 05:00:00,1.03893,1.03913,1.03836,1.03848,6.0,-0.00045999999999990493,1
2025-01-31 06:00:00,1.03849,1.03897,1.03827,1.03873,62.0,0.00024999999999986144,1
2025-01-31 07:00:00,1.03871,1.03906,1.03845,1.03887,39.0,0.000140000000000029,1
2025-01-31 08:00:00,1.03887,1.03954,1.03873,1.03944,21.0,0.0005699999999999594,1
2025-01-31 09:00:00,1.03943,1.04126,1.03917,1.04042,58.0,0.0009799999999999809,1
2025-01-31 10:00:00,1.04041,1.04067,1.038,1.03842,-61.0,-0.0020000000000000018,1
2025-01-31 11:00:00,1.03841,1.03847,1.0365199999999999,1.03834,12.0,-7.999999999985796e-05,1
2025-01-31 12:00:00,1.03833,1.03836,1.03737,1.03762,15.0,-0.0007200000000000539,1
2025-01-31 13:00:00,1.03763,1.03799,1.03719,1.03757,13.0,-4.999999999988347e-05,1
2025-01-31 14:00:00,1.0376,1.03854,1.03744,1.03825,-22.0,0.0006799999999997919,1
2025-01-31 15:00:00,1.03828,1.03951,1.03768,1.0382,-25.0,-4.999999999988347e-05,1
2025-01-31 16:00:00,1.03824,1.03825,1.0366900000000001,1.03685,-115.0,-0.0013499999999999623,1
2025-01-31 17:00:00,1.0369,1.04006,1.03603,1.03963,71.0,0.0027300000000001212,1
2025-01-31 18:00:00,1.03959,1.04075,1.03863,1.03996,-91.0,0.00032999999999994145,1
2025-01-31 19:00:00,1.03995,1.04338,1.03909,1.04201,-89.0,0.0020500000000001073,1
2025-01-31 20:00:00,1.04199,1.04217,1.03612,1.03699,-34.0,-0.0050200000000000244,1
2025-01-31 21:00:00,1.03697,1.0379,1.03644,1.03762,19.0,0.0006299999999999084,1
2025-01-31 22:00:00,1.03753,1.03816,1.03631,1.03737,-61.0,-0.0002500000000000835,1
2025-01-31 23:00:00,1.03734,1.03872,1.03496,1.0364,26.0,-0.0009699999999999154,1
2025-02-03 00:00:00,1.02509,1.02557,1.02378,1.0249,74.0,-0.0001900000000001345,1
2025-02-03 01:00:00,1.02497,1.02698,1.02332,1.0247,-2.0,-0.00019999999999997797,1
2025-02-03 02:00:00,1.0246,1.02672,1.02111,1.02318,118.0,-0.0015199999999999658,1
2025-02-03 03:00:00,1.02313,1.02522,1.02219,1.02378,-54.0,0.0005999999999999339,1
2025-02-03 04:00:00,1.02378,1.02379,1.0221,1.02235,73.0,-0.0014099999999999113,1
2025-02-03 05:00:00,1.02236,1.02247,1.02122,1.02214,-53.0,-0.00022999999999995246,1
2025-02-03 06:00:00,1.02213,1.02396,1.02205,1.02265,-9.0,0.0005100000000000104,1
2025-02-03 07:00:00,1.02266,1.0243,1.02256,1.02401,43.0,0.0013600000000000279,1
2025-02-03 08:00:00,1.02401,1.02515,1.02394,1.02431,35.0,0.00029999999999996696,1
2025-02-03 09:00:00,1.02432,1.02491,1.02219,1.02246,-38.0,-0.0018500000000001293,1
2025-02-03 10:00:00,1.02251,1.02511,1.02129,1.02438,17.0,0.0019200000000001438,1
2025-02-03 11:00:00,1.02437,1.02541,1.02256,1.02297,-24.0,-0.0014100000000001334,1
2025-02-03 12:00:00,1.02296,1.02442,1.02296,1.02435,-44.0,0.0013800000000001589,1
2025-02-03 13:00:00,1.02435,1.02556,1.02363,1.02522,-8.0,0.0008699999999999264,1
2025-02-03 14:00:00,1.02522,1.02778,1.02514,1.02576,-105.0,0.0005399999999999849,1
2025-02-03 15:00:00,1.02582,1.02871,1.02576,1.02638,72.0,0.0006200000000000649,1
2025-02-03 16:00:00,1.02634,1.02659,1.02472,1.02491,-91.0,-0.0014700000000000824,1
2025-02-03 17:00:00,1.02462,1.03351,1.02416,1.0316,-47.0,0.006979999999999986,1
2025-02-03 18:00:00,1.0316,1.03215,1.02728,1.02761,36.0,-0.00399000000000016,1
2025-02-03 19:00:00,1.02762,1.03018,1.02706,1.02796,-2.0,0.0003500000000000725,1
2025-02-03 20:00:00,1.02792,1.02875,1.02688,1.02784,0.0,-0.00011999999999989797,1
2025-02-03 21:00:00,1.02784,1.02969,1.02784,1.02844,-76.0,0.0005999999999999339,1
2025-02-03 22:00:00,1.02849,1.02991,1.02828,1.02958,-15.0,0.0011399999999999189,1
2025-02-03 23:00:00,1.02951,1.03498,1.02927,1.03435,-57.0,0.004770000000000163,1
2025-02-04 00:00:00,1.03402,1.03454,1.03194,1.03409,8.0,-0.000260000000000149,1
2025-02-04 01:00:00,1.03405,1.03504,1.03263,1.03279,-61.0,-0.0012999999999998568,1
2025-02-04 02:00:00,1.03279,1.03307,1.03162,1.03179,-69.0,-0.001000000000000112,1
2025-02-04 03:00:00,1.03178,1.03225,1.03085,1.03218,26.0,0.0003900000000001125,1
2025-02-04 04:00:00,1.03218,1.03238,1.03164,1.03219,-52.0,9.999999999843467e-06,1
2025-02-04 05:00:00,1.03218,1.03238,1.03116,1.03144,-2.0,-0.0007500000000000284,1
2025-02-04 06:00:00,1.03146,1.03149,1.03059,1.0306,20.0,-0.0008399999999999519,1
2025-02-04 07:00:00,1.03059,1.03059,1.02717,1.02931,-29.0,-0.0012900000000000134,1
2025-02-04 08:00:00,1.02931,1.03075,1.02922,1.03065,-24.0,0.0013400000000001189,1
2025-02-04 09:00:00,1.03059,1.03169,1.03001,1.0311,-54.0,0.0004499999999998394,1
2025-02-04 10:00:00,1.03112,1.03351,1.03088,1.03342,-21.0,0.0023200000000000998,1
2025-02-04 11:00:00,1.03342,1.03493,1.03323,1.03385,-22.0,0.00042999999999993044,1
2025-02-04 12:00:00,1.03381,1.03432,1.03253,1.0334699999999999,-23.0,-0.00038000000000004697,1
2025-02-04 13:00:00,1.03349,1.03349,1.0322,1.03221,-16.0,-0.0012599999999998168,1
2025-02-04 14:00:00,1.0322,1.03283,1.03201,1.03252,30.0,0.00031000000000003247,1
2025-02-04 15:00:00,1.03251,1.03403,1.03239,1.03402,111.0,0.0014999999999998348,1
2025-02-04 16:00:00,1.03406,1.03658,1.03401,1.03583,-53.0,0.0018100000000000893,1
2025-02-04 17:00:00,1.03583,1.03858,1.0357,1.03802,-45.0,0.0021899999999999142,1
2025-02-04 18:00:00,1.038,1.03872,1.03732,1.03783,98.0,-0.00018999999999991246,1
2025-02-04 19:00:00,1.03782,1.03788,1.03656,1.03766,92.0,-0.00017000000000000348,1
2025-02-04 20:00:00,1.03766,1.03861,1.03744,1.03809,75.0,0.00042999999999993044,1
2025-02-04 21:00:00,1.03813,1.03853,1.0377,1.03812,100.0,2.999999999997449e-05,1
2025-02-04 22:00:00,1.03818,1.03857,1.03793,1.03852,17.0,0.000400000000000178,1
2025-02-04 23:00:00,1.03854,1.03875,1.0377,1.03773,18.0,-0.0007900000000000684,1
2025-02-05 00:00:00,1.03739,1.03791,1.03687,1.03768,22.0,-5.0000000000105516e-05,1
2025-02-05 01:00:00,1.0376,1.03802,1.0371,1.03714,-36.0,-0.0005399999999999849,1
2025-02-05 02:00:00,1.03716,1.03817,1.03697,1.03787,60.0,0.0007300000000001194,1
2025-02-05 03:00:00,1.03786,1.03864,1.03723,1.03732,10.0,-0.0005500000000000504,1
2025-02-05 04:00:00,1.03733,1.03849,1.03728,1.03843,43.0,0.0011099999999999444,1
2025-02-05 05:00:00,1.03844,1.0386,1.0379,1.03793,-50.0,-0.0004999999999999449,1
2025-02-05 06:00:00,1.03792,1.03821,1.03761,1.03784,17.0,-8.999999999992347e-05,1
2025-02-05 07:00:00,1.03785,1.03785,1.03731,1.03777,36.0,-7.00000000000145e-05,1
2025-02-05 08:00:00,1.03775,1.03938,1.0374,1.03849,-17.0,0.0007199999999998319,1
2025-02-05 09:00:00,1.03847,1.04095,1.03821,1.04026,11.0,0.0017700000000000493,1
2025-02-05 10:00:00,1.0402,1.04084,1.03901,1.04036,9.0,9.999999999998899e-05,1
2025-02-05 11:00:00,1.04037,1.04175,1.04015,1.04039,-7.0,2.999999999997449e-05,1
2025-02-05 12:00:00,1.04039,1.04304,1.04019,1.04244,29.0,0.0020500000000001073,1
2025-02-05 13:00:00,1.0425,1.04251,1.04115,1.04147,28.0,-0.0009700000000001374,1
2025-02-05 14:00:00,1.04147,1.04217,1.04106,1.0419,51.0,0.000440000000000218,1
2025-02-05 15:00:00,1.04188,1.04256,1.04015,1.04077,-11.0,-0.001140000000000141,1
2025-02-05 16:00:00,1.04077,1.0426,1.04062,1.04205,93.0,0.0012799999999999478,1
2025-02-05 17:00:00,1.04331,1.04424,1.0415,1.0422,-27.0,-0.0011099999999999444,1
2025-02-05 18:00:00,1.04218,1.04246,1.04104,1.04179,85.0,-0.00041000000000002146,1
2025-02-05 19:00:00,1.0418,1.04237,1.04103,1.04197,22.0,0.000180000000000069,1
2025-02-05 20:00:00,1.04197,1.04216,1.04142,1.04154,30.0,-0.0004300000000001525,1
2025-02-05 21:00:00,1.04154,1.04167,1.04043,1.04069,91.0,-0.0008500000000000174,1
2025-02-05 22:00:00,1.04069,1.04069,1.0401,1.04047,83.0,-0.00021999999999988695,1
2025-02-05 23:00:00,1.04044,1.04064,1.03968,1.04012,46.0,-0.0003500000000000725,1
2025-02-06 00:00:00,1.03993,1.04038,1.03985,1.04027,11.0,0.0001500000000000945,1
2025-02-06 01:00:00,1.04033,1.04063,1.0397,1.03984,36.0,-0.00042999999999993044,1
2025-02-06 02:00:00,1.03985,1.04022,1.03947,1.03974,-5.0,-9.999999999998899e-05,1
2025-02-06 03:00:00,1.03974,1.04045,1.03953,1.04026,11.0,0.0005199999999998539,1
2025-02-06 04:00:00,1.04023,1.04053,1.03908,1.0395,0.0,-0.0007599999999998719,1
2025-02-06 05:00:00,1.03949,1.03962,1.03896,1.03918,39.0,-0.000320000000000098,1
2025-02-06 06:00:00,1.03918,1.03936,1.03851,1.03869,-14.0,-0.0004900000000001015,1
2025-02-06 07:00:00,1.03869,1.03901,1.0386,1.03863,7.0,-5.999999999994898e-05,1
2025-02-06 08:00:00,1.03864,1.03924,1.03856,1.03901,-3.0,0.00038000000000004697,1
2025-02-06 09:00:00,1.03898,1.03913,1.03779,1.03799,16.0,-0.0010200000000000209,1
2025-02-06 10:00:00,1.038,1.03807,1.03561,1.03648,54.0,-0.0015099999999999003,1
2025-02-06 11:00:00,1.03649,1.03677,1.03562,1.03594,89.0,-0.0005399999999999849,1
2025-02-06 12:00:00,1.03595,1.03663,1.03559,1.03624,-13.0,0.00029999999999996696,1
2025-02-06 13:00:00,1.03623,1.03675,1.03579,1.03619,-19.0,-5.0000000000105516e-05,1
2025-02-06 14:00:00,1.03619,1.03634,1.03525,1.03618,7.0,-9.999999999843467e-06,1
2025-02-06 15:00:00,1.03616,1.0367,1.03534,1.03604,-77.0,-0.000140000000000029,1
2025-02-06 16:00:00,1.03601,1.03746,1.03597,1.03621,-84.0,0.00017000000000000348,1
2025-02-06 17:00:00,1.03621,1.03763,1.03609,1.03692,-65.0,0.0007099999999999884,1
2025-02-06 18:00:00,1.03691,1.03759,1.03666,1.03668,-79.0,-0.00024000000000001798,1
2025-02-06 19:00:00,1.03668,1.03803,1.03658,1.0379,12.0,0.0012199999999999989,1
2025-02-06 20:00:00,1.03789,1.03962,1.03739,1.03892,25.0,0.0010200000000000209,1
2025-02-06 21:00:00,1.03892,1.03911,1.03803,1.03851,34.0,-0.00041000000000002146,1
2025-02-06 22:00:00,1.03846,1.03908,1.03839,1.0389,14.0,0.00038999999999989043,1
2025-02-06 23:00:00,1.03884,1.03893,1.03816,1.03818,-71.0,-0.0007199999999998319,1
2025-02-07 00:00:00,1.03809,1.03847,1.03795,1.03823,-13.0,4.999999999988347e-05,1
2025-02-07 01:00:00,1.03825,1.03866,1.03819,1.03849,-3.0,0.00025999999999992696,1
2025-02-07 02:00:00,1.03849,1.03907,1.03774,1.03775,17.0,-0.0007399999999999629,1
2025-02-07 03:00:00,1.03776,1.03866,1.03742,1.03837,47.0,0.0006200000000000649,1
2025-02-07 04:00:00,1.03837,1.0386,1.03809,1.03841,11.0,4.0000000000040004e-05,1
2025-02-07 05:00:00,1.03841,1.03848,1.03772,1.03796,-23.0,-0.00045000000000006146,1
2025-02-07 06:00:00,1.03797,1.03833,1.03757,1.03811,6.0,0.0001500000000000945,1
2025-02-07 07:00:00,1.03811,1.03815,1.03739,1.03749,-48.0,-0.0006200000000000649,1
2025-02-07 08:00:00,1.03749,1.0377,1.03724,1.0376,34.0,0.0001100000000000545,1
2025-02-07 09:00:00,1.0376,1.03901,1.0374,1.03891,-20.0,0.0013099999999999223,1
2025-02-07 10:00:00,1.03891,1.03997,1.03853,1.03977,-64.0,0.0008600000000000829,1
2025-02-07 11:00:00,1.03976,1.03992,1.03899,1.03909,-78.0,-0.0006800000000000139,1
2025-02-07 12:00:00,1.03909,1.03912,1.0379,1.03812,-50.0,-0.0009700000000001374,1
2025-02-07 13:00:00,1.03813,1.03839,1.03773,1.03822,-28.0,9.999999999998899e-05,1
2025-02-07 14:00:00,1.03823,1.03823,1.03682,1.03742,-36.0,-0.0007999999999999119,1
2025-02-07 15:00:00,1.03742,1.04123,1.03492,1.03636,-5.0,-0.001060000000000061,1
2025-02-07 16:00:00,1.03635,1.03886,1.03607,1.03838,-24.0,0.002020000000000133,1
2025-02-07 17:00:00,1.03806,1.03876,1.03271,1.0355,60.0,-0.0025599999999998957,1
2025-02-07 18:00:00,1.03552,1.03552,1.03216,1.03277,-122.0,-0.0027300000000001212,1
2025-02-07 19:00:00,1.03279,1.03598,1.03051,1.03216,-56.0,-0.0006099999999999994,1
2025-02-07 20:00:00,1.03215,1.03356,1.03207,1.03248,-111.0,0.000320000000000098,1
2025-02-07 21:00:00,1.0325,1.03368,1.03237,1.03322,-2.0,0.0007399999999999629,1
2025-02-07 22:00:00,1.03325,1.03382,1.03214,1.03278,-18.0,-0.00043999999999999595,1
2025-02-07 23:00:00,1.0328,1.03323,1.03227,1.03262,-11.0,-0.00015999999999993797,1
2025-02-10 00:00:00,1.02966,1.03007,1.02779,1.02895,8.0,-0.0007099999999999884,1
2025-02-10 01:00:00,1.02893,1.03134,1.02893,1.03096,76.0,0.0020100000000000673,1
2025-02-10 02:00:00,1.03097,1.03183,1.03092,1.03101,77.0,4.999999999988347e-05,1
2025-02-10 03:00:00,1.031,1.03145,1.02998,1.03028,61.0,-0.0007299999999998974,1
2025-02-10 04:00:00,1.03028,1.03066,1.02985,1.02997,-20.0,-0.00031000000000003247,1
2025-02-10 05:00:00,1.02995,1.03115,1.02995,1.03114,36.0,0.0011699999999998933,1
2025-02-10 06:00:00,1.03113,1.03158,1.03111,1.03131,0.0,0.00017000000000000348,1
2025-02-10 07:00:00,1.03135,1.03214,1.0313,1.03161,3.0,0.00029999999999996696,1
2025-02-10 08:00:00,1.03162,1.03197,1.03121,1.03188,26.0,0.00026999999999999247,1
2025-02-10 09:00:00,1.03187,1.03253,1.03099,1.03128,-121.0,-0.0005999999999999339,1
2025-02-10 10:00:00,1.03127,1.03229,1.03067,1.03221,62.0,0.0009300000000000974,1
2025-02-10 11:00:00,1.03222,1.0334699999999999,1.03208,1.03268,-8.0,0.00046999999999997044,1
2025-02-10 12:00:00,1.03264,1.03336,1.03233,1.03298,-21.0,0.00028999999999990145,1
2025-02-10 13:00:00,1.03296,1.0336400000000001,1.03201,1.03204,-83.0,-0.0009299999999998754,1
2025-02-10 14:00:00,1.03204,1.03222,1.03085,1.03136,65.0,-0.0006800000000000139,1
2025-02-10 15:00:00,1.03141,1.03262,1.03141,1.03214,11.0,0.0007800000000000029,1
2025-02-10 16:00:00,1.03215,1.03234,1.03043,1.03111,-88.0,-0.0010300000000000864,1
2025-02-10 17:00:00,1.03114,1.03198,1.03105,1.0315,-116.0,0.000360000000000138,1
2025-02-10 18:00:00,1.03151,1.0318,1.03044,1.03113,14.0,-0.00036999999999998145,1
2025-02-10 19:00:00,1.03114,1.03146,1.03066,1.03123,-16.0,9.999999999998899e-05,1
2025-02-10 20:00:00,1.03123,1.03159,1.03058,1.0307,16.0,-0.0005300000000001415,1
2025-02-10 21:00:00,1.0307,1.03107,1.03052,1.03067,-15.0,-2.999999999997449e-05,1
2025-02-10 22:00:00,1.03067,1.03082,1.03048,1.03067,18.0,0.0,1
2025-02-10 23:00:00,1.03067,1.03081,1.03049,1.0306,-28.0,-7.00000000000145e-05,1
2025-02-11 00:00:00,1.03024,1.03083,1.03012,1.03042,-10.0,-0.000180000000000069,1
2025-02-11 01:00:00,1.03041,1.03071,1.02983,1.03005,16.0,-0.00036999999999998145,1
2025-02-11 02:00:00,1.03006,1.03065,1.02997,1.03047,47.0,0.00042000000000008697,1
2025-02-11 03:00:00,1.03046,1.03046,1.03,1.03018,-74.0,-0.00028999999999990145,1
2025-02-11 04:00:00,1.03019,1.03027,1.02921,1.0293,-53.0,-0.0008799999999999919,1
2025-02-11 05:00:00,1.0293,1.03004,1.0292,1.02981,60.0,0.0005099999999997884,1
2025-02-11 06:00:00,1.02981,1.03041,1.02975,1.03041,-3.0,0.000600000000000156,1
2025-02-11 07:00:00,1.03041,1.03058,1.03021,1.03047,-17.0,5.999999999994898e-05,1
2025-02-11 08:00:00,1.03046,1.03102,1.0304,1.03051,28.0,4.0000000000040004e-05,1
2025-02-11 09:00:00,1.03051,1.03077,1.03009,1.03032,-69.0,-0.0001900000000001345,1
2025-02-11 10:00:00,1.03032,1.03196,1.02998,1.03181,26.0,0.0014899999999999913,1
2025-02-11 11:00:00,1.03181,1.03219,1.03126,1.03177,-74.0,-3.999999999981796e-05,1
2025-02-11 12:00:00,1.03178,1.03249,1.03143,1.0316,-105.0,-0.00017000000000000348,1
2025-02-11 13:00:00,1.0316,1.03225,1.03157,1.03217,34.0,0.0005699999999999594,1
2025-02-11 14:00:00,1.03216,1.03286,1.03203,1.03219,-48.0,1.999999999990898e-05,1
2025-02-11 15:00:00,1.0322,1.03259,1.03164,1.03223,28.0,4.0000000000040004e-05,1
2025-02-11 16:00:00,1.03221,1.03369,1.03216,1.03322,18.0,0.0009900000000000464,1
2025-02-11 17:00:00,1.03327,1.03432,1.03281,1.034,21.0,0.0007300000000001194,1
2025-02-11 18:00:00,1.03399,1.0351,1.03392,1.03457,-9.0,0.0005699999999999594,1
2025-02-11 19:00:00,1.03456,1.03485,1.03434,1.03453,-5.0,-4.0000000000040004e-05,1
2025-02-11 20:00:00,1.03452,1.03514,1.03444,1.03453,-122.0,0.0,1
2025-02-11 21:00:00,1.03452,1.0381,1.03418,1.03583,-61.0,0.0013000000000000789,1
2025-02-11 22:00:00,1.0358,1.03674,1.03575,1.03629,1.0,0.00045999999999990493,1
2025-02-11 23:00:00,1.03627,1.03639,1.03588,1.03602,-8.0,-0.00026999999999999247,1
2025-02-12 00:00:00,1.03604,1.03632,1.03562,1.03594,-20.0,-7.999999999985796e-05,1
2025-02-12 01:00:00,1.03589,1.03674,1.03584,1.0363,3.0,0.00035999999999991594,1
2025-02-12 02:00:00,1.0364,1.03641,1.03564,1.03574,-21.0,-0.0005599999999998939,1
2025-02-12 03:00:00,1.03572,1.03639,1.03539,1.03603,-16.0,0.00028999999999990145,1
2025-02-12 04:00:00,1.03603,1.03676,1.03603,1.03624,15.0,0.00021000000000004349,1
2025-02-12 05:00:00,1.03623,1.0365199999999999,1.03586,1.0362,-6.0,-4.0000000000040004e-05,1
2025-02-12 06:00:00,1.0362,1.03633,1.0356,1.03562,-21.0,-0.0005800000000000249,1
2025-02-12 07:00:00,1.03563,1.03593,1.03549,1.03583,-2.0,0.00021000000000004349,1
2025-02-12 08:00:00,1.03584,1.036,1.0357,1.03589,-14.0,5.999999999994898e-05,1
2025-02-12 09:00:00,1.03589,1.03791,1.03587,1.03754,-17.0,0.0016499999999999293,1
2025-02-12 10:00:00,1.03758,1.03799,1.0368,1.03711,-52.0,-0.00042999999999993044,1
2025-02-12 11:00:00,1.0371,1.0374,1.03648,1.03734,-25.0,0.00022999999999995246,1
2025-02-12 12:00:00,1.03738,1.03771,1.03699,1.03755,-30.0,0.00021000000000004349,1
2025-02-12 13:00:00,1.03753,1.03856,1.03735,1.03751,-7.0,-4.0000000000040004e-05,1
2025-02-12 14:00:00,1.0375,1.0379,1.0372,1.03728,-7.0,-0.00022999999999995246,1
2025-02-12 15:00:00,1.03728,1.03759,1.0317,1.03332,91.0,-0.0039599999999999635,1
2025-02-12 16:00:00,1.03322,1.03532,1.03255,1.035,-48.0,0.0016799999999999038,1
2025-02-12 17:00:00,1.035,1.03824,1.0338,1.03743,-3.0,0.0024300000000001543,1
2025-02-12 18:00:00,1.03742,1.04044,1.03502,1.03898,-1.0,0.0015899999999999803,1
2025-02-12 19:00:00,1.03914,1.04273,1.03907,1.0426,13.0,0.0035799999999999166,1
2025-02-12 20:00:00,1.04261,1.04298,1.03874,1.03893,6.0,-0.003670000000000062,1
2025-02-12 21:00:00,1.03892,1.03933,1.03846,1.03909,48.0,0.00016000000000016001,1
2025-02-12 22:00:00,1.0391,1.03972,1.03879,1.03917,9.0,7.999999999985796e-05,1
2025-02-12 23:00:00,1.03919,1.03935,1.03807,1.03813,-22.0,-0.0010399999999999299,1
2025-02-13 00:00:00,1.03772,1.03859,1.03769,1.03826,6.0,0.00012999999999996348,1
2025-02-13 01:00:00,1.03826,1.03921,1.03826,1.03921,60.0,0.0009500000000000064,1
2025-02-13 02:00:00,1.03922,1.04003,1.03881,1.03895,-18.0,-0.00025999999999992696,1
2025-02-13 03:00:00,1.03895,1.04017,1.03872,1.03995,24.0,0.0009999999999998899,1
2025-02-13 04:00:00,1.03999,1.04076,1.03965,1.04038,44.0,0.0004300000000001525,1
2025-02-13 05:00:00,1.04039,1.04217,1.04033,1.0419,18.0,0.0015199999999999658,1
2025-02-13 06:00:00,1.04188,1.04353,1.04187,1.04347,73.0,0.0015699999999998493,1
2025-02-13 07:00:00,1.04346,1.04382,1.04306,1.04349,4.0,2.0000000000131024e-05,1
2025-02-13 08:00:00,1.04349,1.04399,1.04285,1.04307,-3.0,-0.00042000000000008697,1
2025-02-13 09:00:00,1.04307,1.04366,1.04226,1.04255,27.0,-0.0005199999999998539,1
2025-02-13 10:00:00,1.04257,1.04263,1.04101,1.04135,70.0,-0.0012000000000000899,1
2025-02-13 11:00:00,1.04137,1.04262,1.04109,1.04226,71.0,0.0009099999999999664,1
2025-02-13 12:00:00,1.04228,1.0429,1.04135,1.04157,-50.0,-0.0006899999999998574,1
2025-02-13 13:00:00,1.04164,1.04273,1.03925,1.04031,72.0,-0.0012600000000000389,1
2025-02-13 14:00:00,1.04028,1.04033,1.03856,1.03892,-65.0,-0.0013900000000000023,1
2025-02-13 15:00:00,1.03897,1.04069,1.03758,1.03925,-44.0,0.00032999999999994145,1
2025-02-13 16:00:00,1.03922,1.04013,1.03816,1.03996,-27.0,0.0007099999999999884,1
2025-02-13 17:00:00,1.03994,1.04383,1.03994,1.04332,-58.0,0.0033799999999999386,1
2025-02-13 18:00:00,1.04333,1.04451,1.04241,1.04276,-30.0,-0.000560000000000116,1
2025-02-13 19:00:00,1.04272,1.04388,1.0425,1.04254,9.0,-0.00021999999999988695,1
2025-02-13 20:00:00,1.04253,1.04316,1.03728,1.04093,-20.0,-0.0016100000000001113,1
2025-02-13 21:00:00,1.04092,1.04426,1.04085,1.0437,-60.0,0.0027700000000001612,1
2025-02-13 22:00:00,1.0437,1.04657,1.04355,1.04616,1.0,0.0024599999999999067,1
2025-02-13 23:00:00,1.0462,1.04669,1.04572,1.04627,25.0,0.0001100000000000545,1
2025-02-14 00:00:00,1.04589,1.04676,1.04588,1.04658,2.0,0.00031000000000003247,1
2025-02-14 01:00:00,1.04649,1.04673,1.04561,1.04615,-14.0,-0.0004300000000001525,1
2025-02-14 02:00:00,1.04615,1.04668,1.04578,1.04608,-8.0,-7.00000000000145e-05,1
2025-02-14 03:00:00,1.04608,1.04668,1.04582,1.04592,23.0,-0.00015999999999993797,1
2025-02-14 04:00:00,1.04591,1.0461,1.04551,1.04567,-32.0,-0.00024999999999986144,1
2025-02-14 05:00:00,1.04566,1.04615,1.04537,1.04588,10.0,0.00020999999999982144,1
2025-02-14 06:00:00,1.04588,1.04638,1.04547,1.04548,-46.0,-0.00039999999999995595,1
2025-02-14 07:00:00,1.0455,1.04557,1.0447,1.04526,4.0,-0.00021999999999988695,1
2025-02-14 08:00:00,1.04526,1.04609,1.04517,1.04585,48.0,0.0005899999999998684,1
2025-02-14 09:00:00,1.04584,1.0472,1.04583,1.04647,51.0,0.0006200000000000649,1
2025-02-14 10:00:00,1.04649,1.04863,1.04635,1.04766,84.0,0.0011900000000000244,1
2025-02-14 11:00:00,1.04766,1.04877,1.04757,1.04811,-26.0,0.00045000000000006146,1
2025-02-14 12:00:00,1.04812,1.04828,1.04646,1.0467,21.0,-0.0014100000000001334,1
2025-02-14 13:00:00,1.0467,1.04691,1.04629,1.04674,-2.0,4.0000000000040004e-05,1
2025-02-14 14:00:00,1.04672,1.04744,1.0457,1.04716,0.0,0.00042000000000008697,1
2025-02-14 15:00:00,1.04716,1.04977,1.04712,1.04881,-68.0,0.0016499999999999293,1
2025-02-14 16:00:00,1.04888,1.0514000000000001,1.04872,1.05086,-123.0,0.0020499999999998852,1
2025-02-14 17:00:00,1.05086,1.05125,1.04909,1.0508,4.0,-5.999999999994898e-05,1
2025-02-14 18:00:00,1.0507900000000001,1.05099,1.04969,1.04974,-77.0,-0.001060000000000061,1
2025-02-14 19:00:00,1.04975,1.05087,1.0493999999999999,1.05071,7.0,0.0009700000000001374,1
2025-02-14 20:00:00,1.05071,1.0507900000000001,1.04995,1.05043,1.0,-0.00026999999999999247,1
2025-02-14 21:00:00,1.05044,1.05048,1.04948,1.04986,-53.0,-0.0005800000000000249,1
2025-02-14 22:00:00,1.04984,1.04984,1.04911,1.04919,-44.0,-0.0006699999999999484,1
2025-02-14 23:00:00,1.04923,1.04947,1.04875,1.04898,4.0,-0.00021000000000004349,1
2025-02-17 00:00:00,1.04845,1.04899,1.04839,1.04875,15.0,0.00029999999999996696,1
2025-02-17 01:00:00,1.0487,1.04941,1.04843,1.04882,-42.0,7.00000000000145e-05,1
2025-02-17 02:00:00,1.04882,1.04932,1.04854,1.04921,-23.0,0.00038999999999989043,1
2025-02-17 03:00:00,1.04921,1.05063,1.04894,1.05052,50.0,0.0013099999999999223,1
2025-02-17 04:00:00,1.05051,1.05052,1.0495700000000001,1.05011,-19.0,-0.0004099999999997994,1
2025-02-17 05:00:00,1.05012,1.05035,1.04941,1.04945,-54.0,-0.000660000000000105,1
2025-02-17 06:00:00,1.04946,1.04972,1.04893,1.04954,39.0,8.999999999992347e-05,1
2025-02-17 07:00:00,1.04954,1.04981,1.04846,1.04897,-38.0,-0.0005699999999999594,1
2025-02-17 08:00:00,1.04897,1.04933,1.0488,1.04915,-7.0,0.000180000000000069,1
2025-02-17 09:00:00,1.04917,1.04952,1.04803,1.04824,-44.0,-0.0009099999999999664,1
2025-02-17 10:00:00,1.04826,1.04847,1.04709,1.04742,88.0,-0.0008200000000000429,1
2025-02-17 11:00:00,1.04742,1.04813,1.04712,1.04742,71.0,0.0,1
2025-02-17 12:00:00,1.04741,1.04893,1.04731,1.04889,91.0,0.0014700000000000824,1
2025-02-17 13:00:00,1.04889,1.04891,1.04777,1.04818,-50.0,-0.0007100000000002105,1
2025-02-17 14:00:00,1.04818,1.04849,1.04685,1.0472,45.0,-0.0009799999999999809,1
2025-02-17 15:00:00,1.04721,1.04763,1.0467,1.04742,40.0,0.000220000000000109,1
2025-02-17 16:00:00,1.04742,1.04792,1.04713,1.04783,33.0,0.00041000000000002146,1
2025-02-17 17:00:00,1.04783,1.04841,1.04741,1.04796,-31.0,0.00012999999999996348,1
2025-02-17 18:00:00,1.04796,1.0483,1.04767,1.04786,-27.0,-9.999999999998899e-05,1
2025-02-17 19:00:00,1.04786,1.04844,1.04779,1.04825,-20.0,0.00038999999999989043,1
2025-02-17 20:00:00,1.04825,1.04826,1.04789,1.04821,-15.0,-3.999999999981796e-05,1
2025-02-17 21:00:00,1.04821,1.04837,1.04795,1.04816,-3.0,-5.0000000000105516e-05,1
2025-02-17 22:00:00,1.04814,1.04836,1.048,1.04834,-8.0,0.000180000000000069,1
2025-02-17 23:00:00,1.04836,1.04851,1.04817,1.04828,4.0,-5.999999999994898e-05,1
2025-02-18 00:00:00,1.04762,1.04839,1.04739,1.04797,2.0,-0.00031000000000003247,1
2025-02-18 01:00:00,1.04788,1.04856,1.04768,1.04848,15.0,0.0005100000000000104,1
2025-02-18 02:00:00,1.04848,1.04863,1.04727,1.0475,-25.0,-0.0009799999999999809,1
2025-02-18 03:00:00,1.0475,1.04754,1.04626,1.04661,-21.0,-0.0008900000000000574,1
2025-02-18 04:00:00,1.04661,1.04706,1.04654,1.04675,25.0,0.000140000000000029,1
2025-02-18 05:00:00,1.04675,1.04723,1.04619,1.04629,-21.0,-0.000460000000000127,1
2025-02-18 06:00:00,1.04626,1.04639,1.04554,1.0457,11.0,-0.0005899999999998684,1
2025-02-18 07:00:00,1.04571,1.0459,1.04522,1.0455,14.0,-0.00019999999999997797,1
2025-02-18 08:00:00,1.04547,1.04632,1.04546,1.04613,26.0,0.0006299999999999084,1
2025-02-18 09:00:00,1.04605,1.0469,1.04586,1.04634,67.0,0.00021000000000004349,1
2025-02-18 10:00:00,1.04633,1.04688,1.04546,1.04567,10.0,-0.0006699999999999484,1
2025-02-18 11:00:00,1.04567,1.0465,1.04554,1.04639,49.0,0.0007199999999998319,1
2025-02-18 12:00:00,1.04648,1.04671,1.04589,1.04621,-5.0,-0.00017999999999984695,1
2025-02-18 13:00:00,1.04627,1.04648,1.04612,1.04626,15.0,4.999999999988347e-05,1
2025-02-18 14:00:00,1.04627,1.04669,1.04528,1.04552,-32.0,-0.0007399999999999629,1
2025-02-18 15:00:00,1.04552,1.04567,1.0441799999999999,1.04447,15.0,-0.0010499999999999954,1
2025-02-18 16:00:00,1.04446,1.04546,1.04414,1.04522,27.0,0.0007500000000000284,1
2025-02-18 17:00:00,1.04522,1.04668,1.04515,1.04664,96.0,0.0014300000000000423,1
2025-02-18 18:00:00,1.04661,1.04694,1.0454,1.04566,9.0,-0.0009900000000000464,1
2025-02-18 19:00:00,1.04565,1.04566,1.0439,1.04458,40.0,-0.0010799999999999699,1
2025-02-18 20:00:00,1.04458,1.04477,1.0435,1.04439,49.0,-0.0001900000000001345,1
2025-02-18 21:00:00,1.04438,1.04496,1.04405,1.04451,-13.0,0.00012000000000012001,1
2025-02-18 22:00:00,1.0445,1.04477,1.04411,1.04476,42.0,0.00024999999999986144,1
2025-02-18 23:00:00,1.04473,1.04493,1.04439,1.04441,34.0,-0.00034999999999985043,1
2025-02-19 00:00:00,1.04412,1.04509,1.04412,1.04506,68.0,0.0006500000000000394,1
2025-02-19 01:00:00,1.04506,1.04515,1.04449,1.0448,4.0,-0.000260000000000149,1
2025-02-19 02:00:00,1.0448,1.04492,1.04439,1.04455,3.0,-0.00024999999999986144,1
2025-02-19 03:00:00,1.04459,1.04479,1.04411,1.04465,10.0,9.999999999998899e-05,1
2025-02-19 04:00:00,1.04463,1.0452,1.04446,1.04518,12.0,0.0005299999999999194,1
2025-02-19 05:00:00,1.04517,1.0452,1.04476,1.04513,9.0,-5.0000000000105516e-05,1
2025-02-19 06:00:00,1.04513,1.0453,1.04482,1.04523,12.0,0.00010000000000021103,1
2025-02-19 07:00:00,1.04522,1.04562,1.0449,1.04561,-4.0,0.0003799999999998249,1
2025-02-19 08:00:00,1.04558,1.04612,1.04543,1.04548,-10.0,-0.00012999999999996348,1
2025-02-19 09:00:00,1.04547,1.04594,1.04486,1.04511,-16.0,-0.00036999999999998145,1
2025-02-19 10:00:00,1.04517,1.04558,1.04386,1.04405,121.0,-0.001060000000000061,1
2025-02-19 11:00:00,1.04404,1.0443500000000001,1.04284,1.0429,35.0,-0.0011499999999999844,1
2025-02-19 12:00:00,1.04291,1.04295,1.04188,1.04237,-13.0,-0.0005299999999999194,1
2025-02-19 13:00:00,1.0424,1.0433,1.042,1.04244,22.0,7.00000000000145e-05,1
2025-02-19 14:00:00,1.04245,1.04317,1.04217,1.04281,44.0,0.00036999999999998145,1
2025-02-19 15:00:00,1.04282,1.04351,1.04251,1.04337,-40.0,0.0005599999999998939,1
2025-02-19 16:00:00,1.04337,1.04379,1.04273,1.04339,-24.0,2.0000000000131024e-05,1
2025-02-19 17:00:00,1.04341,1.04415,1.04215,1.0424,-57.0,-0.0010099999999999554,1
2025-02-19 18:00:00,1.04242,1.04251,1.04044,1.04045,-25.0,-0.0019499999999998963,1
2025-02-19 19:00:00,1.04044,1.0413000000000001,1.04006,1.04097,-11.0,0.0005199999999998539,1
2025-02-19 20:00:00,1.04097,1.04215,1.04083,1.04194,55.0,0.0009700000000001374,1
2025-02-19 21:00:00,1.04194,1.04325,1.04179,1.04255,13.0,0.0006099999999999994,1
2025-02-19 22:00:00,1.04253,1.04263,1.04209,1.0425200000000001,11.0,-2.999999999997449e-05,1
2025-02-19 23:00:00,1.04243,1.04262,1.04208,1.04213,-19.0,-0.0003900000000001125,1
2025-02-20 00:00:00,1.04157,1.04256,1.04143,1.0424,10.0,0.00026999999999999247,1
2025-02-20 01:00:00,1.04249,1.0426,1.04197,1.04209,-15.0,-0.00031000000000003247,1
2025-02-20 02:00:00,1.04209,1.04299,1.04195,1.0429,18.0,0.0008099999999999774,1
2025-02-20 03:00:00,1.04289,1.04328,1.04184,1.04213,-20.0,-0.0007699999999999374,1
2025-02-20 04:00:00,1.04214,1.04376,1.04201,1.04356,52.0,0.0014300000000000423,1
2025-02-20 05:00:00,1.04353,1.04361,1.04266,1.04312,7.0,-0.00043999999999999595,1
2025-02-20 06:00:00,1.0431300000000001,1.04315,1.04239,1.04303,-18.0,-9.000000000014552e-05,1
2025-02-20 07:00:00,1.04304,1.04343,1.04267,1.04273,-33.0,-0.00029999999999996696,1
2025-02-20 08:00:00,1.04274,1.04344,1.04244,1.04249,31.0,-0.00024000000000001798,1
2025-02-20 09:00:00,1.04253,1.04335,1.04234,1.04317,80.0,0.0006800000000000139,1
2025-02-20 10:00:00,1.04315,1.04421,1.04293,1.0433,1.0,0.00012999999999996348,1
2025-02-20 11:00:00,1.0433,1.04385,1.04285,1.04366,12.0,0.000360000000000138,1
2025-02-20 12:00:00,1.04367,1.04442,1.0434,1.04424,20.0,0.0005800000000000249,1
2025-02-20 13:00:00,1.04425,1.04465,1.04309,1.04382,-13.0,-0.00042000000000008697,1
2025-02-20 14:00:00,1.04385,1.0444,1.04334,1.04356,-1.0,-0.00025999999999992696,1
2025-02-20 15:00:00,1.04356,1.0455,1.04348,1.04483,-18.0,0.0012699999999998823,1
2025-02-20 16:00:00,1.04484,1.04604,1.0442,1.04463,-42.0,-0.00019999999999997797,1
2025-02-20 17:00:00,1.04464,1.04754,1.0441799999999999,1.04739,46.0,0.0027399999999999647,1
2025-02-20 18:00:00,1.04734,1.04783,1.04641,1.04748,-24.0,0.0001100000000000545,1
2025-02-20 19:00:00,1.04747,1.04947,1.0471,1.04891,41.0,0.0014199999999999768,1
2025-02-20 20:00:00,1.04893,1.04985,1.04852,1.04977,83.0,0.0008600000000000829,1
2025-02-20 21:00:00,1.04978,1.05033,1.04892,1.05014,2.0,0.00036999999999998145,1
2025-02-20 22:00:00,1.05012,1.05032,1.04951,1.05026,15.0,0.00011999999999989797,1
2025-02-20 23:00:00,1.0501800000000001,1.05029,1.04996,1.05,-7.0,-0.00025999999999992696,1
2025-02-21 00:00:00,1.04936,1.05007,1.04891,1.04969,-3.0,-0.00036999999999998145,1
2025-02-21 01:00:00,1.04978,1.05058,1.04977,1.0500099999999999,-9.0,0.0003799999999998249,1
2025-02-21 02:00:00,1.0500099999999999,1.05003,1.04892,1.04902,-89.0,-0.0009899999999998244,1
2025-02-21 03:00:00,1.04901,1.04932,1.04842,1.04864,-60.0,-0.00038000000000004697,1
2025-02-21 04:00:00,1.04865,1.05028,1.04863,1.05024,64.0,0.0016000000000000458,1
2025-02-21 05:00:00,1.05025,1.05047,1.04993,1.05023,7.0,-1.0000000000065512e-05,1
2025-02-21 06:00:00,1.05024,1.05049,1.04973,1.04992,7.0,-0.00031000000000003247,1
2025-02-21 07:00:00,1.04991,1.05008,1.04917,1.0493,-28.0,-0.0006200000000000649,1
2025-02-21 08:00:00,1.04929,1.04942,1.04877,1.04888,-44.0,-0.0004199999999998649,1
2025-02-21 09:00:00,1.0489,1.04998,1.0489,1.04923,-30.0,0.0003500000000000725,1
2025-02-21 10:00:00,1.04924,1.04944,1.04678,1.0477,12.0,-0.0015300000000000313,1
2025-02-21 11:00:00,1.04772,1.04813,1.04665,1.04689,-8.0,-0.0008099999999999774,1
2025-02-21 12:00:00,1.0469,1.04722,1.04648,1.04649,29.0,-0.000400000000000178,1
2025-02-21 13:00:00,1.04648,1.04742,1.04631,1.0469,23.0,0.00041000000000002146,1
2025-02-21 14:00:00,1.04691,1.04713,1.04593,1.04617,4.0,-0.0007299999999998974,1
2025-02-21 15:00:00,1.04621,1.04781,1.04612,1.04751,118.0,0.0013399999999998968,1
2025-02-21 16:00:00,1.0475,1.04924,1.04701,1.04811,49.0,0.000600000000000156,1
2025-02-21 17:00:00,1.04806,1.04862,1.04525,1.04542,-104.0,-0.0026399999999999757,1
2025-02-21 18:00:00,1.04542,1.04577,1.04492,1.04548,9.0,5.999999999994898e-05,1
2025-02-21 19:00:00,1.04548,1.04643,1.04523,1.04628,54.0,0.0008000000000001339,1
2025-02-21 20:00:00,1.04628,1.0468,1.04507,1.04596,38.0,-0.000300000000000189,1
2025-02-21 21:00:00,1.04595,1.04666,1.04572,1.04622,87.0,0.000280000000000058,1
2025-02-21 22:00:00,1.04619,1.04644,1.0457,1.04608,8.0,-0.000180000000000069,1
2025-02-21 23:00:00,1.04601,1.04614,1.04495,1.04571,-18.0,-0.00036999999999998145,1
2025-02-24 00:00:00,1.04684,1.04832,1.04568,1.04737,31.0,0.000520000000000076,1
2025-02-24 01:00:00,1.04743,1.04846,1.04711,1.0474,36.0,4.0000000000040004e-05,1
2025-02-24 02:00:00,1.04741,1.05073,1.04718,1.05039,136.0,0.002989999999999826,1
2025-02-24 03:00:00,1.05039,1.05208,1.05026,1.05177,-7.0,0.0013800000000001589,1
2025-02-24 04:00:00,1.05177,1.05283,1.05154,1.05226,8.0,0.0004899999999998794,1
2025-02-24 05:00:00,1.0523,1.05258,1.05162,1.05193,14.0,-0.00032999999999994145,1
2025-02-24 06:00:00,1.05192,1.05207,1.05112,1.05157,-1.0,-0.000360000000000138,1
2025-02-24 07:00:00,1.05156,1.05197,1.05099,1.05164,18.0,7.00000000000145e-05,1
2025-02-24 08:00:00,1.05162,1.05162,1.05011,1.05088,-15.0,-0.0007699999999999374,1
2025-02-24 09:00:00,1.05086,1.05148,1.04866,1.04912,-13.0,-0.0017199999999999438,1
2025-02-24 10:00:00,1.04912,1.04925,1.04696,1.04803,-3.0,-0.0011200000000000099,1
2025-02-24 11:00:00,1.04802,1.04847,1.04688,1.04723,6.0,-0.0007999999999999119,1
2025-02-24 12:00:00,1.04722,1.04804,1.04669,1.04803,-28.0,0.0007999999999999119,1
2025-02-24 13:00:00,1.04804,1.04815,1.04637,1.04687,-63.0,-0.0011600000000000499,1
2025-02-24 14:00:00,1.04686,1.04727,1.046,1.04687,42.0,0.0,1
2025-02-24 15:00:00,1.04689,1.04757,1.04647,1.04672,16.0,-0.00014999999999987246,1
2025-02-24 16:00:00,1.04671,1.04698,1.04528,1.04607,-48.0,-0.0006500000000000394,1
2025-02-24 17:00:00,1.04608,1.04707,1.046,1.04689,-50.0,0.0008100000000001994,1
2025-02-24 18:00:00,1.0469,1.04803,1.04656,1.04778,64.0,0.0008899999999998354,1
2025-02-24 19:00:00,1.04777,1.04839,1.04678,1.04726,-49.0,-0.0005199999999998539,1
2025-02-24 20:00:00,1.04725,1.04858,1.04706,1.04807,31.0,0.0008099999999999774,1
2025-02-24 21:00:00,1.04806,1.04842,1.04726,1.04749,-55.0,-0.0005800000000000249,1
2025-02-24 22:00:00,1.04751,1.04795,1.04645,1.04651,-40.0,-0.0009799999999999809,1
2025-02-24 23:00:00,1.04644,1.0468,1.04611,1.04665,14.0,0.000140000000000029,1
2025-02-25 00:00:00,1.04662,1.04693,1.04605,1.04682,12.0,0.00017000000000000348,1
2025-02-25 01:00:00,1.04691,1.04691,1.04602,1.04612,-30.0,-0.000700000000000145,1
2025-02-25 02:00:00,1.04615,1.04642,1.04595,1.04628,5.0,0.00016000000000016001,1
2025-02-25 03:00:00,1.0463,1.04658,1.04605,1.04649,-22.0,0.00020999999999982144,1
2025-02-25 04:00:00,1.04648,1.04748,1.04648,1.04746,63.0,0.0009700000000001374,1
2025-02-25 05:00:00,1.04747,1.0476,1.04711,1.04729,25.0,-0.00017000000000000348,1
2025-02-25 06:00:00,1.0473,1.04773,1.04723,1.04729,-3.0,0.0,1
2025-02-25 07:00:00,1.04728,1.04782,1.0472,1.04767,15.0,0.00038000000000004697,1
2025-02-25 08:00:00,1.04766,1.04802,1.04724,1.04767,3.0,0.0,1
2025-02-25 09:00:00,1.04767,1.04777,1.04633,1.04645,-2.0,-0.0012199999999999989,1
2025-02-25 10:00:00,1.04643,1.04787,1.0456,1.04704,66.0,0.0005899999999998684,1
2025-02-25 11:00:00,1.04705,1.04789,1.04683,1.04728,33.0,0.00024000000000001798,1
2025-02-25 12:00:00,1.0473,1.04742,1.04652,1.04731,23.0,2.999999999997449e-05,1
2025-02-25 13:00:00,1.04725,1.04897,1.04713,1.04895,46.0,0.0016400000000000858,1
2025-02-25 14:00:00,1.04895,1.0500099999999999,1.04886,1.04935,-88.0,0.00039999999999995595,1
2025-02-25 15:00:00,1.04936,1.05098,1.04935,1.05,3.0,0.0006500000000000394,1
2025-02-25 16:00:00,1.05006,1.0505,1.04918,1.05024,28.0,0.00024000000000001798,1
2025-02-25 17:00:00,1.05024,1.05193,1.04952,1.04987,-26.0,-0.00036999999999998145,1
2025-02-25 18:00:00,1.04987,1.0506199999999999,1.04945,1.04979,-35.0,-8.000000000008001e-05,1
2025-02-25 19:00:00,1.04978,1.05021,1.04837,1.05019,32.0,0.00039999999999995595,1
2025-02-25 20:00:00,1.0502,1.05179,1.0501800000000001,1.05085,27.0,0.000660000000000105,1
2025-02-25 21:00:00,1.05085,1.05127,1.05043,1.05102,0.0,0.00017000000000000348,1
2025-02-25 22:00:00,1.05103,1.0519,1.0509,1.05161,10.0,0.0005899999999998684,1
2025-02-25 23:00:00,1.05152,1.05169,1.05114,1.05115,12.0,-0.00045999999999990493,1
2025-02-26 00:00:00,1.05095,1.0514000000000001,1.05088,1.05128,18.0,0.00012999999999996348,1
2025-02-26 01:00:00,1.05129,1.05229,1.0512299999999999,1.052,43.0,0.0007200000000000539,1
2025-02-26 02:00:00,1.05202,1.05248,1.05191,1.05225,51.0,0.00024999999999986144,1
2025-02-26 03:00:00,1.05224,1.05234,1.05137,1.05154,-36.0,-0.0007099999999999884,1
2025-02-26 04:00:00,1.05154,1.05167,1.05041,1.0506199999999999,-54.0,-0.0009200000000000319,1
2025-02-26 05:00:00,1.05063,1.05087,1.05012,1.05047,22.0,-0.00014999999999987246,1
2025-02-26 06:00:00,1.05045,1.05054,1.04965,1.04971,-39.0,-0.0007600000000000939,1
2025-02-26 07:00:00,1.0497,1.04982,1.04903,1.04916,-13.0,-0.0005499999999998284,1
2025-02-26 08:00:00,1.04912,1.04964,1.04871,1.04945,-1.0,0.00028999999999990145,1
2025-02-26 09:00:00,1.04947,1.05013,1.04923,1.04939,-18.0,-5.0000000000105516e-05,1
2025-02-26 10:00:00,1.04936,1.05118,1.04916,1.05024,31.0,0.0008400000000001739,1
2025-02-26 11:00:00,1.05025,1.05033,1.04947,1.04972,-43.0,-0.000520000000000076,1
2025-02-26 12:00:00,1.04973,1.05011,1.0491,1.04973,-21.0,1.0000000000065512e-05,1
2025-02-26 13:00:00,1.04972,1.05022,1.04865,1.04917,7.0,-0.000560000000000116,1
2025-02-26 14:00:00,1.04913,1.04951,1.04749,1.04764,-31.0,-0.0015300000000000313,1
2025-02-26 15:00:00,1.04768,1.04948,1.04767,1.04842,73.0,0.0007900000000000684,1
2025-02-26 16:00:00,1.0484,1.04928,1.04821,1.04896,56.0,0.0005299999999999194,1
2025-02-26 17:00:00,1.04895,1.05092,1.04791,1.0506,108.0,0.0016499999999999293,1
2025-02-26 18:00:00,1.0506,1.05156,1.0502,1.05133,75.0,0.0007300000000001194,1
2025-02-26 19:00:00,1.05135,1.05286,1.04833,1.04924,71.0,-0.0020900000000001473,1
2025-02-26 20:00:00,1.0492,1.05003,1.04848,1.04882,-16.0,-0.0004199999999998649,1
2025-02-26 21:00:00,1.04881,1.04936,1.0482,1.04908,15.0,0.00025999999999992696,1
2025-02-26 22:00:00,1.04907,1.04911,1.04806,1.04852,-25.0,-0.00048000000000003595,1
2025-02-26 23:00:00,1.04849,1.04874,1.04775,1.04823,54.0,-0.00036999999999998145,1
2025-02-27 00:00:00,1.04767,1.04879,1.04767,1.04877,-11.0,0.00045999999999990493,1
2025-02-27 01:00:00,1.04876,1.04926,1.04863,1.0488,-10.0,0.0001100000000000545,1
2025-02-27 02:00:00,1.0488,1.0488,1.04769,1.04774,-84.0,-0.001060000000000061,1
2025-02-27 03:00:00,1.04776,1.04833,1.04727,1.04781,1.0,8.000000000008001e-05,1
2025-02-27 04:00:00,1.04781,1.04805,1.04703,1.04708,-17.0,-0.0007399999999999629,1
2025-02-27 05:00:00,1.04709,1.04745,1.04646,1.04657,-30.0,-0.0005100000000000104,1
2025-02-27 06:00:00,1.04655,1.04695,1.0459,1.04627,14.0,-0.0002500000000000835,1
2025-02-27 07:00:00,1.04628,1.04655,1.04616,1.04651,-35.0,0.0001900000000001345,1
2025-02-27 08:00:00,1.04647,1.04728,1.04638,1.04718,49.0,0.0006699999999999484,1
2025-02-27 09:00:00,1.0472,1.04803,1.04683,1.0475,-32.0,0.000320000000000098,1
2025-02-27 10:00:00,1.0475,1.04803,1.04703,1.04782,22.0,0.00031999999999987594,1
2025-02-27 11:00:00,1.04782,1.04853,1.04749,1.0484,34.0,0.0005800000000000249,1
2025-02-27 12:00:00,1.04843,1.04843,1.04737,1.04812,-16.0,-0.000280000000000058,1
2025-02-27 13:00:00,1.04815,1.04874,1.04757,1.04761,-49.0,-0.0005100000000000104,1
2025-02-27 14:00:00,1.04757,1.04842,1.04731,1.04768,9.0,7.00000000000145e-05,1
2025-02-27 15:00:00,1.04761,1.04898,1.04195,1.04233,-139.0,-0.005349999999999966,1
2025-02-27 16:00:00,1.04232,1.04417,1.04138,1.04199,-47.0,-0.00034000000000000696,1
2025-02-27 17:00:00,1.04201,1.04279,1.04094,1.0415,0.0,-0.0005100000000000104,1
2025-02-27 18:00:00,1.04156,1.04163,1.04033,1.04139,-59.0,-0.0001100000000000545,1
2025-02-27 19:00:00,1.04139,1.04182,1.04001,1.04074,-27.0,-0.0006500000000000394,1
2025-02-27 20:00:00,1.04078,1.0417399999999999,1.04075,1.04173,44.0,0.0009900000000000464,1
2025-02-27 21:00:00,1.04173,1.04178,1.04033,1.04042,-72.0,-0.0013100000000001444,1
2025-02-27 22:00:00,1.04042,1.04083,1.04013,1.04046,1.0,4.0000000000040004e-05,1
2025-02-27 23:00:00,1.04044,1.04046,1.03957,1.03963,-19.0,-0.0008299999999998864,1
2025-02-28 00:00:00,1.03927,1.03983,1.0388,1.03951,-30.0,-0.00019999999999997797,1
2025-02-28 01:00:00,1.03948,1.04004,1.03927,1.03935,-12.0,-8.000000000008001e-05,1
2025-02-28 02:00:00,1.03937,1.04028,1.03937,1.04022,28.0,0.0008699999999999264,1
2025-02-28 03:00:00,1.04022,1.04044,1.03843,1.03848,-45.0,-0.0017399999999998528,1
2025-02-28 04:00:00,1.03846,1.03917,1.03803,1.03825,38.0,-0.0002300000000001745,1
2025-02-28 05:00:00,1.03827,1.03896,1.0381,1.03884,17.0,0.0005900000000000905,1
2025-02-28 06:00:00,1.03885,1.0391,1.03859,1.03866,-20.0,-0.000180000000000069,1
2025-02-28 07:00:00,1.03867,1.03902,1.03841,1.0389,-8.0,0.00024000000000001798,1
2025-02-28 08:00:00,1.03887,1.03891,1.03824,1.03878,-21.0,-0.00011999999999989797,1
2025-02-28 09:00:00,1.03877,1.04007,1.03858,1.03962,30.0,0.0008500000000000174,1
2025-02-28 10:00:00,1.03963,1.04044,1.0395,1.04011,-85.0,0.00048000000000003595,1
2025-02-28 11:00:00,1.04015,1.0408,1.03942,1.03955,-32.0,-0.000560000000000116,1
2025-02-28 12:00:00,1.03955,1.04062,1.03923,1.03991,43.0,0.00035999999999991594,1
2025-02-28 13:00:00,1.03991,1.04012,1.03933,1.03989,-49.0,-1.999999999990898e-05,1
2025-02-28 14:00:00,1.03986,1.04081,1.03978,1.04067,36.0,0.0007800000000000029,1
2025-02-28 15:00:00,1.04067,1.04163,1.04053,1.04073,-8.0,5.999999999994898e-05,1
2025-02-28 16:00:00,1.04072,1.04143,1.04009,1.04096,21.0,0.0002300000000001745,1
2025-02-28 17:00:00,1.04096,1.042,1.03936,1.03997,-86.0,-0.0009900000000000464,1
2025-02-28 18:00:00,1.04001,1.04114,1.03984,1.04018,102.0,0.00021000000000004349,1
2025-02-28 19:00:00,1.04016,1.04098,1.03902,1.03963,-25.0,-0.0005500000000000504,1
2025-02-28 20:00:00,1.03961,1.03981,1.03625,1.03634,6.0,-0.003290000000000015,1
2025-02-28 21:00:00,1.03633,1.03734,1.03597,1.03674,1.0,0.00039999999999995595,1
2025-02-28 22:00:00,1.03675,1.03769,1.03621,1.03746,38.0,0.0007099999999999884,1
2025-02-28 23:00:00,1.03738,1.0376,1.03679,1.03743,-34.0,-1.999999999990898e-05,1
2025-03-03 00:00:00,1.04025,1.04038,1.03914,1.0403,-4.0,5.0000000000105516e-05,1
2025-03-03 01:00:00,1.04039,1.04212,1.03998,1.04122,-28.0,0.0009200000000000319,1
2025-03-03 02:00:00,1.04119,1.042,1.04026,1.04092,-15.0,-0.00029999999999996696,1
2025-03-03 03:00:00,1.04093,1.04232,1.04074,1.04198,88.0,0.0010599999999998388,1
2025-03-03 04:00:00,1.04194,1.04231,1.04147,1.04196,9.0,-1.999999999990898e-05,1
2025-03-03 05:00:00,1.04196,1.04198,1.04099,1.04171,15.0,-0.0002500000000000835,1
2025-03-03 06:00:00,1.04171,1.04205,1.04164,1.04179,34.0,8.000000000008001e-05,1
2025-03-03 07:00:00,1.04176,1.04195,1.04125,1.04145,-7.0,-0.00034000000000000696,1
2025-03-03 08:00:00,1.04146,1.04165,1.04067,1.04078,-49.0,-0.0006099999999999994,1
2025-03-03 09:00:00,1.04079,1.04103,1.04018,1.04057,-6.0,-0.00026999999999999247,1
2025-03-03 10:00:00,1.04056,1.04068,1.03885,1.04008,-20.0,-0.0004900000000001015,1
2025-03-03 11:00:00,1.04013,1.04291,1.04012,1.04271,-11.0,0.0026000000000001577,1
2025-03-03 12:00:00,1.04272,1.0445,1.04272,1.0441799999999999,-43.0,0.0014999999999998348,1
2025-03-03 13:00:00,1.0441799999999999,1.04581,1.04403,1.04524,15.0,0.001060000000000061,1
2025-03-03 14:00:00,1.04525,1.04761,1.04525,1.04702,67.0,0.0018000000000000238,1
2025-03-03 15:00:00,1.04703,1.04766,1.04595,1.04719,-11.0,0.0001500000000000945,1
2025-03-03 16:00:00,1.04718,1.04907,1.04687,1.04828,64.0,0.0010799999999999699,1
2025-03-03 17:00:00,1.048,1.05039,1.04768,1.04844,61.0,0.00017000000000000348,1
2025-03-03 18:00:00,1.0484,1.05015,1.0484,1.04959,83.0,0.0011499999999999844,1
2025-03-03 19:00:00,1.04956,1.04968,1.04866,1.04902,16.0,-0.0005699999999999594,1
2025-03-03 20:00:00,1.04903,1.05042,1.0482,1.04869,28.0,-0.0003300000000001635,1
2025-03-03 21:00:00,1.04868,1.04938,1.04722,1.04732,-10.0,-0.0013699999999998713,1
2025-03-03 22:00:00,1.04729,1.04852,1.04665,1.04816,-1.0,0.0008399999999999519,1
2025-03-03 23:00:00,1.04814,1.04919,1.04795,1.04851,22.0,0.0003500000000000725,1
2025-03-04 00:00:00,1.04854,1.04883,1.04814,1.04883,9.0,0.00024000000000001798,1
2025-03-04 01:00:00,1.04874,1.04924,1.04767,1.04852,31.0,-0.0002300000000001745,1
2025-03-04 02:00:00,1.04853,1.04886,1.04769,1.0488,25.0,0.000280000000000058,1
2025-03-04 03:00:00,1.04878,1.04961,1.04821,1.04881,-53.0,1.0000000000065512e-05,1
2025-03-04 04:00:00,1.04882,1.04901,1.04801,1.04808,-61.0,-0.0007300000000001194,1
2025-03-04 05:00:00,1.04809,1.04837,1.04746,1.04774,42.0,-0.00034000000000000696,1
2025-03-04 06:00:00,1.04774,1.04805,1.04712,1.04784,-3.0,0.00010000000000021103,1
2025-03-04 07:00:00,1.04782,1.04861,1.04709,1.04832,46.0,0.0004799999999998139,1
2025-03-04 08:00:00,1.04833,1.04898,1.04788,1.04863,-4.0,0.00031000000000003247,1
2025-03-04 09:00:00,1.04868,1.05007,1.04811,1.04929,12.0,0.000660000000000105,1
2025-03-04 10:00:00,1.04926,1.05241,1.04865,1.05187,55.0,0.002569999999999961,1
2025-03-04 11:00:00,1.05185,1.05274,1.05092,1.05118,-58.0,-0.0006800000000000139,1
2025-03-04 12:00:00,1.0512299999999999,1.05197,1.05023,1.05115,69.0,-2.999999999997449e-05,1
2025-03-04 13:00:00,1.05115,1.05446,1.05097,1.05441,58.0,0.0032600000000000406,1
2025-03-04 14:00:00,1.05443,1.0557,1.05362,1.05531,14.0,0.0008799999999999919,1
2025-03-04 15:00:00,1.05536,1.05599,1.05309,1.05389,63.0,-0.0014000000000000679,1
2025-03-04 16:00:00,1.05388,1.05487,1.05207,1.05217,-59.0,-0.0017199999999999438,1
2025-03-04 17:00:00,1.05213,1.05281,1.04963,1.0526200000000001,5.0,0.0004900000000001015,1
2025-03-04 18:00:00,1.05264,1.05398,1.05152,1.05338,133.0,0.0007599999999998719,1
2025-03-04 19:00:00,1.05338,1.0544,1.05306,1.05415,17.0,0.0007699999999999374,1
2025-03-04 20:00:00,1.05416,1.05912,1.05375,1.05903,71.0,0.0048799999999999955,1
2025-03-04 21:00:00,1.05903,1.0602,1.05862,1.06006,83.0,0.0010300000000000864,1
2025-03-04 22:00:00,1.06007,1.06239,1.06004,1.06089,74.0,0.0008300000000001084,1
2025-03-04 23:00:00,1.06082,1.06269,1.06076,1.06246,-42.0,0.0015699999999998493,1
2025-03-05 00:00:00,1.06192,1.06249,1.06153,1.062,10.0,-0.00045999999999990493,1
2025-03-05 01:00:00,1.06196,1.06372,1.06195,1.06235,-20.0,0.00034999999999985043,1
2025-03-05 02:00:00,1.0623,1.06271,1.06109,1.06208,-9.0,-0.00026999999999999247,1
2025-03-05 03:00:00,1.06207,1.06273,1.06087,1.06123,-33.0,-0.0008500000000000174,1
2025-03-05 04:00:00,1.06124,1.06161,1.06038,1.06043,-40.0,-0.0007899999999998464,1
2025-03-05 05:00:00,1.0604,1.06204,1.0602,1.06179,0.0,0.0013499999999999623,1
2025-03-05 06:00:00,1.06181,1.06258,1.06152,1.0619,9.0,0.0001100000000000545,1
2025-03-05 07:00:00,1.06191,1.06325,1.06187,1.0631599999999999,81.0,0.0012900000000000134,1
2025-03-05 08:00:00,1.06312,1.0639,1.06241,1.06321,-21.0,1.999999999990898e-05,1
2025-03-05 09:00:00,1.06325,1.06766,1.06295,1.06739,119.0,0.0042599999999999305,1
2025-03-05 10:00:00,1.06736,1.06998,1.06585,1.06982,-37.0,0.0023500000000000743,1
2025-03-05 11:00:00,1.06977,1.07222,1.06955,1.07115,-43.0,0.0013300000000000534,1
2025-03-05 12:00:00,1.07116,1.0715,1.06834,1.06972,-57.0,-0.0014300000000000423,1
2025-03-05 13:00:00,1.06973,1.06987,1.06764,1.06789,-56.0,-0.0018299999999999983,1
2025-03-05 14:00:00,1.06793,1.07141,1.06786,1.06954,36.0,0.0016499999999999293,1
2025-03-05 15:00:00,1.06956,1.07226,1.06859,1.07159,15.0,0.0020500000000001073,1
2025-03-05 16:00:00,1.07155,1.07772,1.07138,1.07694,89.0,0.005349999999999966,1
2025-03-05 17:00:00,1.07653,1.07708,1.0741,1.0765,-9.0,-2.999999999997449e-05,1
2025-03-05 18:00:00,1.07652,1.0787,1.07613,1.07674,27.0,0.00024000000000001798,1
2025-03-05 19:00:00,1.07672,1.07879,1.07625,1.0785,-3.0,0.0017499999999999183,1
2025-03-05 20:00:00,1.07851,1.07891,1.07638,1.07737,37.0,-0.0011200000000000099,1
2025-03-05 21:00:00,1.07738,1.0790899999999999,1.07698,1.079,60.0,0.0016200000000001769,1
2025-03-05 22:00:00,1.07898,1.07969,1.07877,1.07916,41.0,0.00016999999999978144,1
2025-03-05 23:00:00,1.07912,1.07922,1.07846,1.0788,-25.0,-0.00035999999999991594,1
2025-03-06 00:00:00,1.07878,1.07921,1.07857,1.07905,-5.0,0.0002500000000000835,1
2025-03-06 01:00:00,1.0790899999999999,1.07953,1.07872,1.07944,-10.0,0.00038999999999989043,1
2025-03-06 02:00:00,1.07943,1.08026,1.07872,1.07946,-38.0,2.0000000000131024e-05,1
2025-03-06 03:00:00,1.07946,1.08201,1.07894,1.08153,87.0,0.0020700000000000163,1
2025-03-06 04:00:00,1.08155,1.08189,1.0798,1.08052,-38.0,-0.0010100000000001774,1
2025-03-06 05:00:00,1.08053,1.08053,1.07883,1.07897,-44.0,-0.0015499999999999403,1
2025-03-06 06:00:00,1.07898,1.08039,1.07839,1.08033,69.0,0.0013600000000000279,1
2025-03-06 07:00:00,1.08033,1.08118,1.08,1.08101,17.0,0.0006800000000000139,1
2025-03-06 08:00:00,1.08107,1.082,1.0799,1.08025,-85.0,-0.0007600000000000939,1
2025-03-06 09:00:00,1.08025,1.08223,1.07918,1.07994,-27.0,-0.00031000000000003247,1
2025-03-06 10:00:00,1.07991,1.0817,1.07928,1.08014,48.0,0.00020000000000020002,1
2025-03-06 11:00:00,1.0801,1.08066,1.07803,1.07997,58.0,-0.00017000000000000348,1
2025-03-06 12:00:00,1.07997,1.08034,1.07827,1.07921,-1.0,-0.0007600000000000939,1
2025-03-06 13:00:00,1.0792,1.08012,1.07833,1.07991,88.0,0.0006999999999999229,1
2025-03-06 14:00:00,1.07992,1.08071,1.0788,1.08,73.0,9.000000000014552e-05,1
2025-03-06 15:00:00,1.07999,1.08455,1.0791,1.08263,-18.0,0.00262999999999991,1
2025-03-06 16:00:00,1.08264,1.08411,1.08113,1.08373,64.0,0.001100000000000101,1
2025-03-06 17:00:00,1.08369,1.08541,1.08114,1.08168,-7.0,-0.0020100000000000673,1
2025-03-06 18:00:00,1.08172,1.08383,1.08153,1.08173,-136.0,5.0000000000105516e-05,1
2025-03-06 19:00:00,1.08169,1.08223,1.07913,1.07968,-30.0,-0.0020500000000001073,1
2025-03-06 20:00:00,1.07968,1.08019,1.0765500000000001,1.07839,41.0,-0.0012900000000000134,1
2025-03-06 21:00:00,1.07839,1.08116,1.07826,1.08018,122.0,0.0017899999999999583,1
2025-03-06 22:00:00,1.08016,1.08034,1.07853,1.07861,-60.0,-0.0015699999999998493,1
2025-03-06 23:00:00,1.07862,1.07897,1.07742,1.07802,19.0,-0.0006700000000001705,1
2025-03-07 00:00:00,1.07795,1.0792,1.07758,1.07905,57.0,0.0011100000000001664,1
2025-03-07 01:00:00,1.07894,1.07961,1.07845,1.07875,1.0,-0.00029999999999996696,1
2025-03-07 02:00:00,1.07874,1.07955,1.07868,1.07873,70.0,-2.0000000000131024e-05,1
2025-03-07 03:00:00,1.07875,1.07929,1.07811,1.07902,-20.0,0.0002900000000001235,1
2025-03-07 04:00:00,1.07903,1.07995,1.07846,1.07993,43.0,0.0009099999999999664,1
2025-03-07 05:00:00,1.07994,1.08144,1.07963,1.08056,33.0,0.0006299999999999084,1
2025-03-07 06:00:00,1.08054,1.08132,1.08027,1.08129,5.0,0.0007300000000001194,1
2025-03-07 07:00:00,1.08132,1.08176,1.08075,1.08131,-3.0,1.999999999990898e-05,1
2025-03-07 08:00:00,1.08131,1.08251,1.08079,1.08233,32.0,0.0010200000000000209,1
2025-03-07 09:00:00,1.0823,1.08409,1.08199,1.08296,-37.0,0.0006099999999999994,1
2025-03-07 10:00:00,1.08297,1.08551,1.08262,1.08508,41.0,0.0021400000000000308,1
2025-03-07 11:00:00,1.08505,1.08716,1.08444,1.08613,-40.0,0.0010499999999999954,1
2025-03-07 12:00:00,1.08613,1.08673,1.08573,1.08605,-46.0,-8.000000000008001e-05,1
2025-03-07 13:00:00,1.08601,1.08601,1.08447,1.08488,-95.0,-0.0011600000000000499,1
2025-03-07 14:00:00,1.08485,1.08575,1.08411,1.08546,-45.0,0.0005700000000001815,1
2025-03-07 15:00:00,1.08548,1.08887,1.08432,1.08445,-36.0,-0.0010100000000001774,1
2025-03-07 16:00:00,1.08449,1.08817,1.08443,1.08539,160.0,0.0009400000000001629,1
2025-03-07 17:00:00,1.08537,1.08868,1.08355,1.087,103.0,0.0016300000000000203,1
2025-03-07 18:00:00,1.08701,1.0873,1.08379,1.08588,91.0,-0.0011200000000000099,1
2025-03-07 19:00:00,1.08589,1.08644,1.08319,1.08434,62.0,-0.0015399999999998748,1
2025-03-07 20:00:00,1.08432,1.08442,1.08256,1.08398,84.0,-0.000360000000000138,1
2025-03-07 21:00:00,1.08397,1.0844,1.08333,1.08425,27.0,0.00026999999999999247,1
2025-03-07 22:00:00,1.08424,1.0849199999999999,1.08399,1.08462,-11.0,0.00046999999999997044,1
2025-03-07 23:00:00,1.08461,1.08506,1.0832,1.08325,-53.0,-0.0014699999999998603,1
2025-03-10 00:00:00,1.08373,1.08589,1.08367,1.08486,39.0,0.0011299999999998533,1
2025-03-10 01:00:00,1.08494,1.08654,1.0848200000000001,1.08599,34.0,0.0011300000000000754,1
2025-03-10 02:00:00,1.086,1.08669,1.0853,1.0864,18.0,0.00041000000000002146,1
2025-03-10 03:00:00,1.08639,1.08709,1.08526,1.08531,-44.0,-0.0010900000000000354,1
2025-03-10 04:00:00,1.0853,1.08559,1.08356,1.08372,-78.0,-0.0015899999999999803,1
2025-03-10 05:00:00,1.0836999999999999,1.08386,1.083,1.08317,-45.0,-0.0005500000000000504,1
2025-03-10 06:00:00,1.08316,1.08378,1.08301,1.08305,-8.0,-0.00011999999999989797,1
2025-03-10 07:00:00,1.08304,1.08358,1.08277,1.08352,-62.0,0.00046999999999997044,1
2025-03-10 08:00:00,1.08352,1.08449,1.08343,1.08374,-10.0,0.00021999999999988695,1
2025-03-10 09:00:00,1.08374,1.08438,1.0811,1.08221,-30.0,-0.0015300000000000313,1
2025-03-10 10:00:00,1.08224,1.08243,1.0805,1.08102,68.0,-0.0011899999999998023,1
2025-03-10 11:00:00,1.08102,1.08568,1.08085,1.08514,-43.0,0.0041199999999999015,1
2025-03-10 12:00:00,1.08513,1.08745,1.08504,1.08608,-54.0,0.0009399999999999409,1
2025-03-10 13:00:00,1.08608,1.08642,1.08124,1.08503,29.0,-0.0010499999999999954,1
2025-03-10 14:00:00,1.08506,1.08602,1.08419,1.08442,-87.0,-0.0006099999999999994,1
2025-03-10 15:00:00,1.08443,1.08509,1.08333,1.08352,9.0,-0.0008999999999999009,1
2025-03-10 16:00:00,1.08353,1.08468,1.08313,1.08453,71.0,0.0010099999999999554,1
2025-03-10 17:00:00,1.08454,1.0848200000000001,1.08209,1.08369,-5.0,-0.0008600000000000829,1
2025-03-10 18:00:00,1.08369,1.0842,1.0828,1.08305,-12.0,-0.0006699999999999484,1
2025-03-10 19:00:00,1.08303,1.08458,1.08255,1.08296,-68.0,-5.0000000000105516e-05,1
2025-03-10 20:00:00,1.08295,1.08349,1.08179,1.083,2.0,4.0000000000040004e-05,1
2025-03-10 21:00:00,1.08299,1.0832600000000001,1.08174,1.08314,-16.0,0.000140000000000029,1
2025-03-10 22:00:00,1.08308,1.08363,1.0825,1.08339,8.0,0.0002500000000000835,1
2025-03-10 23:00:00,1.08333,1.0836,1.08249,1.08344,20.0,4.999999999988347e-05,1
2025-03-11 00:00:00,1.08342,1.0841,1.0832600000000001,1.08338,-39.0,-5.999999999994898e-05,1
2025-03-11 01:00:00,1.08345,1.08436,1.08345,1.08392,41.0,0.0005399999999999849,1
2025-03-11 02:00:00,1.08391,1.08536,1.0839,1.08511,44.0,0.0011900000000000244,1
2025-03-11 03:00:00,1.08512,1.08584,1.08435,1.08579,18.0,0.0006800000000000139,1
2025-03-11 04:00:00,1.08578,1.08605,1.08499,1.08557,-30.0,-0.000220000000000109,1
2025-03-11 05:00:00,1.08558,1.08599,1.08487,1.08541,1.0,-0.00015999999999993797,1
2025-03-11 06:00:00,1.08541,1.08617,1.08502,1.08544,7.0,2.999999999997449e-05,1
2025-03-11 07:00:00,1.08545,1.08557,1.08355,1.08384,-110.0,-0.0016000000000000458,1
2025-03-11 08:00:00,1.08385,1.08757,1.08365,1.08566,-31.0,0.0018200000000001548,1
2025-03-11 09:00:00,1.08563,1.0901399999999999,1.08551,1.08905,69.0,0.003390000000000004,1
2025-03-11 10:00:00,1.08901,1.09194,1.08852,1.0917,-102.0,0.002649999999999819,1
2025-03-11 11:00:00,1.09169,1.09208,1.08959,1.09086,-53.0,-0.0008399999999999519,1
2025-03-11 12:00:00,1.09086,1.09086,1.08823,1.08907,-20.0,-0.0017899999999999583,1
2025-03-11 13:00:00,1.08907,1.09049,1.08811,1.09049,82.0,0.0014099999999999113,1
2025-03-11 14:00:00,1.09048,1.09204,1.09021,1.09179,50.0,0.0013100000000001444,1
2025-03-11 15:00:00,1.0918,1.09307,1.09113,1.09206,16.0,0.00026999999999999247,1
2025-03-11 16:00:00,1.09201,1.09207,1.08952,1.09194,-5.0,-0.00012000000000012001,1
2025-03-11 17:00:00,1.09194,1.09288,1.09122,1.09275,54.0,0.0008000000000001339,1
2025-03-11 18:00:00,1.09274,1.09294,1.09178,1.09253,48.0,-0.00021000000000004349,1
2025-03-11 19:00:00,1.09252,1.09349,1.09237,1.09337,14.0,0.0008399999999999519,1
2025-03-11 20:00:00,1.09339,1.09472,1.09252,1.09307,-77.0,-0.00026999999999999247,1
2025-03-11 21:00:00,1.0930900000000001,1.09341,1.09195,1.09199,-76.0,-0.0010999999999998789,1
2025-03-11 22:00:00,1.09193,1.09203,1.09093,1.09171,6.0,-0.0002900000000001235,1
2025-03-11 23:00:00,1.09169,1.09186,1.0907,1.09101,-17.0,-0.0006999999999999229,1
2025-03-12 00:00:00,1.0912,1.09181,1.09118,1.09145,-34.0,0.00043999999999999595,1
2025-03-12 01:00:00,1.0915300000000001,1.09177,1.09128,1.09144,42.0,-1.0000000000065512e-05,1
2025-03-12 02:00:00,1.0914,1.09157,1.09054,1.0909,-69.0,-0.0005399999999999849,1
2025-03-12 03:00:00,1.0909200000000001,1.09154,1.09058,1.09066,-9.0,-0.00024000000000001798,1
2025-03-12 04:00:00,1.09065,1.09116,1.09034,1.09039,-27.0,-0.00026999999999999247,1
2025-03-12 05:00:00,1.09038,1.0905,1.0896,1.08969,-13.0,-0.0006999999999999229,1
2025-03-12 06:00:00,1.08971,1.09028,1.08957,1.08989,-8.0,0.00019999999999997797,1
2025-03-12 07:00:00,1.08991,1.09044,1.0895,1.09033,6.0,0.00043999999999999595,1
2025-03-12 08:00:00,1.09035,1.09088,1.08919,1.0892,-40.0,-0.0011300000000000754,1
2025-03-12 09:00:00,1.08921,1.09033,1.08873,1.0901399999999999,27.0,0.0009200000000000319,1
2025-03-12 10:00:00,1.09012,1.0922,1.08976,1.09211,84.0,0.0019899999999999363,1
2025-03-12 11:00:00,1.09215,1.09266,1.09132,1.09147,-20.0,-0.0006399999999999739,1
2025-03-12 12:00:00,1.09141,1.09212,1.09044,1.09059,15.0,-0.0008799999999999919,1
2025-03-12 13:00:00,1.0906,1.0913,1.08993,1.09004,11.0,-0.0005500000000000504,1
2025-03-12 14:00:00,1.09007,1.0931899999999999,1.08761,1.08784,-144.0,-0.0022399999999997977,1
2025-03-12 15:00:00,1.08783,1.08964,1.08757,1.0882,76.0,0.00039999999999995595,1
2025-03-12 16:00:00,1.08818,1.09139,1.0881,1.09128,154.0,0.0030799999999999716,1
2025-03-12 17:00:00,1.09126,1.09245,1.09098,1.09245,68.0,0.0011900000000000244,1
2025-03-12 18:00:00,1.09245,1.0928,1.09058,1.09058,-66.0,-0.0018699999999998163,1
2025-03-12 19:00:00,1.09058,1.09142,1.09032,1.09069,47.0,0.00010999999999983245,1
2025-03-12 20:00:00,1.09069,1.09096,1.08798,1.08842,-82.0,-0.0022699999999999942,1
2025-03-12 21:00:00,1.08847,1.08976,1.08829,1.08905,-29.0,0.0006300000000001305,1
2025-03-12 22:00:00,1.08896,1.0893,1.0885,1.08869,-11.0,-0.000360000000000138,1
2025-03-12 23:00:00,1.08835,1.0889199999999999,1.08835,1.08841,-8.0,-0.00027999999999983594,1
2025-03-13 00:00:00,1.08874,1.08897,1.08866,1.08886,3.0,0.0004499999999998394,1
2025-03-13 01:00:00,1.08894,1.089,1.08832,1.08856,-5.0,-0.00029999999999996696,1
2025-03-13 02:00:00,1.08858,1.08915,1.08824,1.08912,50.0,0.000560000000000116,1
2025-03-13 03:00:00,1.08912,1.08933,1.08862,1.0889199999999999,-6.0,-0.00020000000000020002,1
2025-03-13 04:00:00,1.08891,1.08972,1.08887,1.08951,26.0,0.0005900000000000905,1
2025-03-13 05:00:00,1.08952,1.08955,1.08847,1.08851,-54.0,-0.0009999999999998899,1
2025-03-13 06:00:00,1.08851,1.08934,1.08815,1.08932,55.0,0.0008099999999999774,1
2025-03-13 07:00:00,1.08932,1.08935,1.08791,1.08853,-21.0,-0.0008300000000001084,1
2025-03-13 08:00:00,1.08854,1.08856,1.08695,1.08743,-59.0,-0.001060000000000061,1
2025-03-13 09:00:00,1.08745,1.0885,1.08596,1.08652,40.0,-0.0008599999999998609,1
2025-03-13 10:00:00,1.08652,1.08842,1.08591,1.0873599999999999,51.0,0.0007800000000000029,1
2025-03-13 11:00:00,1.08734,1.08856,1.08688,1.08795,40.0,0.0005999999999999339,1
2025-03-13 12:00:00,1.08797,1.08829,1.08622,1.08703,25.0,-0.0009200000000000319,1
2025-03-13 13:00:00,1.08702,1.08753,1.08447,1.08565,-5.0,-0.0014199999999999768,1
2025-03-13 14:00:00,1.08563,1.08779,1.08259,1.08348,47.0,-0.0021299999999999653,1
2025-03-13 15:00:00,1.0835,1.08531,1.08224,1.08476,109.0,0.0013199999999999878,1
2025-03-13 16:00:00,1.08476,1.08699,1.08465,1.08653,33.0,0.0017300000000000093,1
2025-03-13 17:00:00,1.0865,1.0872,1.08542,1.08582,-44.0,-0.0006800000000000139,1
2025-03-13 18:00:00,1.08581,1.08782,1.0855,1.08725,106.0,0.0014199999999999768,1
2025-03-13 19:00:00,1.08724,1.08737,1.08542,1.08544,-78.0,-0.0018000000000000238,1
2025-03-13 20:00:00,1.0854300000000001,1.08579,1.08517,1.08532,19.0,-0.00011999999999989797,1
2025-03-13 21:00:00,1.08533,1.0857,1.08475,1.08485,-35.0,-0.00046999999999997044,1
2025-03-13 22:00:00,1.08478,1.0855299999999999,1.08454,1.08512,15.0,0.00022999999999995246,1
2025-03-13 23:00:00,1.08511,1.0855,1.0844,1.08511,11.0,2.999999999997449e-05,1
2025-03-14 00:00:00,1.0851,1.08554,1.08503,1.0852,-8.0,8.999999999992347e-05,1
2025-03-14 01:00:00,1.08527,1.08552,1.085,1.08545,20.0,0.0002500000000000835,1
2025-03-14 02:00:00,1.08546,1.08587,1.0848,1.08488,3.0,-0.0005699999999999594,1
2025-03-14 03:00:00,1.08489,1.08493,1.08404,1.08409,-30.0,-0.0007900000000000684,1
2025-03-14 04:00:00,1.0841,1.08429,1.08341,1.084,2.0,-8.000000000008001e-05,1
2025-03-14 05:00:00,1.08401,1.0846,1.08376,1.08457,46.0,0.000560000000000116,1
2025-03-14 06:00:00,1.08456,1.08463,1.08375,1.08411,-27.0,-0.000460000000000127,1
2025-03-14 07:00:00,1.0841,1.08515,1.08407,1.08508,67.0,0.0009700000000001374,1
2025-03-14 08:00:00,1.08507,1.08507,1.08349,1.08382,-83.0,-0.0012600000000000389,1
2025-03-14 09:00:00,1.08378,1.08474,1.08305,1.08391,120.0,8.999999999992347e-05,1
2025-03-14 10:00:00,1.0839,1.08569,1.08353,1.08541,185.0,0.0015000000000000568,1
2025-03-14 11:00:00,1.0854,1.08621,1.08472,1.08523,-80.0,-0.000180000000000069,1
2025-03-14 12:00:00,1.08519,1.09124,1.08513,1.08948,-12.0,0.004250000000000087,1
2025-03-14 13:00:00,1.08952,1.09093,1.08874,1.08969,-93.0,0.00017000000000000348,1
2025-03-14 14:00:00,1.08969,1.09114,1.08899,1.08945,-11.0,-0.00019999999999997797,1
2025-03-14 15:00:00,1.08947,1.08982,1.087,1.08744,-67.0,-0.0020100000000000673,1
2025-03-14 16:00:00,1.08739,1.08865,1.08655,1.0878,52.0,0.000360000000000138,1
2025-03-14 17:00:00,1.08781,1.08869,1.08667,1.08716,3.0,-0.0006500000000000394,1
2025-03-14 18:00:00,1.08717,1.08901,1.08706,1.0883,74.0,0.001140000000000141,1
2025-03-14 19:00:00,1.08829,1.0888,1.08789,1.08822,-84.0,-8.000000000008001e-05,1
2025-03-14 20:00:00,1.08822,1.08863,1.08732,1.08803,28.0,-0.00018999999999991246,1
2025-03-14 21:00:00,1.08799,1.08846,1.08782,1.0883099999999999,7.0,0.00027999999999983594,1
2025-03-14 22:00:00,1.08824,1.08853,1.08746,1.08751,-6.0,-0.0007999999999999119,1
2025-03-17 00:00:00,1.0878,1.08843,1.08738,1.08806,4.0,0.00025999999999992696,1
2025-03-17 01:00:00,1.08814,1.08851,1.08794,1.08798,-19.0,-8.000000000008001e-05,1
2025-03-17 02:00:00,1.08797,1.08828,1.08754,1.08793,-25.0,-4.999999999988347e-05,1
2025-03-17 03:00:00,1.08794,1.08903,1.08741,1.08829,38.0,0.00035999999999991594,1
2025-03-17 04:00:00,1.08829,1.08859,1.08795,1.0881,-36.0,-0.00018999999999991246,1
2025-03-17 05:00:00,1.08809,1.08864,1.08767,1.08832,9.0,0.00021999999999988695,1
2025-03-17 06:00:00,1.08835,1.08939,1.08776,1.08822,-4.0,-9.999999999998899e-05,1
2025-03-17 07:00:00,1.08823,1.08824,1.08735,1.08777,5.0,-0.00045000000000006146,1
2025-03-17 08:00:00,1.08778,1.08843,1.08732,1.08778,41.0,1.0000000000065512e-05,1
2025-03-17 09:00:00,1.08774,1.08844,1.08684,1.08764,77.0,-0.000140000000000029,1
2025-03-17 10:00:00,1.08765,1.08871,1.08703,1.08839,137.0,0.0007500000000000284,1
2025-03-17 11:00:00,1.0884,1.09006,1.08769,1.09,102.0,0.0016100000000001113,1
2025-03-17 12:00:00,1.09001,1.09101,1.08964,1.0907499999999999,-30.0,0.0007499999999998064,1
2025-03-17 13:00:00,1.09076,1.0912,1.0896,1.09023,-65.0,-0.0005199999999998539,1
2025-03-17 14:00:00,1.09023,1.09094,1.08874,1.09016,21.0,-7.00000000000145e-05,1
2025-03-17 15:00:00,1.09016,1.09064,1.0897000000000001,1.09046,-44.0,0.00029999999999996696,1
2025-03-17 16:00:00,1.09047,1.09188,1.0902,1.09158,55.0,0.0011200000000000099,1
2025-03-17 17:00:00,1.09157,1.09299,1.09157,1.09218,11.0,0.0006099999999999994,1
2025-03-17 18:00:00,1.09217,1.09264,1.09143,1.09211,-24.0,-7.00000000000145e-05,1
2025-03-17 19:00:00,1.09211,1.09238,1.09115,1.09142,1.0,-0.0006899999999998574,1
2025-03-17 20:00:00,1.0914,1.09264,1.09124,1.09252,73.0,0.0010999999999998789,1
2025-03-17 21:00:00,1.09252,1.09255,1.09184,1.09203,-17.0,-0.0004899999999998794,1
2025-03-17 22:00:00,1.09196,1.09271,1.09194,1.09209,40.0,5.999999999994898e-05,1
2025-03-17 23:00:00,1.09178,1.09225,1.09164,1.09215,33.0,5.999999999994898e-05,1
2025-03-18 00:00:00,1.09214,1.09227,1.09182,1.09202,-23.0,-0.00012999999999996348,1
2025-03-18 01:00:00,1.0921,1.09219,1.09181,1.09182,-12.0,-0.00019999999999997797,1
2025-03-18 02:00:00,1.09183,1.09212,1.09148,1.09161,-18.0,-0.00021000000000004349,1
2025-03-18 03:00:00,1.09158,1.09192,1.09121,1.09135,-28.0,-0.00025999999999992696,1
2025-03-18 04:00:00,1.09135,1.09162,1.09079,1.09087,-26.0,-0.00048000000000003595,1
2025-03-18 05:00:00,1.09087,1.09111,1.09061,1.09085,19.0,-1.999999999990898e-05,1
2025-03-18 06:00:00,1.09085,1.09116,1.0908,1.0911,25.0,0.00024999999999986144,1
2025-03-18 07:00:00,1.09111,1.09134,1.09071,1.09078,-33.0,-0.00031999999999987594,1
2025-03-18 08:00:00,1.09081,1.09212,1.09035,1.09206,53.0,0.0012799999999999478,1
2025-03-18 09:00:00,1.09204,1.09367,1.0916,1.09353,38.0,0.0014699999999998603,1
2025-03-18 10:00:00,1.09354,1.09546,1.09328,1.09514,44.0,0.0016100000000001113,1
2025-03-18 11:00:00,1.09517,1.09534,1.09394,1.09504,13.0,-9.999999999998899e-05,1
2025-03-18 12:00:00,1.09503,1.09524,1.09315,1.09344,-96.0,-0.0016000000000000458,1
2025-03-18 13:00:00,1.09344,1.09373,1.09141,1.09165,-33.0,-0.0017899999999999583,1
2025-03-18 14:00:00,1.09165,1.09239,1.08924,1.09117,57.0,-0.00048000000000003595,1
2025-03-18 15:00:00,1.09117,1.09209,1.09015,1.09125,-28.0,8.000000000008001e-05,1
2025-03-18 16:00:00,1.09125,1.0919699999999999,1.09071,1.09166,-55.0,0.00041000000000002146,1
2025-03-18 17:00:00,1.09171,1.09343,1.08966,1.09268,40.0,0.0009700000000001374,1
2025-03-18 18:00:00,1.09267,1.094,1.09234,1.09386,12.0,0.0011699999999998933,1
2025-03-18 19:00:00,1.09385,1.09518,1.09384,1.09496,31.0,0.0011099999999999444,1
2025-03-18 20:00:00,1.09497,1.09513,1.09405,1.09442,-5.0,-0.0005399999999999849,1
2025-03-18 21:00:00,1.09439,1.09497,1.09413,1.09462,-13.0,0.00019999999999997797,1
2025-03-18 22:00:00,1.09452,1.09486,1.09412,1.09429,24.0,-0.00034000000000000696,1
2025-03-18 23:00:00,1.09437,1.09457,1.09401,1.09434,4.0,6.000000000017103e-05,1
2025-03-19 00:00:00,1.09437,1.09457,1.09395,1.09408,-26.0,-0.000260000000000149,1
2025-03-19 01:00:00,1.09418,1.09435,1.09379,1.09387,2.0,-0.00021000000000004349,1
2025-03-19 02:00:00,1.09388,1.09389,1.09317,1.09344,-12.0,-0.00042999999999993044,1
2025-03-19 03:00:00,1.09346,1.09375,1.09333,1.09369,0.0,0.0002500000000000835,1
2025-03-19 04:00:00,1.09369,1.0945,1.09354,1.09407,2.0,0.00038000000000004697,1
2025-03-19 05:00:00,1.09408,1.09437,1.0933,1.09379,7.0,-0.000280000000000058,1
2025-03-19 06:00:00,1.09379,1.0937999999999999,1.09279,1.09297,-42.0,-0.0008200000000000429,1
2025-03-19 07:00:00,1.09297,1.09362,1.09296,1.09314,20.0,0.00017000000000000348,1
2025-03-19 08:00:00,1.09311,1.09325,1.09205,1.09205,-44.0,-0.0010900000000000354,1
2025-03-19 09:00:00,1.09205,1.09232,1.08733,1.08929,81.0,-0.002869999999999928,1
2025-03-19 10:00:00,1.08928,1.09106,1.08923,1.09071,-6.0,0.0015300000000000313,1
2025-03-19 11:00:00,1.09067,1.09103,1.08955,1.09022,31.0,-0.0004900000000001015,1
2025-03-19 12:00:00,1.09023,1.09044,1.08913,1.08997,-25.0,-0.00024999999999986144,1
2025-03-19 13:00:00,1.08997,1.09134,1.08937,1.09081,19.0,0.0008399999999999519,1
2025-03-19 14:00:00,1.09082,1.09178,1.08991,1.0901,-56.0,-0.0007099999999999884,1
2025-03-19 15:00:00,1.0901399999999999,1.09039,1.08926,1.08944,-28.0,-0.000660000000000105,1
2025-03-19 16:00:00,1.08941,1.09006,1.0882,1.08838,-7.0,-0.001060000000000061,1
2025-03-19 17:00:00,1.08841,1.08881,1.08754,1.0877,-30.0,-0.0007100000000002105,1
2025-03-19 18:00:00,1.08771,1.08863,1.08759,1.08853,35.0,0.0008300000000001084,1
2025-03-19 19:00:00,1.08852,1.08854,1.08601,1.08687,-67.0,-0.0015400000000000968,1
2025-03-19 20:00:00,1.08694,1.09133,1.08641,1.09074,67.0,0.003790000000000182,1
2025-03-19 21:00:00,1.09073,1.09128,1.08849,1.08991,-59.0,-0.0008700000000001484,1
2025-03-19 22:00:00,1.08984,1.09051,1.08949,1.09017,51.0,0.000260000000000149,1
2025-03-19 23:00:00,1.09013,1.09046,1.08975,1.0903,12.0,0.00012999999999996348,1
2025-03-20 00:00:00,1.09041,1.09126,1.09029,1.0907499999999999,-13.0,0.0004499999999998394,1
2025-03-20 01:00:00,1.09083,1.09116,1.0905,1.09114,22.0,0.0003900000000001125,1
2025-03-20 02:00:00,1.09115,1.09164,1.09037,1.09122,27.0,8.000000000008001e-05,1
2025-03-20 03:00:00,1.09123,1.09131,1.09035,1.09055,1.0,-0.0006700000000001705,1
2025-03-20 04:00:00,1.09056,1.09174,1.09051,1.09088,32.0,0.0003300000000001635,1
2025-03-20 05:00:00,1.09088,1.09138,1.0907,1.09094,8.0,5.999999999994898e-05,1
2025-03-20 06:00:00,1.09094,1.09104,1.09001,1.09033,-22.0,-0.0006099999999999994,1
2025-03-20 07:00:00,1.09034,1.09035,1.08908,1.08952,-5.0,-0.0008099999999999774,1
2025-03-20 08:00:00,1.08952,1.08988,1.08895,1.08935,24.0,-0.00017000000000000348,1
2025-03-20 09:00:00,1.08931,1.08944,1.08649,1.08789,12.0,-0.0014600000000000168,1
2025-03-20 10:00:00,1.0879,1.08859,1.08629,1.08656,34.0,-0.0013600000000000279,1
2025-03-20 11:00:00,1.08655,1.08687,1.08385,1.0852,-19.0,-0.0013300000000000534,1
2025-03-20 12:00:00,1.08523,1.08547,1.08334,1.08461,82.0,-0.0005899999999998684,1
2025-03-20 13:00:00,1.08464,1.08518,1.08391,1.0849199999999999,78.0,0.00030999999999981043,1
2025-03-20 14:00:00,1.08493,1.0856,1.0830899999999999,1.08337,-19.0,-0.0015499999999999403,1
2025-03-20 15:00:00,1.0834,1.08394,1.08148,1.08254,-12.0,-0.0008299999999998864,1
2025-03-20 16:00:00,1.08249,1.0838700000000001,1.08226,1.08293,11.0,0.00038999999999989043,1
2025-03-20 17:00:00,1.08292,1.08494,1.08233,1.08474,77.0,0.0018199999999999328,1
2025-03-20 18:00:00,1.08474,1.08524,1.08422,1.08485,-29.0,0.0001100000000000545,1
2025-03-20 19:00:00,1.08485,1.08519,1.08389,1.08443,7.0,-0.00042000000000008697,1
2025-03-20 20:00:00,1.08441,1.08497,1.08419,1.0848200000000001,6.0,0.0003900000000001125,1
2025-03-20 21:00:00,1.08481,1.08545,1.0847,1.08533,52.0,0.0005099999999997884,1
2025-03-20 22:00:00,1.08525,1.08585,1.08456,1.08456,9.0,-0.0007599999999998719,1
2025-03-20 23:00:00,1.08483,1.08547,1.08359,1.08534,25.0,0.0007699999999999374,1
2025-03-21 00:00:00,1.0853,1.08581,1.08523,1.08567,30.0,0.00032999999999994145,1
2025-03-21 01:00:00,1.08574,1.08577,1.08531,1.08531,-27.0,-0.00035999999999991594,1
2025-03-21 02:00:00,1.08531,1.08588,1.08509,1.08529,10.0,-1.999999999990898e-05,1
2025-03-21 03:00:00,1.08529,1.08556,1.08484,1.08521,-6.0,-8.000000000008001e-05,1
2025-03-21 04:00:00,1.0852,1.08549,1.08421,1.0844,-35.0,-0.0008099999999999774,1
2025-03-21 05:00:00,1.08439,1.08466,1.08332,1.08349,-36.0,-0.0009099999999999664,1
2025-03-21 06:00:00,1.08348,1.08366,1.08275,1.08304,-4.0,-0.00045000000000006146,1
2025-03-21 07:00:00,1.08304,1.08304,1.08198,1.08286,18.0,-0.000180000000000069,1
2025-03-21 08:00:00,1.08287,1.08375,1.08242,1.08342,45.0,0.000560000000000116,1
2025-03-21 09:00:00,1.08338,1.08414,1.08266,1.0838700000000001,19.0,0.00045000000000006146,1
2025-03-21 10:00:00,1.0838700000000001,1.08457,1.08239,1.08362,5.0,-0.0002500000000000835,1
2025-03-21 11:00:00,1.0836,1.08391,1.08247,1.08258,-15.0,-0.0010399999999999299,1
2025-03-21 12:00:00,1.08261,1.08388,1.08258,1.08371,81.0,0.0011299999999998533,1
2025-03-21 13:00:00,1.08367,1.08514,1.08349,1.08503,56.0,0.0013199999999999878,1
2025-03-21 14:00:00,1.08506,1.08617,1.08297,1.08324,-69.0,-0.0017899999999999583,1
2025-03-21 15:00:00,1.08323,1.0836,1.08252,1.08318,48.0,-5.999999999994898e-05,1
2025-03-21 16:00:00,1.08319,1.08358,1.08188,1.08236,-86.0,-0.0008200000000000429,1
2025-03-21 17:00:00,1.08237,1.08301,1.07964,1.0806499999999999,-41.0,-0.0017200000000001658,1
2025-03-21 18:00:00,1.0806499999999999,1.08249,1.08044,1.08183,-7.0,0.001180000000000181,1
2025-03-21 19:00:00,1.08182,1.08256,1.08051,1.08225,46.0,0.0004199999999998649,1
2025-03-21 20:00:00,1.08224,1.08269,1.08145,1.08207,28.0,-0.00017999999999984695,1
2025-03-21 21:00:00,1.08209,1.08245,1.08152,1.08179,-44.0,-0.000280000000000058,1
2025-03-21 22:00:00,1.08171,1.08171,1.08108,1.08129,10.0,-0.0004999999999999449,1
2025-03-24 00:00:00,1.08184,1.08296,1.08159,1.08197,-51.0,0.00013000000000018552,1
2025-03-24 01:00:00,1.082,1.08371,1.0818699999999999,1.08357,35.0,0.0015999999999998238,1
2025-03-24 02:00:00,1.08358,1.084,1.08328,1.08372,-16.0,0.0001500000000000945,1
2025-03-24 03:00:00,1.0836999999999999,1.08376,1.08225,1.08262,-68.0,-0.001100000000000101,1
2025-03-24 04:00:00,1.08262,1.08321,1.08242,1.08251,14.0,-0.00010999999999983245,1
2025-03-24 05:00:00,1.08249,1.08294,1.08199,1.08201,-20.0,-0.000500000000000167,1
2025-03-24 06:00:00,1.08205,1.08244,1.08168,1.08229,17.0,0.000280000000000058,1
2025-03-24 07:00:00,1.08228,1.08308,1.08182,1.08289,-30.0,0.0005999999999999339,1
2025-03-24 08:00:00,1.08286,1.08448,1.08278,1.08397,24.0,0.001080000000000192,1
2025-03-24 09:00:00,1.08396,1.08501,1.08331,1.08382,-21.0,-0.0001500000000000945,1
2025-03-24 10:00:00,1.08384,1.08584,1.08372,1.08429,-23.0,0.00046999999999997044,1
2025-03-24 11:00:00,1.08433,1.08452,1.08286,1.08394,0.0,-0.0003500000000000725,1
2025-03-24 12:00:00,1.08398,1.0854300000000001,1.08365,1.08476,-35.0,0.0007500000000000284,1
2025-03-24 13:00:00,1.08476,1.0849,1.08318,1.08321,-134.0,-0.0014799999999999258,1
2025-03-24 14:00:00,1.0832,1.0834,1.08211,1.08292,-1.0,-0.00028999999999990145,1
2025-03-24 15:00:00,1.08292,1.08302,1.07922,1.07931,-68.0,-0.003610000000000113,1
2025-03-24 16:00:00,1.07924,1.08198,1.079,1.07989,70.0,0.0005800000000000249,1
2025-03-24 17:00:00,1.0799,1.08047,1.07902,1.07934,93.0,-0.000560000000000116,1
2025-03-24 18:00:00,1.07934,1.08068,1.07811,1.07915,9.0,-0.00018999999999991246,1
2025-03-24 19:00:00,1.07914,1.07959,1.07842,1.07871,-38.0,-0.00043999999999999595,1
2025-03-24 20:00:00,1.07871,1.08125,1.07836,1.08046,65.0,0.0017499999999999183,1
2025-03-24 21:00:00,1.08049,1.08066,1.07968,1.08013,-25.0,-0.00032999999999994145,1
2025-03-24 22:00:00,1.08015,1.08056,1.0798,1.08003,-14.0,-9.999999999998899e-05,1
2025-03-24 23:00:00,1.07992,1.08002,1.07949,1.07992,-28.0,-0.0001100000000000545,1
2025-03-25 00:00:00,1.08008,1.08029,1.07944,1.08019,-5.0,0.00026999999999999247,1
2025-03-25 01:00:00,1.08019,1.08032,1.07998,1.08019,24.0,0.0,1
2025-03-25 02:00:00,1.08019,1.08023,1.07956,1.07998,21.0,-0.00021000000000004349,1
2025-03-25 03:00:00,1.07996,1.08077,1.07995,1.08018,-9.0,0.00019999999999997797,1
2025-03-25 04:00:00,1.08018,1.08045,1.07937,1.07961,-6.0,-0.0005699999999999594,1
2025-03-25 05:00:00,1.07961,1.0803,1.07955,1.08024,10.0,0.0006200000000000649,1
2025-03-25 06:00:00,1.08026,1.08084,1.0802100000000001,1.08028,9.0,4.999999999988347e-05,1
2025-03-25 07:00:00,1.08028,1.08066,1.08007,1.08025,2.0,-2.999999999997449e-05,1
2025-03-25 08:00:00,1.08025,1.0804,1.07924,1.07943,-73.0,-0.0008200000000000429,1
2025-03-25 09:00:00,1.07941,1.08015,1.07846,1.07869,1.0,-0.0007399999999999629,1
2025-03-25 10:00:00,1.07871,1.07918,1.07765,1.07898,-47.0,0.0002900000000001235,1
2025-03-25 11:00:00,1.07898,1.08034,1.0787,1.08001,121.0,0.0010299999999998644,1
2025-03-25 12:00:00,1.08,1.0824,1.07995,1.08197,16.0,0.001960000000000184,1
2025-03-25 13:00:00,1.08197,1.08271,1.08104,1.08175,19.0,-0.000220000000000109,1
2025-03-25 14:00:00,1.08176,1.08295,1.08152,1.08247,57.0,0.0007299999999998974,1
2025-03-25 15:00:00,1.08247,1.08272,1.08135,1.08156,-118.0,-0.0009199999999998099,1
2025-03-25 16:00:00,1.08156,1.08213,1.08014,1.08121,13.0,-0.0003500000000000725,1
2025-03-25 17:00:00,1.08121,1.08192,1.07967,1.08027,54.0,-0.0009399999999999409,1
2025-03-25 18:00:00,1.08026,1.08127,1.08014,1.0806,-98.0,0.00032999999999994145,1
2025-03-25 19:00:00,1.08066,1.08163,1.08056,1.08094,-3.0,0.00034000000000000696,1
2025-03-25 20:00:00,1.0809,1.0809,1.07965,1.07979,42.0,-0.0011499999999999844,1
2025-03-25 21:00:00,1.07982,1.08013,1.07903,1.0795,33.0,-0.00031000000000003247,1
2025-03-25 22:00:00,1.07949,1.07953,1.07883,1.07892,31.0,-0.0005599999999998939,1
2025-03-25 23:00:00,1.07876,1.07919,1.07876,1.07918,19.0,0.00025999999999992696,1
2025-03-26 00:00:00,1.07914,1.07928,1.07873,1.07883,-5.0,-0.0003500000000000725,1
2025-03-26 01:00:00,1.07883,1.07886,1.07847,1.07884,1.0,-1.0000000000065512e-05,1
2025-03-26 02:00:00,1.07884,1.07918,1.07831,1.07839,-13.0,-0.00042999999999993044,1
2025-03-26 03:00:00,1.07839,1.07949,1.0777700000000001,1.07931,-55.0,0.0009300000000000974,1
2025-03-26 04:00:00,1.07932,1.07967,1.07898,1.07948,-8.0,0.00015999999999993797,1
2025-03-26 05:00:00,1.07948,1.07957,1.07833,1.07855,-37.0,-0.0009699999999999154,1
2025-03-26 06:00:00,1.07855,1.07873,1.07804,1.07837,10.0,-0.000140000000000029,1
2025-03-26 07:00:00,1.07836,1.07865,1.07774,1.07846,18.0,8.999999999992347e-05,1
2025-03-26 08:00:00,1.07846,1.07878,1.07817,1.07863,27.0,0.00017000000000000348,1
2025-03-26 09:00:00,1.07855,1.0790899999999999,1.07808,1.07855,14.0,-7.00000000000145e-05,1
2025-03-26 10:00:00,1.07856,1.07993,1.0784799999999999,1.07988,4.0,0.0013199999999999878,1
2025-03-26 11:00:00,1.07984,1.08022,1.07925,1.07954,-22.0,-0.00034000000000000696,1
2025-03-26 12:00:00,1.07953,1.08011,1.07861,1.07912,-4.0,-0.0004199999999998649,1
2025-03-26 13:00:00,1.07913,1.07972,1.07882,1.07918,-54.0,5.999999999994898e-05,1
2025-03-26 14:00:00,1.07918,1.07931,1.07814,1.07837,60.0,-0.0008099999999999774,1
2025-03-26 15:00:00,1.07839,1.07901,1.0767,1.07743,85.0,-0.0009099999999999664,1
2025-03-26 16:00:00,1.07743,1.07949,1.0772599999999999,1.07903,-32.0,0.0015699999999998493,1
2025-03-26 17:00:00,1.07902,1.07939,1.07671,1.07803,51.0,-0.0009900000000000464,1
2025-03-26 18:00:00,1.07805,1.07912,1.07764,1.07867,-4.0,0.0006399999999999739,1
2025-03-26 19:00:00,1.07872,1.07889,1.07514,1.07562,-47.0,-0.003049999999999997,1
2025-03-26 20:00:00,1.07561,1.07608,1.07527,1.07548,58.0,-0.000140000000000029,1
2025-03-26 21:00:00,1.07547,1.07553,1.07435,1.07507,19.0,-0.00041000000000002146,1
2025-03-26 22:00:00,1.07509,1.07562,1.0749900000000001,1.07529,14.0,0.000220000000000109,1
2025-03-26 23:00:00,1.0748199999999999,1.07546,1.07343,1.0737,-49.0,-0.0015899999999999803,1
2025-03-27 00:00:00,1.07367,1.07443,1.07327,1.07369,81.0,-1.0000000000065512e-05,1
2025-03-27 01:00:00,1.07366,1.0744,1.07351,1.07407,11.0,0.00038000000000004697,1
2025-03-27 02:00:00,1.07407,1.07571,1.07406,1.0755,29.0,0.0014299999999998203,1
2025-03-27 03:00:00,1.0755,1.07684,1.07546,1.07648,-8.0,0.000980000000000203,1
2025-03-27 04:00:00,1.07648,1.07796,1.07646,1.07755,0.0,0.0010699999999999044,1
2025-03-27 05:00:00,1.07754,1.07792,1.07725,1.0777700000000001,-19.0,0.000220000000000109,1
2025-03-27 06:00:00,1.07776,1.07864,1.07766,1.07798,-26.0,0.00020999999999982144,1
2025-03-27 07:00:00,1.07795,1.07808,1.07633,1.07687,-42.0,-0.0011099999999999444,1
2025-03-27 08:00:00,1.07684,1.0782,1.07676,1.0772599999999999,63.0,0.00038999999999989043,1
2025-03-27 09:00:00,1.07724,1.0774,1.07537,1.07642,-39.0,-0.0008399999999999519,1
2025-03-27 10:00:00,1.07646,1.07762,1.07553,1.07754,64.0,0.0011100000000001664,1
2025-03-27 11:00:00,1.07751,1.07785,1.07607,1.07703,-35.0,-0.000500000000000167,1
2025-03-27 12:00:00,1.07703,1.07812,1.07662,1.07812,15.0,0.0010900000000000354,1
2025-03-27 13:00:00,1.07812,1.07991,1.07782,1.07864,-72.0,0.000520000000000076,1
2025-03-27 14:00:00,1.07865,1.07977,1.07827,1.07865,1.0,1.0000000000065512e-05,1
2025-03-27 15:00:00,1.07867,1.07968,1.07759,1.07794,5.0,-0.0007100000000002105,1
2025-03-27 16:00:00,1.07796,1.07943,1.07768,1.07887,102.0,0.0009300000000000974,1
2025-03-27 17:00:00,1.07889,1.08207,1.0785,1.07992,-33.0,0.0010499999999999954,1
2025-03-27 18:00:00,1.07991,1.07994,1.07912,1.07982,35.0,-0.00011999999999989797,1
2025-03-27 19:00:00,1.07986,1.08083,1.07889,1.07893,39.0,-0.0008900000000000574,1
2025-03-27 20:00:00,1.07893,1.07979,1.07886,1.07904,-47.0,0.0001100000000000545,1
2025-03-27 21:00:00,1.07904,1.07991,1.07877,1.07944,10.0,0.00039999999999995595,1
2025-03-27 22:00:00,1.07945,1.08018,1.07935,1.07999,4.0,0.0005500000000000504,1
2025-03-27 23:00:00,1.07956,1.0801,1.07935,1.07975,3.0,-0.00024000000000001798,1
2025-03-28 00:00:00,1.07975,1.07982,1.07949,1.07958,-20.0,-0.00017000000000000348,1
2025-03-28 01:00:00,1.07958,1.08008,1.07954,1.08003,31.0,0.00045000000000006146,1
2025-03-28 02:00:00,1.08003,1.08003,1.07878,1.07944,0.0,-0.0005900000000000905,1
2025-03-28 03:00:00,1.07943,1.07983,1.0791,1.07931,-8.0,-0.00012999999999996348,1
2025-03-28 04:00:00,1.07932,1.07963,1.07897,1.07941,22.0,9.999999999998899e-05,1
2025-03-28 05:00:00,1.07941,1.07964,1.07904,1.07914,-34.0,-0.00026999999999999247,1
2025-03-28 06:00:00,1.07913,1.07926,1.07841,1.0788,20.0,-0.00034000000000000696,1
2025-03-28 07:00:00,1.0788,1.07927,1.07859,1.07904,39.0,0.00024000000000001798,1
2025-03-28 08:00:00,1.07902,1.07917,1.07822,1.07844,23.0,-0.0005999999999999339,1
2025-03-28 09:00:00,1.07846,1.07994,1.07811,1.07869,-55.0,0.00024999999999986144,1
2025-03-28 10:00:00,1.07862,1.07961,1.07749,1.07778,-48.0,-0.0009299999999998754,1
2025-03-28 11:00:00,1.07779,1.078,1.07683,1.0773,-67.0,-0.000460000000000127,1
2025-03-28 12:00:00,1.07732,1.07782,1.07675,1.07682,8.0,-0.0004799999999998139,1
2025-03-28 13:00:00,1.07682,1.07744,1.07642,1.07714,94.0,0.00031999999999987594,1
2025-03-28 14:00:00,1.07713,1.07914,1.07642,1.07885,34.0,0.0017100000000001003,1
2025-03-28 15:00:00,1.07882,1.08162,1.07844,1.08092,-133.0,0.0021399999999998087,1
2025-03-28 16:00:00,1.08096,1.0830899999999999,1.08089,1.08226,-157.0,0.0012700000000001044,1
2025-03-28 17:00:00,1.08225,1.08442,1.08188,1.08245,-83.0,0.00019999999999997797,1
2025-03-28 18:00:00,1.08246,1.0832600000000001,1.08195,1.08212,-21.0,-0.00032999999999994145,1
2025-03-28 19:00:00,1.08211,1.08282,1.08115,1.08191,-27.0,-0.00021000000000004349,1
2025-03-28 20:00:00,1.08191,1.08275,1.08132,1.08241,-99.0,0.000500000000000167,1
2025-03-28 21:00:00,1.08241,1.08281,1.08227,1.08251,-43.0,9.999999999998899e-05,1
2025-03-28 22:00:00,1.08251,1.08356,1.08247,1.08276,-27.0,0.00024999999999986144,1
2025-03-31 00:00:00,1.08203,1.0827,1.08114,1.08137,-19.0,-0.000660000000000105,1
2025-03-31 01:00:00,1.08159,1.08218,1.08049,1.08203,27.0,0.000660000000000105,1
2025-03-31 02:00:00,1.08203,1.08288,1.08105,1.08231,1.0,0.00024999999999986144,1
2025-03-31 03:00:00,1.08231,1.0841,1.08226,1.0841,46.0,0.0018200000000001548,1
2025-03-31 04:00:00,1.0841,1.0845,1.08306,1.08321,-92.0,-0.0008900000000000574,1
2025-03-31 05:00:00,1.08321,1.08452,1.08285,1.08401,27.0,0.0007999999999999119,1
2025-03-31 06:00:00,1.084,1.0841,1.08321,1.0832600000000001,-39.0,-0.0007499999999998064,1
2025-03-31 07:00:00,1.0832600000000001,1.08355,1.08307,1.08337,-8.0,0.00010999999999983245,1
2025-03-31 08:00:00,1.08337,1.08423,1.08308,1.08339,-33.0,2.0000000000131024e-05,1
2025-03-31 09:00:00,1.08339,1.08444,1.08244,1.08368,68.0,0.00028999999999990145,1
2025-03-31 10:00:00,1.08368,1.08489,1.08203,1.08312,63.0,-0.0005599999999998939,1
2025-03-31 11:00:00,1.08312,1.08337,1.08111,1.08269,-68.0,-0.0004300000000001525,1
2025-03-31 12:00:00,1.08269,1.083,1.08142,1.08158,-53.0,-0.0011099999999999444,1
2025-03-31 13:00:00,1.08155,1.0820400000000001,1.08049,1.08179,-1.0,0.00021000000000004349,1
2025-03-31 14:00:00,1.0818,1.08288,1.08148,1.08193,21.0,0.000140000000000029,1
2025-03-31 15:00:00,1.08192,1.08205,1.08006,1.08032,-49.0,-0.0016100000000001113,1
2025-03-31 16:00:00,1.08032,1.08207,1.08022,1.08076,25.0,0.00043999999999999595,1
2025-03-31 17:00:00,1.08074,1.08078,1.07836,1.08015,-16.0,-0.0005900000000000905,1
2025-03-31 18:00:00,1.08012,1.08161,1.07902,1.07936,-158.0,-0.0007899999999998464,1
2025-03-31 19:00:00,1.07938,1.08155,1.07846,1.08112,-40.0,0.0017699999999998273,1
2025-03-31 20:00:00,1.08112,1.08172,1.08075,1.08142,-40.0,0.000320000000000098,1
2025-03-31 21:00:00,1.08142,1.08174,1.0806499999999999,1.08144,9.0,-1.0000000000065512e-05,1
2025-03-31 22:00:00,1.08144,1.08192,1.08114,1.08135,-5.0,-8.999999999992347e-05,1
2025-03-31 23:00:00,1.08136,1.08183,1.0809,1.08139,-13.0,4.0000000000040004e-05,1
2025-04-01 00:00:00,1.0813,1.08189,1.08127,1.0818699999999999,-19.0,0.0004799999999998139,1
2025-04-01 01:00:00,1.08184,1.08199,1.08152,1.08179,-53.0,-7.999999999985796e-05,1
2025-04-01 02:00:00,1.08179,1.08192,1.08136,1.08171,-32.0,-8.000000000008001e-05,1
2025-04-01 03:00:00,1.08171,1.08261,1.0817,1.0824799999999999,16.0,0.0007699999999999374,1
2025-04-01 04:00:00,1.08247,1.08262,1.08165,1.08201,-27.0,-0.00046999999999997044,1
2025-04-01 05:00:00,1.082,1.08277,1.08195,1.08237,39.0,0.000360000000000138,1
2025-04-01 06:00:00,1.08236,1.08273,1.0820400000000001,1.08263,8.0,0.00025999999999992696,1
2025-04-01 07:00:00,1.08263,1.08295,1.08246,1.08247,-7.0,-0.00015999999999993797,1
2025-04-01 08:00:00,1.0824799999999999,1.0824799999999999,1.08061,1.08066,-69.0,-0.0018100000000000893,1
2025-04-01 09:00:00,1.08066,1.08101,1.07984,1.08079,52.0,0.00012999999999996348,1
2025-04-01 10:00:00,1.08077,1.0812,1.07987,1.08013,-44.0,-0.0006599999999998829,1
2025-04-01 11:00:00,1.0801,1.08174,1.08,1.08168,79.0,0.0015499999999999403,1
2025-04-01 12:00:00,1.08168,1.08288,1.0814300000000001,1.0817,-76.0,2.0000000000131024e-05,1
2025-04-01 13:00:00,1.08169,1.08181,1.07897,1.07977,63.0,-0.0019300000000002093,1
2025-04-01 14:00:00,1.07976,1.0798,1.07779,1.07805,-14.0,-0.0017199999999999438,1
2025-04-01 15:00:00,1.07806,1.07947,1.07806,1.07866,21.0,0.0006099999999999994,1
2025-04-01 16:00:00,1.07867,1.0795,1.07788,1.07866,131.0,0.0,1
2025-04-01 17:00:00,1.07835,1.08121,1.07833,1.0807,64.0,0.0023500000000000743,1
2025-04-01 18:00:00,1.0807,1.08118,1.07982,1.07989,-4.0,-0.0008099999999999774,1
2025-04-01 19:00:00,1.07989,1.08026,1.07921,1.07991,34.0,1.999999999990898e-05,1
2025-04-01 20:00:00,1.07992,1.08041,1.07907,1.07925,-5.0,-0.0006599999999998829,1
2025-04-01 21:00:00,1.07925,1.07942,1.07847,1.07866,-1.0,-0.0005900000000000905,1
2025-04-01 22:00:00,1.07866,1.07903,1.07849,1.07892,-12.0,0.000260000000000149,1
2025-04-01 23:00:00,1.07892,1.08018,1.07869,1.07916,-27.0,0.00030999999999981043,1
2025-04-02 00:00:00,1.07863,1.07937,1.07858,1.07936,35.0,0.00013000000000018552,1
2025-04-02 01:00:00,1.07932,1.08077,1.07917,1.07987,27.0,0.0005100000000000104,1
2025-04-02 02:00:00,1.07993,1.07993,1.07938,1.07938,-50.0,-0.0004900000000001015,1
2025-04-02 03:00:00,1.07938,1.07946,1.07884,1.0789900000000001,-22.0,-0.00038999999999989043,1
2025-04-02 04:00:00,1.0789900000000001,1.07944,1.07866,1.07943,13.0,0.0004399999999997739,1
2025-04-02 05:00:00,1.07942,1.08013,1.07937,1.07939,-22.0,-3.999999999981796e-05,1
2025-04-02 06:00:00,1.07939,1.07995,1.07931,1.07953,-28.0,0.000140000000000029,1
2025-04-02 07:00:00,1.07952,1.0796999999999999,1.0792,1.07922,-31.0,-0.00031000000000003247,1
2025-04-02 08:00:00,1.07921,1.07921,1.07856,1.0789,-41.0,-0.000320000000000098,1
2025-04-02 09:00:00,1.0789,1.07958,1.07869,1.07923,68.0,0.00032999999999994145,1
2025-04-02 10:00:00,1.07921,1.07942,1.07796,1.07912,22.0,-9.999999999998899e-05,1
2025-04-02 11:00:00,1.07912,1.08013,1.079,1.07971,16.0,0.0005800000000000249,1
2025-04-02 12:00:00,1.07971,1.08077,1.07954,1.08056,109.0,0.0008399999999999519,1
2025-04-02 13:00:00,1.08056,1.08063,1.07854,1.07942,14.0,-0.0011299999999998533,1
2025-04-02 14:00:00,1.07942,1.08058,1.07906,1.0802,-1.0,0.0007800000000000029,1
2025-04-02 15:00:00,1.0802,1.0819,1.07959,1.0818699999999999,164.0,0.0016699999999998383,1
2025-04-02 16:00:00,1.08185,1.08288,1.08144,1.08261,-6.0,0.000740000000000185,1
2025-04-02 17:00:00,1.08261,1.08611,1.08185,1.08579,42.0,0.0031799999999999606,1
2025-04-02 18:00:00,1.08581,1.08724,1.08507,1.0867,22.0,0.0009099999999999664,1
2025-04-02 19:00:00,1.08669,1.08672,1.08464,1.08517,6.0,-0.0015300000000000313,1
2025-04-02 20:00:00,1.08517,1.08591,1.08495,1.08512,-55.0,-4.999999999988347e-05,1
2025-04-02 21:00:00,1.08512,1.08587,1.08475,1.08536,37.0,0.00024000000000001798,1
2025-04-02 22:00:00,1.08535,1.08556,1.08465,1.08494,-54.0,-0.00042000000000008697,1
2025-04-02 23:00:00,1.08491,1.09242,1.08102,1.08474,36.0,-0.00021000000000004349,1
2025-04-03 00:00:00,1.08436,1.08589,1.08099,1.08257,-19.0,-0.0021599999999999397,1
2025-04-03 01:00:00,1.08257,1.08388,1.08044,1.08383,61.0,0.0012600000000000389,1
2025-04-03 02:00:00,1.08383,1.09103,1.08371,1.09038,55.0,0.006549999999999834,1
2025-04-03 03:00:00,1.09034,1.09068,1.08792,1.08903,128.0,-0.0013499999999999623,1
2025-04-03 04:00:00,1.08904,1.09226,1.08863,1.09127,224.0,0.0022400000000000198,1
2025-04-03 05:00:00,1.09127,1.0924,1.09087,1.09118,15.0,-8.999999999992347e-05,1
2025-04-03 06:00:00,1.09118,1.09206,1.09072,1.09144,19.0,0.00025999999999992696,1
2025-04-03 07:00:00,1.09145,1.0916,1.09053,1.09063,5.0,-0.0008099999999999774,1
2025-04-03 08:00:00,1.09064,1.09515,1.09061,1.09439,139.0,0.0037599999999999856,1
2025-04-03 09:00:00,1.09439,1.09897,1.09344,1.0989,134.0,0.004510000000000014,1
2025-04-03 10:00:00,1.09892,1.09895,1.09424,1.09703,84.0,-0.0018700000000000383,1
2025-04-03 11:00:00,1.09703,1.10203,1.09702,1.10088,153.0,0.003850000000000131,1
2025-04-03 12:00:00,1.10088,1.10468,1.10033,1.10302,-31.0,0.0021299999999999653,1
2025-04-03 13:00:00,1.10302,1.11456,1.10276,1.10505,-50.0,0.0020400000000000418,1
2025-04-03 14:00:00,1.10513,1.11006,1.10385,1.10871,319.0,0.0036599999999999966,1
2025-04-03 15:00:00,1.10874,1.11088,1.10725,1.10814,284.0,-0.0005700000000001815,1
2025-04-03 16:00:00,1.10813,1.11344,1.107,1.10789,298.0,-0.00024999999999986144,1
2025-04-03 17:00:00,1.10789,1.11274,1.10789,1.11182,44.0,0.003929999999999989,1
2025-04-03 18:00:00,1.11183,1.1118999999999999,1.10407,1.1050200000000001,81.0,-0.006799999999999917,1
2025-04-03 19:00:00,1.10504,1.10543,1.10323,1.10386,177.0,-0.0011600000000000499,1
2025-04-03 20:00:00,1.10382,1.10391,1.10175,1.10254,70.0,-0.0013199999999999878,1
2025-04-03 21:00:00,1.10254,1.10401,1.10189,1.1037,76.0,0.0011599999999998278,1
2025-04-03 22:00:00,1.1037,1.1037,1.10155,1.10269,43.0,-0.0010099999999999554,1
2025-04-03 23:00:00,1.10266,1.10521,1.10216,1.10507,-33.0,0.0023400000000000087,1
2025-04-04 00:00:00,1.10499,1.10508,1.10448,1.10503,3.0,2.0000000000131024e-05,1
2025-04-04 01:00:00,1.10506,1.1071,1.1049,1.10638,-59.0,0.0013299999999998313,1
2025-04-04 02:00:00,1.10637,1.10644,1.10417,1.10447,-126.0,-0.0019099999999998563,1
2025-04-04 03:00:00,1.10446,1.10636,1.10362,1.106,64.0,0.0015300000000000313,1
2025-04-04 04:00:00,1.106,1.10727,1.10568,1.10671,38.0,0.0007099999999999884,1
2025-04-04 05:00:00,1.10673,1.10789,1.10603,1.10628,-120.0,-0.0004300000000001525,1
2025-04-04 06:00:00,1.10628,1.10982,1.10571,1.10931,32.0,0.003030000000000088,1
2025-04-04 07:00:00,1.1093,1.10978,1.10817,1.10868,3.0,-0.0006299999999999084,1
2025-04-04 08:00:00,1.10869,1.11072,1.10781,1.10838,-21.0,-0.000300000000000189,1
2025-04-04 09:00:00,1.10837,1.10854,1.10495,1.1050200000000001,-38.0,-0.0033599999999998076,1
2025-04-04 10:00:00,1.1050200000000001,1.10665,1.09993,1.10038,14.0,-0.0046400000000001995,1
2025-04-04 11:00:00,1.1004,1.10091,1.09748,1.09958,49.0,-0.0007999999999999119,1
2025-04-04 12:00:00,1.09961,1.09967,1.0971,1.0984099999999999,53.0,-0.0011700000000001154,1
2025-04-04 13:00:00,1.09838,1.10493,1.09641,1.10302,79.0,0.004610000000000003,1
2025-04-04 14:00:00,1.10296,1.10794,1.10216,1.10596,27.0,0.0029400000000001647,1
2025-04-04 15:00:00,1.1060699999999999,1.10891,1.10073,1.10192,90.0,-0.0040400000000000436,1
2025-04-04 16:00:00,1.10194,1.10476,1.10048,1.10059,-111.0,-0.0013300000000000534,1
2025-04-04 17:00:00,1.10059,1.10143,1.09596,1.09856,92.0,-0.0020299999999999763,1
2025-04-04 18:00:00,1.09856,1.10164,1.09665,1.10132,47.0,0.0027800000000000047,1
2025-04-04 19:00:00,1.10132,1.10192,1.09612,1.09708,-59.0,-0.004269999999999996,1
2025-04-04 20:00:00,1.09708,1.09765,1.09241,1.09467,115.0,-0.0023999999999999577,1
2025-04-04 21:00:00,1.09467,1.09666,1.09388,1.0944099999999999,-114.0,-0.000260000000000149,1
2025-04-04 22:00:00,1.09438,1.09642,1.09271,1.09424,-125.0,-0.00016999999999978144,1
2025-04-04 23:00:00,1.09424,1.09661,1.09321,1.09623,36.0,0.0019899999999999363,1
2025-04-07 00:00:00,1.0889,1.09207,1.08778,1.09135,59.0,0.0024500000000000632,1
2025-04-07 01:00:00,1.09123,1.0994,1.09123,1.0982,-134.0,0.006850000000000023,1
2025-04-07 02:00:00,1.09824,1.10011,1.09808,1.09828,-86.0,8.999999999992347e-05,1
2025-04-07 03:00:00,1.09829,1.09834,1.09455,1.09663,123.0,-0.0016599999999999948,1
2025-04-07 04:00:00,1.09664,1.09798,1.09541,1.0967500000000001,-106.0,0.00012000000000012001,1
2025-04-07 05:00:00,1.0967500000000001,1.09676,1.09195,1.09346,-54.0,-0.0032800000000001717,1
2025-04-07 06:00:00,1.09346,1.0954,1.09293,1.095,66.0,0.0015300000000000313,1
2025-04-07 07:00:00,1.095,1.0987,1.09477,1.09844,31.0,0.0034400000000001096,1
2025-04-07 08:00:00,1.09845,1.10201,1.09775,1.10181,-129.0,0.003349999999999964,1
2025-04-07 09:00:00,1.10176,1.10227,1.09934,1.10021,43.0,-0.0015800000000001369,1
2025-04-07 10:00:00,1.10026,1.10495,1.09975,1.1,-66.0,-0.00020999999999982144,1
2025-04-07 11:00:00,1.10011,1.10213,1.09674,1.09916,-56.0,-0.0008400000000001739,1
2025-04-07 12:00:00,1.09916,1.09959,1.09495,1.09619,114.0,-0.002969999999999917,1
2025-04-07 13:00:00,1.09621,1.09901,1.09572,1.09583,-21.0,-0.00035999999999991594,1
2025-04-07 14:00:00,1.09585,1.09691,1.09346,1.09691,120.0,0.0010799999999999699,1
2025-04-07 15:00:00,1.0969,1.0991,1.09386,1.09731,21.0,0.00039999999999995595,1
2025-04-07 16:00:00,1.0973600000000001,1.09766,1.09368,1.09411,-8.0,-0.0032000000000000917,1
2025-04-07 17:00:00,1.0941,1.09822,1.09166,1.09215,20.0,-0.0019299999999999873,1
2025-04-07 18:00:00,1.09216,1.09359,1.09009,1.09109,54.0,-0.0010900000000000354,1
2025-04-07 19:00:00,1.0911,1.09322,1.09036,1.09315,18.0,0.0020700000000000163,1
2025-04-07 20:00:00,1.09318,1.09496,1.09288,1.09384,-74.0,0.0006899999999998574,1
2025-04-07 21:00:00,1.09385,1.09518,1.09232,1.0933,43.0,-0.0005399999999999849,1
2025-04-07 22:00:00,1.09329,1.09476,1.09134,1.0915300000000001,-122.0,-0.0017699999999998273,1
2025-04-07 23:00:00,1.09155,1.09192,1.0901,1.0907499999999999,-3.0,-0.0008400000000001739,1
2025-04-08 00:00:00,1.09012,1.09122,1.09009,1.09117,45.0,0.00048000000000003595,1
2025-04-08 01:00:00,1.09117,1.09199,1.09077,1.09165,16.0,0.00048000000000003595,1
2025-04-08 02:00:00,1.09165,1.09184,1.09072,1.09142,-3.0,-0.00022999999999995246,1
2025-04-08 03:00:00,1.09143,1.09496,1.09142,1.09395,-18.0,0.0025199999999998557,1
2025-04-08 04:00:00,1.09394,1.09611,1.09376,1.09591,161.0,0.0019700000000000273,1
2025-04-08 05:00:00,1.09591,1.09798,1.0959,1.09707,7.0,0.0011499999999999844,1
2025-04-08 06:00:00,1.09707,1.09715,1.09602,1.09627,-39.0,-0.0007899999999998464,1
2025-04-08 07:00:00,1.09626,1.0979,1.09615,1.09755,-97.0,0.0012799999999999478,1
2025-04-08 08:00:00,1.09753,1.09753,1.09535,1.09677,-51.0,-0.0007800000000000029,1
2025-04-08 09:00:00,1.09674,1.09913,1.09612,1.09763,-225.0,0.0008600000000000829,1
2025-04-08 10:00:00,1.09766,1.09801,1.09209,1.0923,-64.0,-0.005330000000000057,1
2025-04-08 11:00:00,1.0923,1.09482,1.09224,1.0936,59.0,0.0012999999999998568,1
2025-04-08 12:00:00,1.09359,1.09369,1.09106,1.09192,19.0,-0.0016799999999999038,1
2025-04-08 13:00:00,1.09191,1.09388,1.09131,1.0927,-21.0,0.0007800000000000029,1
2025-04-08 14:00:00,1.09267,1.09442,1.09242,1.09336,20.0,0.0006699999999999484,1
2025-04-08 15:00:00,1.09338,1.0968,1.09338,1.09479,77.0,0.0014199999999999768,1
2025-04-08 16:00:00,1.09479,1.0955300000000001,1.09266,1.09346,164.0,-0.0013299999999998313,1
2025-04-08 17:00:00,1.09352,1.09353,1.08884,1.09097,68.0,-0.0025600000000001177,1
2025-04-08 18:00:00,1.09097,1.09189,1.08954,1.0911,16.0,0.000140000000000029,1
2025-04-08 19:00:00,1.09112,1.0931899999999999,1.08982,1.09291,122.0,0.0018100000000000893,1
2025-04-08 20:00:00,1.0929,1.09482,1.09256,1.09333,14.0,0.00041000000000002146,1
2025-04-08 21:00:00,1.09332,1.09687,1.09293,1.09517,19.0,0.0018899999999999473,1
2025-04-08 22:00:00,1.09514,1.09774,1.09504,1.09534,-74.0,0.00015999999999993797,1
2025-04-08 23:00:00,1.09535,1.09624,1.09385,1.09532,17.0,-4.999999999988347e-05,1
2025-04-09 00:00:00,1.09574,1.09574,1.09451,1.09554,34.0,0.00021999999999988695,1
2025-04-09 01:00:00,1.09551,1.09773,1.09551,1.09676,3.0,0.0012199999999999989,1
2025-04-09 02:00:00,1.09677,1.09846,1.09659,1.0977,96.0,0.0009399999999999409,1
2025-04-09 03:00:00,1.09769,1.10161,1.09707,1.10142,87.0,0.0037200000000001676,1
2025-04-09 04:00:00,1.10142,1.10393,1.10135,1.1019700000000001,96.0,0.0005500000000000504,1
2025-04-09 05:00:00,1.10195,1.10281,1.10091,1.10193,29.0,-4.0000000000040004e-05,1
2025-04-09 06:00:00,1.10194,1.10352,1.10123,1.10191,98.0,-2.0000000000131024e-05,1
2025-04-09 07:00:00,1.10191,1.1068500000000001,1.10185,1.10682,112.0,0.00490999999999997,1
2025-04-09 08:00:00,1.10678,1.10678,1.10286,1.10612,47.0,-0.0006999999999999229,1
2025-04-09 09:00:00,1.10613,1.10892,1.10423,1.10733,25.0,0.0012099999999999334,1
2025-04-09 10:00:00,1.10722,1.1078999999999999,1.10088,1.10148,219.0,-0.005809999999999871,1
2025-04-09 11:00:00,1.10148,1.10346,1.09974,1.10269,-13.0,0.0011699999999998933,1
2025-04-09 12:00:00,1.10269,1.10497,1.10088,1.10437,-72.0,0.0016800000000001258,1
2025-04-09 13:00:00,1.10436,1.10573,1.10249,1.10325,85.0,-0.0011200000000000099,1
2025-04-09 14:00:00,1.10327,1.10564,1.10211,1.10349,235.0,0.00024000000000001798,1
2025-04-09 15:00:00,1.10349,1.10944,1.10341,1.10751,44.0,0.0040199999999999125,1
2025-04-09 16:00:00,1.10756,1.10813,1.10325,1.10445,103.0,-0.0030600000000000627,1
2025-04-09 17:00:00,1.10445,1.10508,1.10255,1.10401,105.0,-0.00046999999999997044,1
2025-04-09 18:00:00,1.104,1.10687,1.10361,1.10379,16.0,-0.00018999999999991246,1
2025-04-09 19:00:00,1.10385,1.10418,1.1013,1.10196,30.0,-0.0018299999999999983,1
2025-04-09 20:00:00,1.10199,1.10626,1.09453,1.0975,130.0,-0.0044600000000001305,1
2025-04-09 21:00:00,1.09771,1.09826,1.0913,1.09636,-30.0,-0.0011699999999998933,1
2025-04-09 22:00:00,1.09634,1.09762,1.09322,1.09335,-170.0,-0.0026600000000001067,1
2025-04-09 23:00:00,1.09346,1.09616,1.09281,1.09453,-68.0,0.0008600000000000829,1
2025-04-10 00:00:00,1.09449,1.09516,1.0944,1.09508,3.0,0.0005500000000000504,1
2025-04-10 01:00:00,1.09508,1.09622,1.09495,1.09598,30.0,0.0008999999999999009,1
2025-04-10 02:00:00,1.09599,1.09606,1.09425,1.09503,-161.0,-0.0009600000000000719,1
2025-04-10 03:00:00,1.09503,1.0986,1.095,1.0985800000000001,66.0,0.0035600000000002296,1
2025-04-10 04:00:00,1.09857,1.09873,1.09689,1.09713,-159.0,-0.0014500000000001734,1
2025-04-10 05:00:00,1.09712,1.09785,1.09608,1.09712,-77.0,-9.999999999843467e-06,1
2025-04-10 06:00:00,1.09712,1.09887,1.09698,1.09813,-47.0,0.0010099999999999554,1
2025-04-10 07:00:00,1.09812,1.09844,1.09771,1.09821,-100.0,7.999999999985796e-05,1
2025-04-10 08:00:00,1.09822,1.0995,1.09772,1.0985,-27.0,0.0002900000000001235,1
2025-04-10 09:00:00,1.09846,1.09883,1.09624,1.09826,-1.0,-0.00015999999999993797,1
2025-04-10 10:00:00,1.09829,1.10303,1.09669,1.10259,102.0,0.004249999999999865,1
2025-04-10 11:00:00,1.10259,1.10474,1.10157,1.10369,-28.0,0.001100000000000101,1
2025-04-10 12:00:00,1.1037,1.10592,1.1033,1.10584,74.0,0.0021499999999998742,1
2025-04-10 13:00:00,1.1059,1.10806,1.10545,1.1078999999999999,81.0,0.0020599999999999508,1
2025-04-10 14:00:00,1.10792,1.10879,1.10666,1.10697,-17.0,-0.0009299999999998754,1
2025-04-10 15:00:00,1.10694,1.11313,1.10675,1.10968,46.0,0.0027399999999999647,1
2025-04-10 16:00:00,1.10974,1.11339,1.10904,1.11264,145.0,0.002930000000000099,1
2025-04-10 17:00:00,1.11265,1.11858,1.1124,1.1185100000000001,113.0,0.005860000000000198,1
2025-04-10 18:00:00,1.11841,1.12284,1.11531,1.11901,82.0,0.0004899999999998794,1
2025-04-10 19:00:00,1.11899,1.12097,1.1177,1.11965,73.0,0.0006500000000000394,1
2025-04-10 20:00:00,1.11965,1.12104,1.11741,1.12094,116.0,0.0012900000000000134,1
2025-04-10 21:00:00,1.12094,1.12409,1.12008,1.12148,25.0,0.0005599999999998939,1
2025-04-10 22:00:00,1.12146,1.1219,1.11583,1.12069,207.0,-0.0009500000000000064,1
2025-04-10 23:00:00,1.12045,1.12045,1.11807,1.11941,29.0,-0.0010499999999999954,1
2025-04-11 00:00:00,1.11978,1.12001,1.11808,1.1188,77.0,-0.0006999999999999229,1
2025-04-11 01:00:00,1.11854,1.12348,1.11806,1.12342,-11.0,0.0046200000000000685,1
2025-04-11 02:00:00,1.12344,1.12619,1.12128,1.12574,-167.0,0.0023199999999998777,1
2025-04-11 03:00:00,1.1257,1.13837,1.12508,1.13096,19.0,0.005249999999999977,1
2025-04-11 04:00:00,1.13096,1.13224,1.12758,1.13052,89.0,-0.00046999999999997044,1
2025-04-11 05:00:00,1.13056,1.13224,1.12947,1.13019,-17.0,-0.00032999999999994145,1
2025-04-11 06:00:00,1.13019,1.1353900000000001,1.13018,1.13403,-83.0,0.0038400000000000656,1
2025-04-11 07:00:00,1.13404,1.13404,1.13097,1.1322,0.0,-0.0018299999999999983,1
2025-04-11 08:00:00,1.13216,1.1323,1.12705,1.12843,-22.0,-0.003770000000000051,1
2025-04-11 09:00:00,1.1284,1.12884,1.12464,1.1287099999999999,71.0,0.00027999999999983594,1
2025-04-11 10:00:00,1.12866,1.13683,1.1283400000000001,1.13639,149.0,0.007680000000000131,1
2025-04-11 11:00:00,1.13636,1.14736,1.13487,1.14269,-64.0,0.006329999999999947,1
2025-04-11 12:00:00,1.14269,1.14269,1.13845,1.13853,-46.0,-0.004189999999999916,1
2025-04-11 13:00:00,1.13852,1.13852,1.13197,1.13365,23.0,-0.0047800000000000065,1
2025-04-11 14:00:00,1.1336,1.1371,1.13231,1.13283,-89.0,-0.0009200000000000319,1
2025-04-11 15:00:00,1.13272,1.13984,1.13241,1.13949,105.0,0.006659999999999888,1
2025-04-11 16:00:00,1.13949,1.14118,1.13246,1.13584,-15.0,-0.003649999999999931,1
2025-04-11 17:00:00,1.13583,1.13814,1.13267,1.13398,51.0,-0.0018499999999999073,1
2025-04-11 18:00:00,1.13395,1.13495,1.13123,1.13247,351.0,-0.0015099999999999003,1
2025-04-11 19:00:00,1.13242,1.13264,1.1276,1.1305399999999999,234.0,-0.0019300000000002093,1
2025-04-11 20:00:00,1.13053,1.13265,1.12822,1.1285,237.0,-0.0020399999999998197,1
2025-04-11 21:00:00,1.1285,1.13205,1.1284,1.13119,235.0,0.002689999999999859,1
2025-04-11 22:00:00,1.1312,1.13432,1.13086,1.13411,30.0,0.0029200000000000337,1
2025-04-11 23:00:00,1.13412,1.13604,1.13364,1.1359,-96.0,0.0017899999999999583,1
2025-04-14 00:00:00,1.13103,1.13252,1.13096,1.13171,-16.0,0.0006800000000000139,1
2025-04-14 01:00:00,1.13169,1.13545,1.13168,1.13337,-115.0,0.0016599999999999948,1
2025-04-14 02:00:00,1.13338,1.13486,1.13235,1.1341700000000001,-120.0,0.0008600000000000829,1
2025-04-14 03:00:00,1.1341700000000001,1.13701,1.13403,1.1365,-150.0,0.0023100000000000342,1
2025-04-14 04:00:00,1.13652,1.14083,1.1364,1.1385,-214.0,0.0019699999999998052,1
2025-04-14 05:00:00,1.1385,1.14008,1.13705,1.13715,-205.0,-0.0013499999999999623,1
2025-04-14 06:00:00,1.13715,1.13832,1.13573,1.13709,-165.0,-7.00000000000145e-05,1
2025-04-14 07:00:00,1.13709,1.13845,1.1365,1.1367099999999999,-71.0,-0.00038000000000004697,1
2025-04-14 08:00:00,1.1367099999999999,1.13874,1.13526,1.13848,23.0,0.0017700000000000493,1
2025-04-14 09:00:00,1.13851,1.14234,1.1376,1.1415899999999999,-17.0,0.003109999999999946,1
2025-04-14 10:00:00,1.14164,1.14242,1.13833,1.13893,93.0,-0.002649999999999819,1
2025-04-14 11:00:00,1.13895,1.14093,1.13787,1.13872,-47.0,-0.000220000000000109,1
2025-04-14 12:00:00,1.13871,1.14074,1.13862,1.13864,9.0,-7.999999999985796e-05,1
2025-04-14 13:00:00,1.13864,1.13917,1.13711,1.13869,57.0,4.999999999988347e-05,1
2025-04-14 14:00:00,1.13871,1.14054,1.1372,1.13834,-28.0,-0.0003500000000000725,1
2025-04-14 15:00:00,1.13834,1.13879,1.13342,1.13384,9.0,-0.0044999999999999485,1
2025-04-14 16:00:00,1.13386,1.1341,1.12953,1.13267,-120.0,-0.0011699999999998933,1
2025-04-14 17:00:00,1.13267,1.13675,1.13193,1.1367,100.0,0.004029999999999978,1
2025-04-14 18:00:00,1.1367,1.13813,1.13524,1.13567,-48.0,-0.0010200000000000209,1
2025-04-14 19:00:00,1.13568,1.13697,1.13297,1.13302,12.0,-0.0026600000000001067,1
2025-04-14 20:00:00,1.13302,1.13472,1.13281,1.13378,21.0,0.0007600000000000939,1
2025-04-14 21:00:00,1.13379,1.1356600000000001,1.13373,1.1353900000000001,-167.0,0.0016100000000001113,1
2025-04-14 22:00:00,1.1353900000000001,1.13692,1.13495,1.13544,-58.0,4.999999999988347e-05,1
2025-04-14 23:00:00,1.13544,1.13577,1.13427,1.13484,17.0,-0.0005999999999999339,1
2025-04-15 00:00:00,1.13493,1.1354,1.13344,1.13517,-52.0,0.00032999999999994145,1
2025-04-15 01:00:00,1.1351499999999999,1.13609,1.13449,1.13533,17.0,0.00015999999999993797,1
2025-04-15 02:00:00,1.13533,1.1353900000000001,1.13329,1.13357,35.0,-0.0017599999999999838,1
2025-04-15 03:00:00,1.13358,1.13386,1.13169,1.13283,94.0,-0.0007399999999999629,1
2025-04-15 04:00:00,1.13282,1.13345,1.13154,1.1323699999999999,72.0,-0.000460000000000127,1
2025-04-15 05:00:00,1.13239,1.13519,1.13238,1.13491,49.0,0.0025400000000002088,1
2025-04-15 06:00:00,1.13489,1.13525,1.13429,1.13471,-15.0,-0.00019999999999997797,1
2025-04-15 07:00:00,1.13471,1.1362700000000001,1.1344400000000001,1.13564,50.0,0.0009299999999998754,1
2025-04-15 08:00:00,1.13563,1.13674,1.13486,1.13499,22.0,-0.0006500000000000394,1
2025-04-15 09:00:00,1.13503,1.13639,1.13277,1.13317,20.0,-0.0018199999999999328,1
2025-04-15 10:00:00,1.13317,1.13594,1.13203,1.13567,44.0,0.0024999999999999467,1
2025-04-15 11:00:00,1.13567,1.13784,1.13432,1.13462,175.0,-0.0010499999999999954,1
2025-04-15 12:00:00,1.13458,1.13555,1.13328,1.13381,101.0,-0.0008099999999999774,1
2025-04-15 13:00:00,1.13382,1.13487,1.13318,1.13439,138.0,0.0005800000000000249,1
2025-04-15 14:00:00,1.13435,1.13438,1.13136,1.1326,59.0,-0.0017899999999999583,1
2025-04-15 15:00:00,1.13262,1.1341,1.13083,1.13123,91.0,-0.0013700000000000934,1
2025-04-15 16:00:00,1.13118,1.1328,1.13047,1.13171,49.0,0.00048000000000003595,1
2025-04-15 17:00:00,1.13169,1.13289,1.1285,1.13284,47.0,0.0011499999999999844,1
2025-04-15 18:00:00,1.13283,1.13285,1.12818,1.12882,51.0,-0.004060000000000175,1
2025-04-15 19:00:00,1.12882,1.12915,1.12635,1.1273900000000001,76.0,-0.0014099999999999113,1
2025-04-15 20:00:00,1.1273900000000001,1.12822,1.12665,1.12719,59.0,-0.000180000000000069,1
2025-04-15 21:00:00,1.12721,1.12762,1.1266,1.1273,-19.0,0.0001100000000000545,1
2025-04-15 22:00:00,1.1273,1.1287,1.12709,1.1282,-61.0,0.0009000000000001229,1
2025-04-15 23:00:00,1.12824,1.12892,1.12789,1.1280000000000001,91.0,-0.00019999999999997797,1
2025-04-16 00:00:00,1.12795,1.1284399999999999,1.12768,1.12799,-22.0,1.999999999990898e-05,1
2025-04-16 01:00:00,1.12799,1.12989,1.12799,1.12952,120.0,0.0015000000000000568,1
2025-04-16 02:00:00,1.12955,1.12981,1.12829,1.12931,41.0,-0.000220000000000109,1
2025-04-16 03:00:00,1.12931,1.13212,1.12923,1.13165,226.0,0.0023500000000000743,1
2025-04-16 04:00:00,1.13165,1.13303,1.1316,1.13231,-11.0,0.0006599999999998829,1
2025-04-16 05:00:00,1.13236,1.13314,1.1317599999999999,1.13272,62.0,0.00041000000000002146,1
2025-04-16 06:00:00,1.1327099999999999,1.13427,1.13239,1.13427,-34.0,0.0015499999999999403,1
2025-04-16 07:00:00,1.13427,1.13474,1.13324,1.13457,10.0,0.000300000000000189,1
2025-04-16 08:00:00,1.13457,1.1385,1.13409,1.138,132.0,0.003429999999999822,1
2025-04-16 09:00:00,1.13799,1.13823,1.13602,1.13603,-50.0,-0.0019699999999998052,1
2025-04-16 10:00:00,1.13603,1.13917,1.13587,1.13863,107.0,0.0025999999999999357,1
2025-04-16 11:00:00,1.13868,1.13877,1.13378,1.1369,122.0,-0.0017300000000000093,1
2025-04-16 12:00:00,1.13686,1.13771,1.13556,1.13597,122.0,-0.0009300000000000974,1
2025-04-16 13:00:00,1.13596,1.13735,1.1352,1.13577,166.0,-0.00015999999999993797,1
2025-04-16 14:00:00,1.13572,1.13734,1.13545,1.13626,143.0,0.00045000000000006146,1
2025-04-16 15:00:00,1.13628,1.1365,1.13402,1.13511,-40.0,-0.0011499999999999844,1
2025-04-16 16:00:00,1.13513,1.13733,1.13491,1.1366100000000001,17.0,0.0015000000000000568,1
2025-04-16 17:00:00,1.13668,1.13837,1.13536,1.13833,216.0,0.0016400000000000858,1
2025-04-16 18:00:00,1.13834,1.13862,1.13567,1.13809,-3.0,-0.00021999999999988695,1
2025-04-16 19:00:00,1.1381000000000001,1.13864,1.13696,1.13744,41.0,-0.000640000000000196,1
2025-04-16 20:00:00,1.13743,1.13892,1.13589,1.13745,13.0,-9.999999999843467e-06,1
2025-04-16 21:00:00,1.13748,1.13878,1.13646,1.1386,97.0,0.0011999999999998678,1
2025-04-16 22:00:00,1.13855,1.14123,1.1384400000000001,1.13862,48.0,-2.999999999997449e-05,1
2025-04-16 23:00:00,1.13862,1.13992,1.13813,1.1397,-42.0,0.0010799999999999699,1
2025-04-17 00:00:00,1.13919,1.13994,1.13863,1.13964,-1.0,-5.999999999994898e-05,1
2025-04-17 01:00:00,1.13971,1.13999,1.13944,1.13989,-20.0,0.0002500000000000835,1
2025-04-17 02:00:00,1.1399,1.14087,1.13937,1.1395,-137.0,-0.0003900000000001125,1
2025-04-17 03:00:00,1.1395,1.13963,1.13646,1.13676,-59.0,-0.0027399999999999647,1
2025-04-17 04:00:00,1.13664,1.13687,1.1354899999999999,1.13649,-18.0,-0.00026999999999999247,1
2025-04-17 05:00:00,1.13649,1.13813,1.13645,1.13777,-8.0,0.0012700000000001044,1
2025-04-17 06:00:00,1.13777,1.13802,1.13635,1.13638,20.0,-0.0013800000000001589,1
2025-04-17 07:00:00,1.1363699999999999,1.13694,1.13598,1.13617,32.0,-0.00021000000000004349,1
2025-04-17 08:00:00,1.13617,1.13705,1.13439,1.13518,18.0,-0.0009899999999998244,1
2025-04-17 09:00:00,1.13521,1.13704,1.13431,1.13585,-80.0,0.0006699999999999484,1
2025-04-17 10:00:00,1.13585,1.13784,1.13525,1.13762,79.0,0.0017700000000000493,1
2025-04-17 11:00:00,1.13763,1.1388099999999999,1.13678,1.13781,80.0,0.00018999999999991246,1
2025-04-17 12:00:00,1.13778,1.13803,1.13697,1.1372,49.0,-0.0005999999999999339,1
2025-04-17 13:00:00,1.1372200000000001,1.13762,1.13569,1.13591,124.0,-0.0013000000000000789,1
2025-04-17 14:00:00,1.13598,1.13694,1.13553,1.13561,27.0,-0.00029999999999996696,1
2025-04-17 15:00:00,1.13557,1.13672,1.13352,1.13558,147.0,-2.999999999997449e-05,1
2025-04-17 16:00:00,1.1356,1.13772,1.13508,1.13606,-7.0,0.00048000000000003595,1
2025-04-17 17:00:00,1.13607,1.13852,1.13382,1.13489,-4.0,-0.0011799999999999589,1
2025-04-17 18:00:00,1.13492,1.1376,1.13473,1.13628,194.0,0.0013900000000000023,1
2025-04-17 19:00:00,1.13629,1.13703,1.13397,1.13501,87.0,-0.0012699999999998823,1
2025-04-17 20:00:00,1.13501,1.13532,1.13405,1.1350500000000001,11.0,4.0000000000040004e-05,1
2025-04-17 21:00:00,1.1350500000000001,1.13747,1.13426,1.13729,232.0,0.0022399999999997977,1
2025-04-17 22:00:00,1.13728,1.13756,1.1368,1.13727,15.0,-1.999999999990898e-05,1
2025-04-17 23:00:00,1.13728,1.13762,1.13595,1.13609,24.0,-0.0011799999999999589,1
2025-04-18 00:00:00,1.13608,1.13687,1.13519,1.13657,-16.0,0.00048000000000003595,1
2025-04-18 01:00:00,1.13657,1.13704,1.13641,1.13659,-182.0,1.999999999990898e-05,1
2025-04-18 02:00:00,1.1365,1.1373,1.13648,1.13713,249.0,0.0005399999999999849,1
2025-04-18 03:00:00,1.13715,1.13848,1.13647,1.13737,114.0,0.0002500000000000835,1
2025-04-18 04:00:00,1.13737,1.13767,1.13676,1.13704,27.0,-0.00034000000000000696,1
2025-04-18 05:00:00,1.137,1.13785,1.13687,1.13716,-24.0,0.00011999999999989797,1
2025-04-18 06:00:00,1.13716,1.13754,1.1369,1.13724,24.0,8.000000000008001e-05,1
2025-04-18 07:00:00,1.13726,1.13736,1.13684,1.13689,18.0,-0.0003500000000000725,1
2025-04-18 08:00:00,1.1368800000000001,1.13741,1.13649,1.1369799999999999,-34.0,8.999999999992347e-05,1
2025-04-18 09:00:00,1.1369799999999999,1.13754,1.13622,1.13622,-187.0,-0.0007599999999998719,1
2025-04-18 10:00:00,1.13622,1.13751,1.13553,1.13694,-80.0,0.0007200000000000539,1
2025-04-18 11:00:00,1.13694,1.13709,1.13663,1.13708,-2.0,0.00011999999999989797,1
2025-04-18 12:00:00,1.13705,1.13718,1.13667,1.13684,-67.0,-0.00021999999999988695,1
2025-04-18 13:00:00,1.13684,1.1374,1.13675,1.13739,-86.0,0.0005299999999999194,1
2025-04-18 14:00:00,1.13736,1.13825,1.13713,1.13802,5.0,0.0006500000000000394,1
2025-04-18 15:00:00,1.13801,1.13861,1.13797,1.13817,-64.0,0.00015999999999993797,1
2025-04-18 16:00:00,1.13817,1.13822,1.13755,1.13788,-123.0,-0.00029999999999996696,1
2025-04-18 17:00:00,1.13789,1.13967,1.13781,1.13957,44.0,0.0016799999999999038,1
2025-04-18 18:00:00,1.13956,1.13958,1.13868,1.1391499999999999,33.0,-0.00042000000000008697,1
2025-04-18 19:00:00,1.13914,1.13946,1.13865,1.1394,19.0,0.0002500000000000835,1
2025-04-18 20:00:00,1.1394,1.13944,1.13896,1.13917,-73.0,-0.00022999999999995246,1
2025-04-18 21:00:00,1.13913,1.13947,1.13902,1.13936,9.0,0.00018999999999991246,1
2025-04-18 22:00:00,1.13936,1.1396,1.1392,1.13923,-53.0,-0.00012999999999996348,1
2025-04-18 23:00:00,1.13923,1.13935,1.13863,1.13898,-39.0,-0.00024999999999986144,1
2025-04-21 00:00:00,1.13964,1.1423,1.1384400000000001,1.14052,0.0,0.0008799999999999919,1
2025-04-21 01:00:00,1.13898,1.1438,1.13892,1.14323,51.0,0.00270999999999999,1
2025-04-21 02:00:00,1.14328,1.14579,1.14325,1.14484,-27.0,0.0016100000000001113,1
2025-04-21 03:00:00,1.14485,1.14856,1.14485,1.14658,-64.0,0.0017399999999998528,1
2025-04-21 04:00:00,1.14659,1.14782,1.14645,1.14761,-9.0,0.0010300000000000864,1
2025-04-21 05:00:00,1.14761,1.15307,1.14715,1.15041,-52.0,0.0027999999999999137,1
2025-04-21 06:00:00,1.15041,1.15246,1.15041,1.15147,86.0,0.001060000000000061,1
2025-04-21 07:00:00,1.15145,1.1517,1.14984,1.1517,24.0,0.00022999999999995246,1
2025-04-21 08:00:00,1.1517,1.15341,1.15144,1.15308,32.0,0.0013800000000001589,1
2025-04-21 09:00:00,1.15308,1.15339,1.15043,1.15158,-20.0,-0.0015000000000000568,1
2025-04-21 10:00:00,1.1515,1.15668,1.15091,1.1555,103.0,0.0039199999999999235,1
2025-04-21 11:00:00,1.1555,1.15641,1.15373,1.15577,-39.0,0.00026999999999999247,1
2025-04-21 12:00:00,1.15577,1.15727,1.15446,1.15466,37.0,-0.0011099999999999444,1
2025-04-21 13:00:00,1.15466,1.1548,1.15211,1.15231,73.0,-0.0023500000000000743,1
2025-04-21 14:00:00,1.1522999999999999,1.1547,1.15127,1.15424,42.0,0.0019299999999999873,1
2025-04-21 15:00:00,1.15424,1.15495,1.15209,1.15421,131.0,-2.999999999997449e-05,1
2025-04-21 16:00:00,1.15419,1.15424,1.1501000000000001,1.15186,20.0,-0.002349999999999852,1
2025-04-21 17:00:00,1.15186,1.15243,1.14893,1.14971,19.0,-0.0021500000000000963,1
2025-04-21 18:00:00,1.14972,1.15072,1.14811,1.15064,-45.0,0.0009399999999999409,1
2025-04-21 19:00:00,1.15064,1.15126,1.14997,1.1509,-37.0,0.0002500000000000835,1
2025-04-21 20:00:00,1.15091,1.15141,1.14931,1.1513200000000001,-1.0,0.00042000000000008697,1
2025-04-21 21:00:00,1.1513200000000001,1.15246,1.15115,1.15217,-97.0,0.0008499999999997954,1
2025-04-21 22:00:00,1.15217,1.1526399999999999,1.15124,1.15124,-3.0,-0.0009299999999998754,1
2025-04-21 23:00:00,1.15135,1.15157,1.15031,1.15126,-20.0,1.999999999990898e-05,1
2025-04-22 00:00:00,1.15097,1.15141,1.15061,1.15076,33.0,-0.0004999999999999449,1
2025-04-22 01:00:00,1.15079,1.15247,1.15059,1.15225,56.0,0.0014899999999999913,1
2025-04-22 02:00:00,1.15232,1.15232,1.1507100000000001,1.15135,-101.0,-0.0008999999999999009,1
2025-04-22 03:00:00,1.15136,1.15136,1.14815,1.14899,71.0,-0.0023600000000001398,1
2025-04-22 04:00:00,1.14899,1.14978,1.14851,1.14941,31.0,0.00042000000000008697,1
2025-04-22 05:00:00,1.14941,1.15202,1.14934,1.152,78.0,0.00258999999999987,1
2025-04-22 06:00:00,1.152,1.154,1.15186,1.1534200000000001,-37.0,0.0014200000000001989,1
2025-04-22 07:00:00,1.15343,1.15396,1.15268,1.15296,8.0,-0.000460000000000127,1
2025-04-22 08:00:00,1.15298,1.15467,1.1518,1.15417,-133.0,0.0011900000000000244,1
2025-04-22 09:00:00,1.15418,1.15453,1.14956,1.15002,-140.0,-0.004129999999999967,1
2025-04-22 10:00:00,1.15009,1.15086,1.1482700000000001,1.15051,32.0,0.0004899999999998794,1
2025-04-22 11:00:00,1.15053,1.15147,1.14943,1.14992,156.0,-0.0005899999999998684,1
2025-04-22 12:00:00,1.14993,1.15073,1.14875,1.14901,-37.0,-0.0009099999999999664,1
2025-04-22 13:00:00,1.149,1.14999,1.14876,1.14883,-30.0,-0.000180000000000069,1
2025-04-22 14:00:00,1.1488,1.15003,1.14834,1.14858,42.0,-0.00024000000000001798,1
2025-04-22 15:00:00,1.14859,1.14896,1.14618,1.14696,31.0,-0.0016300000000000203,1
2025-04-22 16:00:00,1.14698,1.14846,1.14555,1.14741,75.0,0.00045000000000006146,1
2025-04-22 17:00:00,1.14738,1.14914,1.14606,1.14775,41.0,0.00036999999999998145,1
2025-04-22 18:00:00,1.14775,1.14852,1.14631,1.14644,10.0,-0.0013100000000001444,1
2025-04-22 19:00:00,1.1464699999999999,1.14683,1.14327,1.14336,-12.0,-0.0030799999999999716,1
2025-04-22 20:00:00,1.14335,1.14536,1.14303,1.1449799999999999,86.0,0.0016199999999999548,1
2025-04-22 21:00:00,1.1449799999999999,1.1449799999999999,1.14222,1.14267,-78.0,-0.002309999999999812,1
2025-04-22 22:00:00,1.14267,1.14335,1.14193,1.14201,-99.0,-0.0006500000000000394,1
2025-04-22 23:00:00,1.14206,1.14295,1.14162,1.14204,-54.0,1.999999999990898e-05,1
2025-04-23 00:00:00,1.1415899999999999,1.14247,1.13609,1.13609,-122.0,-0.0059499999999999,1
2025-04-23 01:00:00,1.13665,1.13696,1.13074,1.13367,66.0,-0.0024200000000000887,1
2025-04-23 02:00:00,1.13375,1.1362,1.13289,1.13501,233.0,0.0013499999999999623,1
2025-04-23 03:00:00,1.13499,1.13977,1.1348799999999999,1.1397,35.0,0.0046800000000000175,1
2025-04-23 04:00:00,1.13971,1.1414900000000001,1.13839,1.14066,170.0,0.0009600000000000719,1
2025-04-23 05:00:00,1.14065,1.14102,1.13897,1.14041,-58.0,-0.0002500000000000835,1
2025-04-23 06:00:00,1.14041,1.14045,1.13729,1.13786,-18.0,-0.00254999999999983,1
2025-04-23 07:00:00,1.13786,1.13912,1.13703,1.13894,46.0,0.0010799999999999699,1
2025-04-23 08:00:00,1.13895,1.13993,1.13706,1.13762,-61.0,-0.0013000000000000789,1
2025-04-23 09:00:00,1.13762,1.13957,1.13742,1.1384400000000001,72.0,0.0008000000000001339,1
2025-04-23 10:00:00,1.13846,1.14086,1.13779,1.1385,185.0,5.999999999994898e-05,1
2025-04-23 11:00:00,1.13858,1.14147,1.1379299999999999,1.14124,202.0,0.0027399999999999647,1
2025-04-23 12:00:00,1.14124,1.14394,1.1412200000000001,1.14178,-118.0,0.0005399999999999849,1
2025-04-23 13:00:00,1.14176,1.14186,1.13896,1.14014,80.0,-0.0016400000000000858,1
2025-04-23 14:00:00,1.14014,1.14156,1.13858,1.14103,40.0,0.0008900000000000574,1
2025-04-23 15:00:00,1.14103,1.1419,1.14016,1.1405,-102.0,-0.000520000000000076,1
2025-04-23 16:00:00,1.14047,1.14117,1.13323,1.13323,-149.0,-0.007279999999999953,1
2025-04-23 17:00:00,1.13326,1.13806,1.13275,1.13526,168.0,0.0020000000000000018,1
2025-04-23 18:00:00,1.13527,1.13828,1.13434,1.13482,-260.0,-0.00043999999999999595,1
2025-04-23 19:00:00,1.13484,1.13653,1.13363,1.13395,69.0,-0.0008699999999999264,1
2025-04-23 20:00:00,1.1339299999999999,1.13436,1.13246,1.13291,62.0,-0.0010399999999999299,1
2025-04-23 21:00:00,1.13291,1.1329799999999999,1.1314899999999999,1.13232,96.0,-0.0005900000000000905,1
2025-04-23 22:00:00,1.13228,1.13313,1.13177,1.13269,12.0,0.00038000000000004697,1
2025-04-23 23:00:00,1.13269,1.13279,1.13094,1.13122,44.0,-0.0015199999999999658,1
2025-04-24 00:00:00,1.13089,1.1322,1.13075,1.13174,64.0,0.0005599999999998939,1
2025-04-24 01:00:00,1.1318,1.13464,1.13178,1.13318,42.0,0.0014400000000001079,1
2025-04-24 02:00:00,1.13319,1.13378,1.13259,1.13288,-142.0,-0.00029999999999996696,1
2025-04-24 03:00:00,1.13288,1.13461,1.1320999999999999,1.13447,-30.0,0.0015899999999999803,1
2025-04-24 04:00:00,1.13448,1.13569,1.13395,1.13492,-56.0,0.0004499999999998394,1
2025-04-24 05:00:00,1.13491,1.13567,1.13458,1.13547,-107.0,0.0005500000000000504,1
2025-04-24 06:00:00,1.13547,1.13555,1.13358,1.13376,-83.0,-0.0017099999999998783,1
2025-04-24 07:00:00,1.1338,1.13418,1.13317,1.13387,6.0,0.00010999999999983245,1
2025-04-24 08:00:00,1.13386,1.13449,1.13303,1.13358,63.0,-0.00028999999999990145,1
2025-04-24 09:00:00,1.13358,1.13538,1.13353,1.13518,1.0,0.0016000000000000458,1
2025-04-24 10:00:00,1.13517,1.13801,1.13512,1.13792,-108.0,0.0027399999999999647,1
2025-04-24 11:00:00,1.13792,1.13924,1.13626,1.138,-37.0,7.999999999985796e-05,1
2025-04-24 12:00:00,1.13797,1.13903,1.13746,1.13838,14.0,0.00038000000000004697,1
2025-04-24 13:00:00,1.13839,1.1394199999999999,1.13756,1.13788,-58.0,-0.0004999999999999449,1
2025-04-24 14:00:00,1.13787,1.13896,1.1368,1.13723,180.0,-0.0006500000000000394,1
2025-04-24 15:00:00,1.1372,1.13781,1.13573,1.1375899999999999,203.0,0.00035999999999991594,1
2025-04-24 16:00:00,1.13763,1.13835,1.1363,1.13757,92.0,-1.999999999990898e-05,1
2025-04-24 17:00:00,1.13757,1.13868,1.13626,1.13721,5.0,-0.00035999999999991594,1
2025-04-24 18:00:00,1.13721,1.13753,1.13472,1.13605,67.0,-0.0011600000000000499,1
2025-04-24 19:00:00,1.13608,1.13801,1.13573,1.13795,-77.0,0.0019000000000000128,1
2025-04-24 20:00:00,1.13794,1.13852,1.1367,1.1368800000000001,-38.0,-0.0010699999999999044,1
2025-04-24 21:00:00,1.1368800000000001,1.13787,1.13632,1.13774,65.0,0.0008599999999998609,1
2025-04-24 22:00:00,1.13774,1.1397,1.1377,1.13841,-38.0,0.0006699999999999484,1
2025-04-24 23:00:00,1.13842,1.13974,1.13815,1.13839,27.0,-1.999999999990898e-05,1
2025-04-25 00:00:00,1.1384400000000001,1.1390500000000001,1.13806,1.1384400000000001,-27.0,5.0000000000105516e-05,1
2025-04-25 01:00:00,1.1384400000000001,1.1391,1.13834,1.13859,-75.0,0.00014999999999987246,1
2025-04-25 02:00:00,1.13864,1.13877,1.13701,1.13721,-110.0,-0.0013799999999999368,1
2025-04-25 03:00:00,1.1372,1.1372,1.13463,1.13467,-130.0,-0.0025399999999999867,1
2025-04-25 04:00:00,1.13467,1.13544,1.13421,1.13432,-111.0,-0.0003500000000000725,1
2025-04-25 05:00:00,1.13432,1.13511,1.13406,1.13473,51.0,0.00041000000000002146,1
2025-04-25 06:00:00,1.13474,1.13586,1.13246,1.13255,-156.0,-0.0021800000000000708,1
2025-04-25 07:00:00,1.13255,1.13354,1.13151,1.13344,-57.0,0.0008900000000000574,1
2025-04-25 08:00:00,1.13343,1.13412,1.1325,1.13307,14.0,-0.00036999999999998145,1
2025-04-25 09:00:00,1.13307,1.13569,1.13211,1.13411,-31.0,0.0010399999999999299,1
2025-04-25 10:00:00,1.13413,1.13675,1.13413,1.13591,67.0,0.0018100000000000893,1
2025-04-25 11:00:00,1.13591,1.13638,1.1339299999999999,1.13499,126.0,-0.0009300000000000974,1
2025-04-25 12:00:00,1.135,1.13604,1.1344400000000001,1.13455,-99.0,-0.00043999999999999595,1
2025-04-25 13:00:00,1.13456,1.13591,1.13338,1.13554,130.0,0.0009900000000000464,1
2025-04-25 14:00:00,1.13555,1.1366100000000001,1.13455,1.1349,-76.0,-0.0006399999999999739,1
2025-04-25 15:00:00,1.1348799999999999,1.13596,1.13487,1.13518,31.0,0.00026999999999999247,1
2025-04-25 16:00:00,1.13518,1.13548,1.13326,1.13526,168.0,8.999999999992347e-05,1
2025-04-25 17:00:00,1.13526,1.13802,1.13522,1.13679,4.0,0.0015300000000000313,1
2025-04-25 18:00:00,1.1368,1.13818,1.13574,1.13797,70.0,0.0011799999999999589,1
2025-04-25 19:00:00,1.13797,1.13882,1.13678,1.13681,4.0,-0.0011599999999998278,1
2025-04-25 20:00:00,1.13681,1.13821,1.13646,1.13762,86.0,0.0008099999999999774,1
2025-04-25 21:00:00,1.13762,1.13803,1.13687,1.13792,67.0,0.00029999999999996696,1
2025-04-25 22:00:00,1.13789,1.13803,1.13582,1.13587,-156.0,-0.0020500000000001073,1
2025-04-25 23:00:00,1.13587,1.13638,1.13562,1.13618,-27.0,0.00031000000000003247,1
2025-04-28 00:00:00,1.1364,1.13662,1.13562,1.13594,-20.0,-0.000460000000000127,1
2025-04-28 01:00:00,1.13594,1.13648,1.13394,1.13494,-10.0,-0.0009999999999998899,1
2025-04-28 02:00:00,1.13494,1.13545,1.1341,1.13445,-21.0,-0.00048000000000003595,1
2025-04-28 03:00:00,1.13445,1.13642,1.13441,1.13633,-21.0,0.0018700000000000383,1
2025-04-28 04:00:00,1.13633,1.1366,1.13492,1.13506,-81.0,-0.0012700000000001044,1
2025-04-28 05:00:00,1.13508,1.13565,1.13427,1.1353,4.0,0.00024000000000001798,1
2025-04-28 06:00:00,1.1353,1.13597,1.13506,1.13556,-19.0,0.00025999999999992696,1
2025-04-28 07:00:00,1.13556,1.13721,1.13521,1.13718,-13.0,0.0016200000000001769,1
2025-04-28 08:00:00,1.13718,1.13802,1.13713,1.13739,-110.0,0.00020999999999982144,1
2025-04-28 09:00:00,1.13736,1.13738,1.1329,1.13311,-28.0,-0.0042799999999998395,1
2025-04-28 10:00:00,1.13309,1.13612,1.13306,1.13479,20.0,0.0016199999999999548,1
2025-04-28 11:00:00,1.1347800000000001,1.13511,1.13348,1.13432,23.0,-0.00041000000000002146,1
2025-04-28 12:00:00,1.13432,1.13582,1.13418,1.13494,180.0,0.0006200000000000649,1
2025-04-28 13:00:00,1.13494,1.13597,1.13453,1.13499,33.0,4.999999999988347e-05,1
2025-04-28 14:00:00,1.13501,1.13556,1.13406,1.1351,16.0,0.0001100000000000545,1
2025-04-28 15:00:00,1.13516,1.13723,1.135,1.1350500000000001,87.0,-4.999999999988347e-05,1
2025-04-28 16:00:00,1.13509,1.13735,1.13391,1.13643,170.0,0.0013799999999999368,1
2025-04-28 17:00:00,1.13644,1.14132,1.13568,1.13781,57.0,0.0013700000000000934,1
2025-04-28 18:00:00,1.13782,1.13917,1.13706,1.13857,173.0,0.0007500000000000284,1
2025-04-28 19:00:00,1.13857,1.14217,1.13847,1.14111,87.0,0.0025500000000000522,1
2025-04-28 20:00:00,1.1411,1.14188,1.13999,1.14005,-116.0,-0.001060000000000061,1
2025-04-28 21:00:00,1.14005,1.14134,1.13998,1.14127,-110.0,0.0012199999999999989,1
2025-04-28 22:00:00,1.14128,1.14245,1.1412499999999999,1.14214,59.0,0.0008699999999999264,1
2025-04-28 23:00:00,1.14216,1.14243,1.14138,1.14152,-35.0,-0.0006899999999998574,1
2025-04-29 00:00:00,1.1414,1.14202,1.14139,1.14196,19.0,0.0005100000000000104,1
2025-04-29 01:00:00,1.14195,1.14217,1.14113,1.14123,-40.0,-0.0007300000000001194,1
2025-04-29 02:00:00,1.1412499999999999,1.14212,1.14001,1.14073,-77.0,-0.0004999999999999449,1
2025-04-29 03:00:00,1.14073,1.14155,1.13987,1.13992,-71.0,-0.0008099999999999774,1
2025-04-29 04:00:00,1.13992,1.14082,1.1387,1.13919,-6.0,-0.0007300000000001194,1
2025-04-29 05:00:00,1.13919,1.14193,1.13916,1.13977,-4.0,0.0005800000000000249,1
2025-04-29 06:00:00,1.13978,1.13995,1.13859,1.139,-12.0,-0.0007699999999999374,1
2025-04-29 07:00:00,1.139,1.13931,1.13735,1.13775,-64.0,-0.0012499999999999734,1
2025-04-29 08:00:00,1.13775,1.13876,1.13754,1.13863,-2.0,0.0008799999999999919,1
2025-04-29 09:00:00,1.13863,1.13988,1.13826,1.13891,-38.0,0.000280000000000058,1
2025-04-29 10:00:00,1.13921,1.14115,1.13868,1.14031,-87.0,0.0014099999999999113,1
2025-04-29 11:00:00,1.14042,1.14076,1.13812,1.13848,-25.0,-0.0018400000000000638,1
2025-04-29 12:00:00,1.13848,1.13968,1.13802,1.13802,-6.0,-0.00045999999999990493,1
2025-04-29 13:00:00,1.138,1.13847,1.13725,1.13774,43.0,-0.000280000000000058,1
2025-04-29 14:00:00,1.13774,1.13863,1.13706,1.13741,15.0,-0.00032999999999994145,1
2025-04-29 15:00:00,1.13744,1.1414,1.13696,1.14101,85.0,0.0036199999999999566,1
2025-04-29 16:00:00,1.141,1.14164,1.13897,1.13983,-45.0,-0.0012000000000000899,1
2025-04-29 17:00:00,1.13964,1.14168,1.13784,1.13825,-44.0,-0.0013900000000000023,1
2025-04-29 18:00:00,1.13826,1.1404,1.13817,1.13956,-94.0,0.0013099999999999223,1
2025-04-29 19:00:00,1.13957,1.1418300000000001,1.13949,1.14029,-96.0,0.0007300000000001194,1
2025-04-29 20:00:00,1.1402700000000001,1.14041,1.13833,1.13855,-31.0,-0.0017400000000000748,1
2025-04-29 21:00:00,1.13855,1.13928,1.13755,1.13818,38.0,-0.00036999999999998145,1
2025-04-29 22:00:00,1.13817,1.13882,1.13754,1.13812,38.0,-5.999999999994898e-05,1
2025-04-29 23:00:00,1.13811,1.1391499999999999,1.13802,1.13808,23.0,-4.0000000000040004e-05,1
2025-04-30 00:00:00,1.13811,1.13873,1.1378,1.13839,98.0,0.00031000000000003247,1
2025-04-30 01:00:00,1.13842,1.13951,1.1381000000000001,1.13914,71.0,0.0007500000000000284,1
2025-04-30 02:00:00,1.13918,1.13927,1.1385399999999999,1.13899,4.0,-0.0001500000000000945,1
2025-04-30 03:00:00,1.13901,1.13946,1.13764,1.1381999999999999,3.0,-0.0007900000000000684,1
2025-04-30 04:00:00,1.1381999999999999,1.1386,1.1356600000000001,1.13582,6.0,-0.0023799999999998267,1
2025-04-30 05:00:00,1.13584,1.13719,1.13546,1.13699,25.0,0.0011699999999998933,1
2025-04-30 06:00:00,1.13699,1.13792,1.13663,1.13681,21.0,-0.00017999999999984695,1
2025-04-30 07:00:00,1.13681,1.13775,1.13658,1.13728,24.0,0.00046999999999997044,1
2025-04-30 08:00:00,1.13725,1.13838,1.13711,1.13821,88.0,0.0009299999999998754,1
2025-04-30 09:00:00,1.1381999999999999,1.13989,1.13654,1.13895,-43.0,0.0007399999999999629,1
2025-04-30 10:00:00,1.13895,1.13898,1.13729,1.1378,-35.0,-0.0011499999999999844,1
2025-04-30 11:00:00,1.13782,1.13846,1.13619,1.13708,-57.0,-0.0007199999999998319,1
2025-04-30 12:00:00,1.13712,1.13788,1.13598,1.13618,-4.0,-0.0009100000000001884,1
2025-04-30 13:00:00,1.13619,1.13692,1.13603,1.13614,112.0,-2.999999999997449e-05,1
2025-04-30 14:00:00,1.13615,1.13801,1.13555,1.13729,-10.0,0.0011499999999999844,1
2025-04-30 15:00:00,1.13728,1.13882,1.13645,1.13735,-47.0,9.000000000014552e-05,1
2025-04-30 16:00:00,1.1373,1.1377,1.1360999999999999,1.13683,213.0,-0.0005500000000000504,1
2025-04-30 17:00:00,1.13678,1.13784,1.13493,1.1366100000000001,-51.0,-0.00016999999999978144,1
2025-04-30 18:00:00,1.1366100000000001,1.13745,1.13227,1.13475,32.0,-0.0018600000000001948,1
2025-04-30 19:00:00,1.1348,1.13586,1.1344400000000001,1.1354899999999999,22.0,0.0007399999999999629,1
2025-04-30 20:00:00,1.1354899999999999,1.13642,1.13446,1.13451,-55.0,-0.0009799999999999809,1
2025-04-30 21:00:00,1.13452,1.1358,1.13427,1.13485,-18.0,0.0003300000000001635,1
2025-04-30 22:00:00,1.13484,1.13528,1.13276,1.13293,-98.0,-0.0019100000000000783,1
2025-04-30 23:00:00,1.13293,1.13308,1.13166,1.13265,50.0,-0.000280000000000058,1
2025-05-01 00:00:00,1.13259,1.1329799999999999,1.13227,1.13254,19.0,-0.00010999999999983245,1
2025-05-01 01:00:00,1.13272,1.13313,1.13217,1.1325,1.0,-4.0000000000040004e-05,1
2025-05-01 02:00:00,1.13251,1.13256,1.13183,1.13216,-20.0,-0.00034000000000000696,1
2025-05-01 03:00:00,1.13216,1.13289,1.13201,1.13212,47.0,-2.999999999997449e-05,1
2025-05-01 04:00:00,1.13212,1.13218,1.13025,1.1307800000000001,-29.0,-0.0013499999999999623,1
2025-05-01 05:00:00,1.1307800000000001,1.13155,1.13053,1.13146,53.0,0.0006799999999997919,1
2025-05-01 06:00:00,1.13146,1.13181,1.1299299999999999,1.13116,43.0,-0.00029999999999996696,1
2025-05-01 07:00:00,1.13116,1.13137,1.1302,1.13023,-28.0,-0.0009099999999999664,1
2025-05-01 08:00:00,1.13022,1.1306,1.12874,1.12994,105.0,-0.00031000000000003247,1
2025-05-01 09:00:00,1.1299299999999999,1.1312,1.12978,1.13021,-20.0,0.00026999999999999247,1
2025-05-01 10:00:00,1.1302,1.13101,1.12873,1.13094,18.0,0.0007300000000001194,1
2025-05-01 11:00:00,1.13094,1.13304,1.13093,1.13192,124.0,0.0009799999999999809,1
2025-05-01 12:00:00,1.13192,1.13244,1.13131,1.13138,-76.0,-0.0005500000000000504,1
2025-05-01 13:00:00,1.13138,1.13337,1.13112,1.13316,101.0,0.0017899999999999583,1
2025-05-01 14:00:00,1.13316,1.13405,1.13158,1.13196,-25.0,-0.0011999999999998678,1
2025-05-01 15:00:00,1.13197,1.1338300000000001,1.13077,1.1315,-20.0,-0.0005100000000000104,1
2025-05-01 16:00:00,1.13145,1.1327099999999999,1.13107,1.1318,50.0,0.00034999999999985043,1
2025-05-01 17:00:00,1.1315,1.13181,1.12698,1.12811,-47.0,-0.003390000000000004,1
2025-05-01 18:00:00,1.1280999999999999,1.12897,1.12654,1.12786,67.0,-0.00024999999999986144,1
2025-05-01 19:00:00,1.12784,1.12916,1.12723,1.12902,-48.0,0.0011599999999998278,1
2025-05-01 20:00:00,1.12902,1.12908,1.1279,1.12825,38.0,-0.0007699999999999374,1
2025-05-01 21:00:00,1.12824,1.1293,1.12746,1.12851,-30.0,0.00025999999999992696,1
2025-05-01 22:00:00,1.12853,1.12917,1.12806,1.1288,12.0,0.0002900000000001235,1
2025-05-01 23:00:00,1.1288,1.12935,1.12841,1.12854,-26.0,-0.0002900000000001235,1
2025-05-02 00:00:00,1.12858,1.12888,1.1283,1.12857,-23.0,6.000000000017103e-05,1
2025-05-02 01:00:00,1.12869,1.12987,1.12867,1.12946,114.0,0.0008899999999998354,1
2025-05-02 02:00:00,1.12949,1.1297,1.12908,1.12953,-15.0,7.00000000000145e-05,1
2025-05-02 03:00:00,1.12953,1.12988,1.1273900000000001,1.12817,17.0,-0.0013600000000000279,1
2025-05-02 04:00:00,1.12818,1.12951,1.12782,1.12951,104.0,0.0013400000000001189,1
2025-05-02 05:00:00,1.1295,1.13028,1.12925,1.12935,33.0,-0.00015999999999993797,1
2025-05-02 06:00:00,1.12936,1.1315,1.12934,1.13122,33.0,0.0018799999999998818,1
2025-05-02 07:00:00,1.13123,1.13134,1.13007,1.13037,7.0,-0.0008599999999998609,1
2025-05-02 08:00:00,1.13039,1.13135,1.1302,1.13073,7.0,0.00035999999999991594,1
2025-05-02 09:00:00,1.13073,1.13286,1.1305399999999999,1.13253,60.0,0.0017799999999998928,1
2025-05-02 10:00:00,1.13254,1.13373,1.13174,1.13277,-72.0,0.000260000000000149,1
2025-05-02 11:00:00,1.13278,1.13343,1.13156,1.13317,-5.0,0.00039999999999995595,1
2025-05-02 12:00:00,1.13321,1.13546,1.13255,1.13498,9.0,0.0018100000000000893,1
2025-05-02 13:00:00,1.13498,1.1351499999999999,1.1327099999999999,1.13306,-167.0,-0.0019200000000001438,1
2025-05-02 14:00:00,1.13305,1.13498,1.13236,1.13459,-50.0,0.0015300000000000313,1
2025-05-02 15:00:00,1.13461,1.13468,1.13041,1.13184,-130.0,-0.00275000000000003,1
2025-05-02 16:00:00,1.13182,1.13794,1.13143,1.13721,49.0,0.005370000000000097,1
2025-05-02 17:00:00,1.1372200000000001,1.13804,1.13572,1.13681,-26.0,-0.00042000000000008697,1
2025-05-02 18:00:00,1.13681,1.13681,1.13201,1.13285,-3.0,-0.00395000000000012,1
2025-05-02 19:00:00,1.13288,1.13385,1.13166,1.13194,-42.0,-0.0009099999999999664,1
2025-05-02 20:00:00,1.13195,1.13197,1.1298,1.13035,77.0,-0.0015799999999999148,1
2025-05-02 21:00:00,1.13036,1.13082,1.1292,1.12991,-20.0,-0.00045000000000006146,1
2025-05-02 22:00:00,1.12992,1.13082,1.12991,1.1304,40.0,0.0004900000000001015,1
2025-05-02 23:00:00,1.13037,1.13047,1.12911,1.12988,63.0,-0.000520000000000076,1
2025-05-05 00:00:00,1.13042,1.1305,1.12921,1.1296,-14.0,-0.0008200000000000429,1
2025-05-05 01:00:00,1.12979,1.13142,1.12961,1.13051,54.0,0.0009099999999999664,1
2025-05-05 02:00:00,1.13056,1.13272,1.13016,1.13207,16.0,0.0015600000000000058,1
2025-05-05 03:00:00,1.13207,1.1323400000000001,1.1313900000000001,1.13219,18.0,0.00012000000000012001,1
2025-05-05 04:00:00,1.13222,1.13395,1.13222,1.13344,39.0,0.0012499999999999734,1
2025-05-05 05:00:00,1.13344,1.13462,1.13312,1.1341700000000001,-34.0,0.0007300000000001194,1
2025-05-05 06:00:00,1.1341700000000001,1.13419,1.13279,1.13317,-27.0,-0.001000000000000112,1
2025-05-05 07:00:00,1.13317,1.13387,1.13283,1.13369,18.0,0.000520000000000076,1
2025-05-05 08:00:00,1.13369,1.13468,1.13297,1.13329,20.0,-0.000400000000000178,1
2025-05-05 09:00:00,1.13326,1.13363,1.1317599999999999,1.13256,-86.0,-0.0007299999999998974,1
2025-05-05 10:00:00,1.13252,1.13304,1.13127,1.13127,-31.0,-0.0012900000000000134,1
2025-05-05 11:00:00,1.13125,1.13323,1.13109,1.13254,74.0,0.0012700000000001044,1
2025-05-05 12:00:00,1.13262,1.13433,1.1326,1.13407,93.0,0.0015299999999998093,1
2025-05-05 13:00:00,1.13408,1.1345,1.13326,1.13441,1.0,0.00034000000000000696,1
2025-05-05 14:00:00,1.13441,1.13573,1.13396,1.13419,47.0,-0.00021999999999988695,1
2025-05-05 15:00:00,1.13419,1.1362700000000001,1.13396,1.13593,73.0,0.0017400000000000748,1
2025-05-05 16:00:00,1.13594,1.13644,1.13514,1.13514,-85.0,-0.0007900000000000684,1
2025-05-05 17:00:00,1.13477,1.13521,1.13302,1.13381,59.0,-0.0009600000000000719,1
2025-05-05 18:00:00,1.13378,1.13405,1.13121,1.13137,25.0,-0.0024399999999999977,1
2025-05-05 19:00:00,1.13138,1.13138,1.12988,1.13018,-18.0,-0.0011900000000000244,1
2025-05-05 20:00:00,1.13018,1.13107,1.1297,1.12994,95.0,-0.00024000000000001798,1
2025-05-05 21:00:00,1.1299299999999999,1.1314899999999999,1.1296599999999999,1.13126,151.0,0.0013199999999999878,1
2025-05-05 22:00:00,1.13126,1.13205,1.13103,1.13143,71.0,0.00016000000000016001,1
2025-05-05 23:00:00,1.13142,1.13196,1.13113,1.13126,-8.0,-0.00016000000000016001,1
2025-05-06 00:00:00,1.13128,1.13175,1.13113,1.13155,7.0,0.0002900000000001235,1
2025-05-06 01:00:00,1.13155,1.13203,1.13126,1.1314,-5.0,-0.0001500000000000945,1
2025-05-06 02:00:00,1.13142,1.13159,1.13092,1.13117,-12.0,-0.00022999999999995246,1
2025-05-06 03:00:00,1.13117,1.13118,1.12805,1.12856,43.0,-0.002610000000000001,1
2025-05-06 04:00:00,1.12856,1.12961,1.12795,1.12931,112.0,0.0007500000000000284,1
2025-05-06 05:00:00,1.12931,1.13133,1.12924,1.13066,2.0,0.0013499999999999623,1
2025-05-06 06:00:00,1.13067,1.13168,1.13028,1.13145,-1.0,0.0007900000000000684,1
2025-05-06 07:00:00,1.13142,1.13269,1.1314,1.13239,-14.0,0.0009500000000000064,1
2025-05-06 08:00:00,1.13239,1.13249,1.13131,1.13179,-28.0,-0.0006099999999999994,1
2025-05-06 09:00:00,1.13177,1.13349,1.13135,1.13256,-3.0,0.0007699999999999374,1
2025-05-06 10:00:00,1.13255,1.13474,1.13219,1.13387,-52.0,0.0013099999999999223,1
2025-05-06 11:00:00,1.13387,1.1349,1.13218,1.13268,-86.0,-0.0011900000000000244,1
2025-05-06 12:00:00,1.13267,1.13293,1.13049,1.13113,-7.0,-0.0015499999999999403,1
2025-05-06 13:00:00,1.13113,1.1327,1.13092,1.13254,120.0,0.0014100000000001334,1
2025-05-06 14:00:00,1.13252,1.13344,1.1322,1.13267,72.0,0.00012999999999996348,1
2025-05-06 15:00:00,1.13273,1.13432,1.13165,1.134,96.0,0.0013299999999998313,1
2025-05-06 16:00:00,1.13399,1.13569,1.13259,1.13526,68.0,0.0012600000000000389,1
2025-05-06 17:00:00,1.13529,1.1369,1.13405,1.13407,-11.0,-0.0012199999999999989,1
2025-05-06 18:00:00,1.13404,1.13493,1.13349,1.1343,137.0,0.0002300000000001745,1
2025-05-06 19:00:00,1.13435,1.13553,1.13304,1.13483,37.0,0.0005299999999999194,1
2025-05-06 20:00:00,1.1348799999999999,1.1369799999999999,1.13486,1.13638,-30.0,0.0015499999999999403,1
2025-05-06 21:00:00,1.13638,1.13717,1.13543,1.1371,26.0,0.0007200000000000539,1
2025-05-06 22:00:00,1.13709,1.13805,1.13663,1.1372200000000001,-72.0,0.00012000000000012001,1
2025-05-06 23:00:00,1.1372,1.1379299999999999,1.13649,1.13654,-43.0,-0.0006900000000000794,1
2025-05-07 00:00:00,1.13662,1.13715,1.13556,1.13703,33.0,0.0004999999999999449,1
2025-05-07 01:00:00,1.13709,1.13751,1.13258,1.13421,22.0,-0.0028200000000000447,1
2025-05-07 02:00:00,1.13422,1.13449,1.13328,1.13395,-105.0,-0.00025999999999992696,1
2025-05-07 03:00:00,1.13394,1.1351,1.13248,1.13404,-41.0,8.999999999992347e-05,1
2025-05-07 04:00:00,1.13404,1.13512,1.1326,1.13442,-70.0,0.00038000000000004697,1
2025-05-07 05:00:00,1.13441,1.1349,1.13351,1.13404,-32.0,-0.00038999999999989043,1
2025-05-07 06:00:00,1.13404,1.13469,1.1335899999999999,1.13452,-7.0,0.0004899999999998794,1
2025-05-07 07:00:00,1.13452,1.13509,1.13424,1.13432,-70.0,-0.00018999999999991246,1
2025-05-07 08:00:00,1.13431,1.13666,1.13425,1.13647,-12.0,0.0021400000000000308,1
2025-05-07 09:00:00,1.13648,1.13777,1.13591,1.13734,-122.0,0.0008499999999997954,1
2025-05-07 10:00:00,1.13731,1.13731,1.13544,1.13618,-10.0,-0.0011399999999999189,1
2025-05-07 11:00:00,1.13618,1.13734,1.13536,1.13578,-123.0,-0.00039999999999995595,1
2025-05-07 12:00:00,1.1357599999999999,1.13612,1.13467,1.13564,54.0,-0.000140000000000029,1
2025-05-07 13:00:00,1.13563,1.13663,1.13556,1.13651,8.0,0.0008699999999999264,1
2025-05-07 14:00:00,1.13652,1.13723,1.13557,1.13571,-141.0,-0.0007999999999999119,1
2025-05-07 15:00:00,1.13569,1.1366,1.13553,1.13586,17.0,0.0001500000000000945,1
2025-05-07 16:00:00,1.13585,1.13678,1.13525,1.13663,21.0,0.0007699999999999374,1
2025-05-07 17:00:00,1.13663,1.13704,1.1354,1.13666,-3.0,2.999999999997449e-05,1
2025-05-07 18:00:00,1.13664,1.1369,1.13412,1.13467,25.0,-0.0019899999999999363,1
2025-05-07 19:00:00,1.13464,1.13537,1.13365,1.13481,-14.0,0.00017000000000000348,1
2025-05-07 20:00:00,1.13484,1.13491,1.13338,1.13338,-88.0,-0.0014600000000000168,1
2025-05-07 21:00:00,1.13347,1.13646,1.13198,1.13333,13.0,-5.0000000000105516e-05,1
2025-05-07 22:00:00,1.13334,1.1334,1.13004,1.13064,73.0,-0.002729999999999899,1
2025-05-07 23:00:00,1.13065,1.13074,1.12913,1.12948,19.0,-0.001140000000000141,1
2025-05-08 00:00:00,1.12948,1.13128,1.12938,1.13105,12.0,0.0015900000000002024,1
2025-05-08 01:00:00,1.13106,1.13107,1.12995,1.13008,25.0,-0.0009700000000001374,1
2025-05-08 02:00:00,1.13008,1.13097,1.13008,1.13024,24.0,0.00015999999999993797,1
2025-05-08 03:00:00,1.13025,1.13218,1.1301700000000001,1.13097,37.0,0.0007300000000001194,1
2025-05-08 04:00:00,1.13096,1.13321,1.1307800000000001,1.13312,39.0,0.0021700000000000053,1
2025-05-08 05:00:00,1.13312,1.13349,1.13221,1.13223,-108.0,-0.0009099999999999664,1
2025-05-08 06:00:00,1.13223,1.13358,1.13221,1.1327,36.0,0.00046999999999997044,1
2025-05-08 07:00:00,1.13269,1.13305,1.13174,1.13175,-13.0,-0.0009500000000000064,1
2025-05-08 08:00:00,1.13175,1.13178,1.12963,1.13033,-12.0,-0.0014199999999999768,1
2025-05-08 09:00:00,1.13031,1.1307,1.12761,1.12817,23.0,-0.002160000000000162,1
2025-05-08 10:00:00,1.12819,1.12971,1.12698,1.1296599999999999,-24.0,0.0014899999999999913,1
2025-05-08 11:00:00,1.1296599999999999,1.13026,1.12831,1.12875,-10.0,-0.0009099999999999664,1
2025-05-08 12:00:00,1.12874,1.12974,1.12826,1.12843,39.0,-0.00031999999999987594,1
2025-05-08 13:00:00,1.12843,1.12991,1.12748,1.12867,68.0,0.00024000000000001798,1
2025-05-08 14:00:00,1.12867,1.13043,1.12847,1.12953,81.0,0.0008599999999998609,1
2025-05-08 15:00:00,1.12953,1.13197,1.12924,1.12991,-131.0,0.00038000000000004697,1
2025-05-08 16:00:00,1.12991,1.13112,1.12947,1.13057,27.0,0.000660000000000105,1
2025-05-08 17:00:00,1.13057,1.13158,1.12754,1.12777,-117.0,-0.0028000000000001357,1
2025-05-08 18:00:00,1.12781,1.12893,1.1234,1.12477,-25.0,-0.0029999999999998916,1
2025-05-08 19:00:00,1.12477,1.1249,1.1219999999999999,1.12255,1.0,-0.0022200000000001108,1
2025-05-08 20:00:00,1.12255,1.12292,1.1212,1.1226099999999999,1.0,5.999999999994898e-05,1
2025-05-08 21:00:00,1.1226099999999999,1.123,1.12191,1.12241,13.0,-0.00019999999999997797,1
2025-05-08 22:00:00,1.12238,1.1227800000000001,1.12115,1.12257,115.0,0.0001900000000001345,1
2025-05-08 23:00:00,1.12258,1.12295,1.12194,1.12224,-13.0,-0.00031000000000003247,1
2025-05-09 00:00:00,1.12224,1.12263,1.12184,1.12262,32.0,0.00032999999999994145,1
2025-05-09 01:00:00,1.12263,1.12326,1.12254,1.12315,52.0,0.0005300000000001415,1
2025-05-09 02:00:00,1.12315,1.12321,1.12218,1.12266,26.0,-0.00048000000000003595,1
2025-05-09 03:00:00,1.12267,1.12327,1.12127,1.12265,123.0,-2.999999999997449e-05,1
2025-05-09 04:00:00,1.12262,1.12286,1.12103,1.12116,59.0,-0.0014800000000001479,1
2025-05-09 05:00:00,1.12116,1.12187,1.11963,1.12178,124.0,0.0006300000000001305,1
2025-05-09 06:00:00,1.12178,1.12272,1.12177,1.12222,-33.0,0.00042999999999993044,1
2025-05-09 07:00:00,1.12222,1.12295,1.12222,1.12275,-1.0,0.0005299999999999194,1
2025-05-09 08:00:00,1.12275,1.12361,1.12179,1.12353,31.0,0.0007800000000000029,1
2025-05-09 09:00:00,1.12352,1.12469,1.12317,1.12399,-117.0,0.0004700000000001925,1
2025-05-09 10:00:00,1.12399,1.12578,1.12366,1.12509,9.0,0.0010899999999998133,1
2025-05-09 11:00:00,1.1251,1.12586,1.12418,1.12559,13.0,0.000500000000000167,1
2025-05-09 12:00:00,1.1256,1.12592,1.12446,1.12457,-14.0,-0.0010300000000000864,1
2025-05-09 13:00:00,1.12457,1.12507,1.12418,1.12453,59.0,-2.999999999997449e-05,1
2025-05-09 14:00:00,1.12451,1.12601,1.12436,1.1254,63.0,0.0008699999999999264,1
2025-05-09 15:00:00,1.1254,1.12562,1.12468,1.12535,-32.0,-4.999999999988347e-05,1
2025-05-09 16:00:00,1.12535,1.12677,1.12528,1.12578,-25.0,0.00042999999999993044,1
2025-05-09 17:00:00,1.12578,1.12923,1.12552,1.12671,31.0,0.0009500000000000064,1
2025-05-09 18:00:00,1.12671,1.12725,1.12597,1.12692,129.0,0.00018999999999991246,1
2025-05-09 19:00:00,1.12691,1.12747,1.12569,1.1258,117.0,-0.0011200000000000099,1
2025-05-09 20:00:00,1.1258,1.12648,1.12524,1.12615,72.0,0.0003500000000000725,1
2025-05-09 21:00:00,1.12614,1.12658,1.12541,1.12585,-31.0,-0.00029999999999996696,1
2025-05-09 22:00:00,1.12584,1.12595,1.12482,1.12567,16.0,-0.000180000000000069,1
2025-05-09 23:00:00,1.12562,1.12568,1.1246,1.12466,-4.0,-0.0010099999999999554,1
2025-05-12 00:00:00,1.11948,1.12222,1.11881,1.12096,26.0,0.0014799999999999258,1
2025-05-12 01:00:00,1.12065,1.12309,1.12065,1.12247,-33.0,0.0015100000000001224,1
2025-05-12 02:00:00,1.12247,1.12357,1.12227,1.12275,100.0,0.00027999999999983594,1
2025-05-12 03:00:00,1.12279,1.12385,1.12246,1.12381,36.0,0.001060000000000061,1
2025-05-12 04:00:00,1.12381,1.12423,1.12219,1.12255,93.0,-0.0012600000000000389,1
2025-05-12 05:00:00,1.12255,1.1237300000000001,1.12247,1.12279,64.0,0.00024000000000001798,1
2025-05-12 06:00:00,1.1227800000000001,1.12336,1.12246,1.12324,104.0,0.00045000000000006146,1
2025-05-12 07:00:00,1.12324,1.12341,1.12257,1.12268,0.0,-0.000560000000000116,1
2025-05-12 08:00:00,1.12269,1.12295,1.12134,1.12216,79.0,-0.0005199999999998539,1
2025-05-12 09:00:00,1.12218,1.12351,1.12157,1.12176,37.0,-0.00039999999999995595,1
2025-05-12 10:00:00,1.12174,1.12182,1.10974,1.11045,-41.0,-0.011310000000000153,1
2025-05-12 11:00:00,1.11044,1.11448,1.10818,1.1137299999999999,-137.0,0.0032799999999999496,1
2025-05-12 12:00:00,1.1137299999999999,1.11414,1.11142,1.11182,-70.0,-0.0019099999999998563,1
2025-05-12 13:00:00,1.11179,1.11181,1.10714,1.10792,152.0,-0.0039000000000000146,1
2025-05-12 14:00:00,1.10791,1.11172,1.10766,1.11107,-58.0,0.003149999999999986,1
2025-05-12 15:00:00,1.11104,1.1126,1.11003,1.11129,-65.0,0.00021999999999988695,1
2025-05-12 16:00:00,1.11131,1.11341,1.11096,1.11183,16.0,0.000540000000000207,1
2025-05-12 17:00:00,1.11183,1.11337,1.11067,1.11111,-61.0,-0.0007200000000000539,1
2025-05-12 18:00:00,1.11111,1.11233,1.10999,1.11046,147.0,-0.0006500000000000394,1
2025-05-12 19:00:00,1.11046,1.11105,1.10832,1.1084100000000001,8.0,-0.0020499999999998852,1
2025-05-12 20:00:00,1.1084100000000001,1.10881,1.1072,1.10786,75.0,-0.0005500000000000504,1
2025-05-12 21:00:00,1.10786,1.10908,1.1065,1.1089,231.0,0.0010399999999999299,1
2025-05-12 22:00:00,1.10889,1.1096300000000001,1.10821,1.10917,46.0,0.00026999999999999247,1
2025-05-12 23:00:00,1.10916,1.10943,1.10813,1.1083,-54.0,-0.0008699999999999264,1
2025-05-13 00:00:00,1.10811,1.1090200000000001,1.10802,1.10881,18.0,0.0005100000000000104,1
2025-05-13 01:00:00,1.10871,1.10942,1.10871,1.10931,20.0,0.0004999999999999449,1
2025-05-13 02:00:00,1.10936,1.10994,1.10891,1.10953,56.0,0.00021999999999988695,1
2025-05-13 03:00:00,1.10953,1.11061,1.10947,1.11041,18.0,0.0008799999999999919,1
2025-05-13 04:00:00,1.11041,1.11087,1.10993,1.11061,22.0,0.00020000000000020002,1
2025-05-13 05:00:00,1.11061,1.11109,1.10989,1.11022,18.0,-0.0003900000000001125,1
2025-05-13 06:00:00,1.11023,1.11164,1.10987,1.11159,79.0,0.0013700000000000934,1
2025-05-13 07:00:00,1.11159,1.11167,1.1108500000000001,1.11163,14.0,3.999999999981796e-05,1
2025-05-13 08:00:00,1.11164,1.1118999999999999,1.11084,1.11099,-107.0,-0.0006399999999999739,1
2025-05-13 09:00:00,1.11103,1.1118,1.11011,1.1111,-26.0,0.0001100000000000545,1
2025-05-13 10:00:00,1.11109,1.11239,1.11025,1.11154,23.0,0.00043999999999999595,1
2025-05-13 11:00:00,1.11154,1.11173,1.11023,1.11114,-15.0,-0.00039999999999995595,1
2025-05-13 12:00:00,1.11118,1.11148,1.1102,1.11065,25.0,-0.0004900000000001015,1
2025-05-13 13:00:00,1.11065,1.11092,1.10965,1.11043,67.0,-0.00022999999999995246,1
2025-05-13 14:00:00,1.1104,1.11117,1.11028,1.11064,-68.0,0.000220000000000109,1
2025-05-13 15:00:00,1.11065,1.11307,1.11061,1.11301,56.0,0.0023699999999999832,1
2025-05-13 16:00:00,1.11302,1.1148,1.11269,1.11351,-75.0,0.0004999999999999449,1
2025-05-13 17:00:00,1.11349,1.11638,1.11296,1.1160700000000001,-45.0,0.0025800000000000267,1
2025-05-13 18:00:00,1.1160700000000001,1.11773,1.11563,1.11747,-10.0,0.0013999999999998458,1
2025-05-13 19:00:00,1.11747,1.1182,1.11642,1.11755,34.0,8.000000000008001e-05,1
2025-05-13 20:00:00,1.11755,1.11792,1.11672,1.11766,104.0,0.0001100000000000545,1
2025-05-13 21:00:00,1.11763,1.11854,1.11747,1.11844,32.0,0.0007800000000000029,1
2025-05-13 22:00:00,1.11844,1.11913,1.11822,1.11894,59.0,0.0005099999999997884,1
2025-05-13 23:00:00,1.11895,1.11944,1.11826,1.11839,9.0,-0.0005599999999998939,1
2025-05-14 00:00:00,1.11794,1.11859,1.11794,1.11855,20.0,0.00015999999999993797,1
2025-05-14 01:00:00,1.11855,1.11968,1.11855,1.11967,48.0,0.0011200000000000099,1
2025-05-14 02:00:00,1.11967,1.11968,1.11842,1.11853,-80.0,-0.0011399999999999189,1
2025-05-14 03:00:00,1.11853,1.11961,1.11817,1.11916,-14.0,0.0006299999999999084,1
2025-05-14 04:00:00,1.11916,1.1197300000000001,1.11833,1.11877,-54.0,-0.00038999999999989043,1
2025-05-14 05:00:00,1.11881,1.11921,1.11824,1.11883,-61.0,5.999999999994898e-05,1
2025-05-14 06:00:00,1.11885,1.11955,1.11838,1.11949,-159.0,0.000660000000000105,1
2025-05-14 07:00:00,1.11949,1.12,1.11874,1.11884,-109.0,-0.0006500000000000394,1
2025-05-14 08:00:00,1.11883,1.1192,1.11842,1.11859,48.0,-0.00024000000000001798,1
2025-05-14 09:00:00,1.11859,1.11979,1.11797,1.11876,-18.0,0.00015999999999993797,1
2025-05-14 10:00:00,1.11874,1.12161,1.11811,1.12145,23.0,0.002690000000000081,1
2025-05-14 11:00:00,1.12143,1.12517,1.12122,1.12381,-83.0,0.0023599999999999177,1
2025-05-14 12:00:00,1.1238299999999999,1.1265100000000001,1.12306,1.12517,-119.0,0.0013600000000000279,1
2025-05-14 13:00:00,1.12514,1.12524,1.12268,1.12304,-124.0,-0.0021299999999999653,1
2025-05-14 14:00:00,1.12304,1.12343,1.12128,1.12167,-129.0,-0.0013700000000000934,1
2025-05-14 15:00:00,1.12168,1.12349,1.12091,1.12248,-197.0,0.0008099999999999774,1
2025-05-14 16:00:00,1.12248,1.12345,1.12097,1.12195,-68.0,-0.0005299999999999194,1
2025-05-14 17:00:00,1.12193,1.1223,1.12022,1.12117,36.0,-0.0007600000000000939,1
2025-05-14 18:00:00,1.12114,1.12144,1.11971,1.12046,70.0,-0.0007099999999999884,1
2025-05-14 19:00:00,1.12046,1.12126,1.11753,1.11886,82.0,-0.0015899999999999803,1
2025-05-14 20:00:00,1.11886,1.11964,1.11809,1.11888,182.0,1.0000000000065512e-05,1
2025-05-14 21:00:00,1.11888,1.11893,1.11712,1.11778,83.0,-0.001100000000000101,1
2025-05-14 22:00:00,1.11778,1.11778,1.11652,1.1167,-21.0,-0.0010799999999999699,1
2025-05-14 23:00:00,1.1166800000000001,1.11747,1.1164,1.11695,66.0,0.00029999999999996696,1
2025-05-15 00:00:00,1.11667,1.11789,1.11629,1.11762,11.0,0.0006200000000000649,1
2025-05-15 01:00:00,1.11758,1.11839,1.11758,1.1182,42.0,0.0005800000000000249,1
2025-05-15 02:00:00,1.11826,1.11875,1.11799,1.11809,58.0,-0.0001100000000000545,1
2025-05-15 03:00:00,1.11808,1.11939,1.11756,1.11908,55.0,0.0009900000000000464,1
2025-05-15 04:00:00,1.11911,1.11991,1.11902,1.11929,60.0,0.00020999999999982144,1
2025-05-15 05:00:00,1.1193,1.11959,1.11883,1.11942,92.0,0.00013000000000018552,1
2025-05-15 06:00:00,1.11942,1.12009,1.11918,1.11962,-27.0,0.00019999999999997797,1
2025-05-15 07:00:00,1.11962,1.11993,1.1191200000000001,1.11924,-69.0,-0.00038000000000004697,1
2025-05-15 08:00:00,1.11924,1.11987,1.1185100000000001,1.11927,27.0,2.999999999997449e-05,1
2025-05-15 09:00:00,1.11927,1.12275,1.11891,1.12267,90.0,0.0034000000000000696,1
2025-05-15 10:00:00,1.12267,1.12275,1.1191200000000001,1.11968,-111.0,-0.002990000000000048,1
2025-05-15 11:00:00,1.11966,1.12109,1.11918,1.12093,-44.0,0.0013099999999999223,1
2025-05-15 12:00:00,1.12094,1.12126,1.12002,1.12018,-1.0,-0.0007999999999999119,1
2025-05-15 13:00:00,1.12018,1.12109,1.11977,1.11995,-17.0,-0.00024000000000001798,1
2025-05-15 14:00:00,1.11997,1.12024,1.11788,1.11823,21.0,-0.0017199999999999438,1
2025-05-15 15:00:00,1.11825,1.12132,1.11818,1.12094,-3.0,0.00270999999999999,1
2025-05-15 16:00:00,1.12093,1.12233,1.11945,1.12002,-72.0,-0.0009200000000000319,1
2025-05-15 17:00:00,1.12002,1.12103,1.11752,1.11858,-44.0,-0.0014400000000001079,1
2025-05-15 18:00:00,1.11858,1.11965,1.11723,1.11874,113.0,0.00016000000000016001,1
2025-05-15 19:00:00,1.11873,1.11902,1.1172,1.11803,69.0,-0.0007099999999999884,1
2025-05-15 20:00:00,1.11802,1.11885,1.11698,1.11708,12.0,-0.0009600000000000719,1
2025-05-15 21:00:00,1.11705,1.11791,1.11704,1.11764,32.0,0.0005699999999999594,1
2025-05-15 22:00:00,1.11763,1.11857,1.11722,1.11832,24.0,0.0006800000000000139,1
2025-05-15 23:00:00,1.11832,1.11871,1.11787,1.11853,14.0,0.00021000000000004349,1
2025-05-16 00:00:00,1.11835,1.11893,1.11773,1.1188,30.0,0.00026999999999999247,1
2025-05-16 01:00:00,1.1188,1.11924,1.1185,1.11915,-32.0,0.0003500000000000725,1
2025-05-16 02:00:00,1.11918,1.11934,1.11892,1.11914,-67.0,-1.0000000000065512e-05,1
2025-05-16 03:00:00,1.11914,1.12077,1.119,1.12043,42.0,0.0012900000000000134,1
2025-05-16 04:00:00,1.12044,1.12081,1.11978,1.12028,29.0,-0.0001500000000000945,1
2025-05-16 05:00:00,1.12031,1.12081,1.11988,1.12016,-15.0,-0.00011999999999989797,1
2025-05-16 06:00:00,1.12016,1.12052,1.11983,1.11999,-120.0,-0.00017000000000000348,1
2025-05-16 07:00:00,1.11999,1.12038,1.11958,1.12026,-28.0,0.00026999999999999247,1
2025-05-16 08:00:00,1.12026,1.12181,1.12006,1.12151,14.0,0.0012699999999998823,1
2025-05-16 09:00:00,1.12151,1.12191,1.12067,1.12118,-6.0,-0.00034999999999985043,1
2025-05-16 10:00:00,1.12117,1.12167,1.12057,1.12082,10.0,-0.000320000000000098,1
2025-05-16 11:00:00,1.12082,1.12087,1.11966,1.11986,-173.0,-0.0009999999999998899,1
2025-05-16 12:00:00,1.11984,1.12082,1.11914,1.1194,-35.0,-0.000460000000000127,1
2025-05-16 13:00:00,1.11939,1.11996,1.11876,1.1199,-31.0,0.0004999999999999449,1
2025-05-16 14:00:00,1.11994,1.12075,1.11898,1.11938,-100.0,-0.0005199999999998539,1
2025-05-16 15:00:00,1.11938,1.11983,1.11905,1.11967,-47.0,0.00028999999999990145,1
2025-05-16 16:00:00,1.11966,1.12054,1.11875,1.11992,31.0,0.0002500000000000835,1
2025-05-16 17:00:00,1.11992,1.1201699999999999,1.11511,1.11541,-200.0,-0.004529999999999923,1
2025-05-16 18:00:00,1.11539,1.11582,1.11395,1.11398,-23.0,-0.0014100000000001334,1
2025-05-16 19:00:00,1.11397,1.11472,1.11306,1.11444,36.0,0.00043999999999999595,1
2025-05-16 20:00:00,1.11444,1.11471,1.1139000000000001,1.11445,-79.0,2.999999999997449e-05,1
2025-05-16 21:00:00,1.11445,1.11547,1.11427,1.11521,-48.0,0.0007600000000000939,1
2025-05-16 22:00:00,1.11521,1.1158,1.11473,1.11486,-96.0,-0.0003500000000000725,1
2025-05-16 23:00:00,1.11486,1.11651,1.11429,1.11619,-31.0,0.0013300000000000534,1
2025-05-19 00:00:00,1.11756,1.11819,1.1162,1.1169,-20.0,-0.000660000000000105,1
2025-05-19 01:00:00,1.11705,1.11935,1.11696,1.11896,9.0,0.0020599999999999508,1
2025-05-19 02:00:00,1.11897,1.11935,1.11812,1.11883,-47.0,-0.00012999999999996348,1
2025-05-19 03:00:00,1.11883,1.11981,1.11795,1.11967,66.0,0.0008399999999999519,1
2025-05-19 04:00:00,1.11967,1.11985,1.11726,1.11756,-37.0,-0.0021099999999998342,1
2025-05-19 05:00:00,1.11756,1.11877,1.11718,1.11817,66.0,0.0006099999999999994,1
2025-05-19 06:00:00,1.11816,1.11849,1.11782,1.11807,11.0,-9.000000000014552e-05,1
2025-05-19 07:00:00,1.11805,1.11867,1.11768,1.11833,13.0,0.0002500000000000835,1
2025-05-19 08:00:00,1.11832,1.11877,1.11757,1.11844,28.0,0.0001100000000000545,1
2025-05-19 09:00:00,1.11843,1.12118,1.11814,1.12087,-37.0,0.002429999999999932,1
2025-05-19 10:00:00,1.12088,1.12445,1.12051,1.12378,61.0,0.002890000000000059,1
2025-05-19 11:00:00,1.12381,1.12586,1.12353,1.12567,131.0,0.0019099999999998563,1
2025-05-19 12:00:00,1.1257,1.12799,1.12545,1.12793,38.0,0.0022600000000001508,1
2025-05-19 13:00:00,1.12796,1.12876,1.12681,1.12779,168.0,-0.000140000000000029,1
2025-05-19 14:00:00,1.12778,1.12795,1.12614,1.12725,6.0,-0.0005399999999999849,1
2025-05-19 15:00:00,1.12725,1.12729,1.12563,1.12564,-72.0,-0.0016000000000000458,1
2025-05-19 16:00:00,1.12564,1.12646,1.12467,1.12508,-15.0,-0.0005699999999999594,1
2025-05-19 17:00:00,1.1251,1.12572,1.1241,1.12531,150.0,0.00021000000000004349,1
2025-05-19 18:00:00,1.12531,1.1259299999999999,1.1233,1.12356,-144.0,-0.0017199999999999438,1
2025-05-19 19:00:00,1.12356,1.12392,1.1229,1.12347,53.0,-0.00012000000000012001,1
2025-05-19 20:00:00,1.12347,1.12381,1.12236,1.12297,-3.0,-0.0004999999999999449,1
2025-05-19 21:00:00,1.12296,1.12362,1.12241,1.12344,97.0,0.00048000000000003595,1
2025-05-19 22:00:00,1.12344,1.12414,1.12325,1.12396,54.0,0.0005100000000000104,1
2025-05-19 23:00:00,1.12394,1.12442,1.12329,1.1233,-35.0,-0.000660000000000105,1
2025-05-20 00:00:00,1.12342,1.12429,1.12328,1.12422,19.0,0.0009200000000000319,1
2025-05-20 01:00:00,1.12422,1.12433,1.12345,1.12347,-9.0,-0.0007500000000000284,1
2025-05-20 02:00:00,1.12348,1.12357,1.12309,1.12318,-29.0,-0.00029999999999996696,1
2025-05-20 03:00:00,1.12318,1.12319,1.12176,1.12273,-22.0,-0.00043999999999999595,1
2025-05-20 04:00:00,1.1227800000000001,1.12508,1.1227800000000001,1.12378,-31.0,0.0010499999999999954,1
2025-05-20 05:00:00,1.12379,1.12457,1.12256,1.12315,-39.0,-0.0006299999999999084,1
2025-05-20 06:00:00,1.12314,1.1247,1.12288,1.12445,56.0,0.0012999999999998568,1
2025-05-20 07:00:00,1.12443,1.125,1.124,1.12417,-98.0,-0.000280000000000058,1
2025-05-20 08:00:00,1.12417,1.12579,1.12413,1.1254,5.0,0.0012300000000000644,1
2025-05-20 09:00:00,1.12541,1.1261700000000001,1.12502,1.1257,-122.0,0.00029999999999996696,1
2025-05-20 10:00:00,1.12567,1.1277300000000001,1.12528,1.12759,-95.0,0.0018900000000001693,1
2025-05-20 11:00:00,1.12757,1.12758,1.12468,1.12578,-84.0,-0.0018100000000000893,1
2025-05-20 12:00:00,1.12578,1.12665,1.12494,1.12547,-10.0,-0.00031000000000003247,1
2025-05-20 13:00:00,1.12547,1.12573,1.12426,1.1244,-3.0,-0.0010699999999999044,1
2025-05-20 14:00:00,1.12441,1.12512,1.1243400000000001,1.12454,6.0,0.000140000000000029,1
2025-05-20 15:00:00,1.12452,1.12467,1.12231,1.12338,21.0,-0.0011600000000000499,1
2025-05-20 16:00:00,1.12337,1.12489,1.12243,1.12453,-42.0,0.0011499999999999844,1
2025-05-20 17:00:00,1.12453,1.12687,1.12451,1.1268,153.0,0.0022800000000000598,1
2025-05-20 18:00:00,1.12681,1.12693,1.12491,1.12526,-139.0,-0.0015800000000001369,1
2025-05-20 19:00:00,1.12524,1.12576,1.12447,1.12562,4.0,0.0003900000000001125,1
2025-05-20 20:00:00,1.12561,1.12771,1.12543,1.12733,-72.0,0.0017099999999998783,1
2025-05-20 21:00:00,1.12733,1.12798,1.12707,1.12719,29.0,-0.000140000000000029,1
2025-05-20 22:00:00,1.12719,1.12822,1.12714,1.12799,7.0,0.0008000000000001339,1
2025-05-20 23:00:00,1.12804,1.12854,1.12778,1.12813,-10.0,0.000140000000000029,1
2025-05-21 00:00:00,1.12811,1.12837,1.12774,1.12813,36.0,0.0,1
2025-05-21 01:00:00,1.12816,1.12859,1.12797,1.12805,-30.0,-8.000000000008001e-05,1
2025-05-21 02:00:00,1.12807,1.1289500000000001,1.1280000000000001,1.12877,-18.0,0.0007200000000000539,1
2025-05-21 03:00:00,1.12878,1.13007,1.1287099999999999,1.12948,-25.0,0.0007099999999999884,1
2025-05-21 04:00:00,1.12948,1.13022,1.12862,1.1298,-6.0,0.00031999999999987594,1
2025-05-21 05:00:00,1.1298,1.13256,1.12967,1.13214,51.0,0.0023400000000000087,1
2025-05-21 06:00:00,1.13214,1.13392,1.13187,1.13335,-41.0,0.0012100000000001554,1
2025-05-21 07:00:00,1.13335,1.13362,1.13252,1.13284,-65.0,-0.0005100000000000104,1
2025-05-21 08:00:00,1.13284,1.13373,1.1326100000000001,1.13314,-16.0,0.00029999999999996696,1
2025-05-21 09:00:00,1.13313,1.13526,1.13218,1.13321,-29.0,7.00000000000145e-05,1
2025-05-21 10:00:00,1.13321,1.13334,1.13136,1.13228,151.0,-0.0009300000000000974,1
2025-05-21 11:00:00,1.13228,1.13333,1.13116,1.13221,153.0,-7.00000000000145e-05,1
2025-05-21 12:00:00,1.13223,1.13342,1.13142,1.13341,97.0,0.0012000000000000899,1
2025-05-21 13:00:00,1.13341,1.13615,1.13309,1.13382,-95.0,0.00041000000000002146,1
2025-05-21 14:00:00,1.13382,1.1344,1.13185,1.13228,30.0,-0.0015400000000000968,1
2025-05-21 15:00:00,1.13236,1.13343,1.13169,1.1334,84.0,0.0011200000000000099,1
2025-05-21 16:00:00,1.13343,1.1338300000000001,1.13228,1.13364,38.0,0.00024000000000001798,1
2025-05-21 17:00:00,1.13363,1.13538,1.1332200000000001,1.13402,-98.0,0.0003900000000001125,1
2025-05-21 18:00:00,1.13402,1.1347800000000001,1.1332200000000001,1.13423,-38.0,0.00021000000000004349,1
2025-05-21 19:00:00,1.13422,1.13517,1.13386,1.13399,95.0,-0.00024000000000001798,1
2025-05-21 20:00:00,1.13399,1.13623,1.13371,1.13477,94.0,0.0007800000000000029,1
2025-05-21 21:00:00,1.13475,1.13484,1.13311,1.13327,-76.0,-0.0015100000000001224,1
2025-05-21 22:00:00,1.13327,1.13386,1.13177,1.13184,-74.0,-0.0014199999999999768,1
2025-05-21 23:00:00,1.13181,1.13312,1.13151,1.13235,38.0,0.0005100000000000104,1
2025-05-22 00:00:00,1.13238,1.13297,1.13211,1.13272,7.0,0.00036999999999998145,1
2025-05-22 01:00:00,1.1327,1.13297,1.13147,1.13148,-6.0,-0.0012399999999999078,1
2025-05-22 02:00:00,1.13147,1.13319,1.13105,1.13315,22.0,0.0016700000000000603,1
2025-05-22 03:00:00,1.13316,1.1343,1.13255,1.13267,-71.0,-0.00048000000000003595,1
2025-05-22 04:00:00,1.13267,1.13402,1.13169,1.13372,37.0,0.0010499999999999954,1
2025-05-22 05:00:00,1.13372,1.13443,1.13281,1.13381,-78.0,8.999999999992347e-05,1
2025-05-22 06:00:00,1.13382,1.13414,1.13303,1.13326,-24.0,-0.0005500000000000504,1
2025-05-22 07:00:00,1.13323,1.13339,1.13244,1.13326,18.0,0.0,1
2025-05-22 08:00:00,1.13326,1.13347,1.13244,1.13328,36.0,2.0000000000131024e-05,1
2025-05-22 09:00:00,1.13328,1.13414,1.1317,1.1322,-8.0,-0.0010900000000000354,1
2025-05-22 10:00:00,1.13218,1.13243,1.1295,1.13204,76.0,-0.0001500000000000945,1
2025-05-22 11:00:00,1.13193,1.13341,1.13008,1.13014,59.0,-0.0019000000000000128,1
2025-05-22 12:00:00,1.13012,1.1302699999999999,1.1290499999999999,1.12938,105.0,-0.0007599999999998719,1
2025-05-22 13:00:00,1.12937,1.12991,1.12897,1.12915,-88.0,-0.00022999999999995246,1
2025-05-22 14:00:00,1.12916,1.13125,1.12914,1.1308,35.0,0.0016499999999999293,1
2025-05-22 15:00:00,1.13083,1.13144,1.1284399999999999,1.12945,124.0,-0.0013499999999999623,1
2025-05-22 16:00:00,1.12945,1.13085,1.12812,1.12828,-43.0,-0.0011700000000001154,1
2025-05-22 17:00:00,1.12826,1.12974,1.12745,1.12767,32.0,-0.0005900000000000905,1
2025-05-22 18:00:00,1.12771,1.12878,1.12653,1.1280000000000001,115.0,0.0003300000000001635,1
2025-05-22 19:00:00,1.12797,1.12874,1.12679,1.1268799999999999,-178.0,-0.001120000000000232,1
2025-05-22 20:00:00,1.12687,1.12703,1.12553,1.12675,99.0,-0.00012999999999996348,1
2025-05-22 21:00:00,1.12673,1.12802,1.12669,1.12775,7.0,0.001000000000000112,1
2025-05-22 22:00:00,1.12776,1.12853,1.12775,1.12782,2.0,5.999999999994898e-05,1
2025-05-22 23:00:00,1.1278299999999999,1.1283,1.12769,1.12774,-70.0,-7.00000000000145e-05,1
2025-05-23 00:00:00,1.1277300000000001,1.12802,1.12755,1.12793,10.0,0.0001900000000001345,1
2025-05-23 01:00:00,1.12793,1.12865,1.12793,1.12858,-6.0,0.0006499999999998174,1
2025-05-23 02:00:00,1.12859,1.12883,1.12806,1.12815,-25.0,-0.0004499999999998394,1
2025-05-23 03:00:00,1.12814,1.12994,1.12785,1.12965,-126.0,0.0015199999999999658,1
2025-05-23 04:00:00,1.12965,1.13182,1.12946,1.13136,-34.0,0.0017099999999998783,1
2025-05-23 05:00:00,1.13136,1.13174,1.13077,1.13143,-46.0,7.00000000000145e-05,1
2025-05-23 06:00:00,1.13144,1.13168,1.13105,1.13109,-28.0,-0.00034000000000000696,1
2025-05-23 07:00:00,1.13109,1.13203,1.13074,1.1317300000000001,16.0,0.000640000000000196,1
2025-05-23 08:00:00,1.1317300000000001,1.13253,1.13076,1.13221,28.0,0.0004799999999998139,1
2025-05-23 09:00:00,1.13217,1.13264,1.13096,1.1311499999999999,-18.0,-0.001060000000000061,1
2025-05-23 10:00:00,1.1312,1.13435,1.13089,1.13389,37.0,0.0027400000000001867,1
2025-05-23 11:00:00,1.13389,1.13441,1.13323,1.13414,11.0,0.00024999999999986144,1
2025-05-23 12:00:00,1.13413,1.13534,1.13378,1.13486,-43.0,0.0007200000000000539,1
2025-05-23 13:00:00,1.13487,1.13572,1.13439,1.13483,-29.0,-2.999999999997449e-05,1
2025-05-23 14:00:00,1.13484,1.1375,1.1298,1.13209,-60.0,-0.0027399999999999647,1
2025-05-23 15:00:00,1.1320999999999999,1.13495,1.1297,1.13329,33.0,0.0011999999999998678,1
2025-05-23 16:00:00,1.13328,1.13375,1.13127,1.1313900000000001,6.0,-0.0018999999999997907,1
2025-05-23 17:00:00,1.1313900000000001,1.13456,1.13103,1.13445,118.0,0.0030599999999998406,1
2025-05-23 18:00:00,1.1344400000000001,1.13589,1.13312,1.1348799999999999,-43.0,0.00042999999999993044,1
2025-05-23 19:00:00,1.13492,1.13591,1.13406,1.13577,79.0,0.0008900000000000574,1
2025-05-23 20:00:00,1.13577,1.13667,1.13512,1.13602,11.0,0.0002500000000000835,1
2025-05-23 21:00:00,1.13602,1.1368800000000001,1.13551,1.13588,62.0,-0.000140000000000029,1
2025-05-23 22:00:00,1.13591,1.13651,1.1354899999999999,1.13629,-23.0,0.00039999999999995595,1
2025-05-23 23:00:00,1.13629,1.13676,1.13569,1.13589,-11.0,-0.00038999999999989043,1
2025-05-26 00:00:00,1.1363,1.1367099999999999,1.13597,1.13666,20.0,0.00035999999999991594,1
2025-05-26 01:00:00,1.13666,1.1379,1.13616,1.13734,-178.0,0.0006800000000000139,1
2025-05-26 02:00:00,1.13739,1.13813,1.13693,1.13742,-120.0,8.000000000008001e-05,1
2025-05-26 03:00:00,1.13742,1.13971,1.1374,1.13963,-19.0,0.0022099999999998232,1
2025-05-26 04:00:00,1.13963,1.14151,1.13876,1.14119,-104.0,0.0015600000000000058,1
2025-05-26 05:00:00,1.14119,1.14181,1.14076,1.1409,-36.0,-0.00028999999999990145,1
2025-05-26 06:00:00,1.1409,1.1412,1.14046,1.14109,6.0,0.00018999999999991246,1
2025-05-26 07:00:00,1.14109,1.1412499999999999,1.14028,1.14087,-52.0,-0.00021999999999988695,1
2025-05-26 08:00:00,1.14087,1.14178,1.14001,1.14166,-30.0,0.0007899999999998464,1
2025-05-26 09:00:00,1.14164,1.14176,1.14073,1.14085,-101.0,-0.0007999999999999119,1
2025-05-26 10:00:00,1.14085,1.1412,1.13879,1.13887,-44.0,-0.0019899999999999363,1
2025-05-26 11:00:00,1.13889,1.13948,1.13823,1.13841,84.0,-0.000460000000000127,1
2025-05-26 12:00:00,1.13841,1.13852,1.13754,1.13785,-21.0,-0.0005599999999998939,1
2025-05-26 13:00:00,1.13786,1.13861,1.13758,1.13837,34.0,0.000520000000000076,1
2025-05-26 14:00:00,1.13837,1.13865,1.13736,1.13765,17.0,-0.0007200000000000539,1
2025-05-26 15:00:00,1.13765,1.13817,1.13684,1.13746,-92.0,-0.0001900000000001345,1
2025-05-26 16:00:00,1.13746,1.13764,1.13726,1.13756,0.0,0.0006500000000000394,1
2025-05-26 17:00:00,1.13816,1.13841,1.13799,1.13838,61.0,0.00027999999999983594,1
2025-05-26 18:00:00,1.13839,1.1385,1.13767,1.13806,-34.0,-0.00031999999999987594,1
2025-05-26 19:00:00,1.13807,1.13829,1.13755,1.13829,21.0,0.00022999999999995246,1
2025-05-26 20:00:00,1.13831,1.13834,1.13779,1.13802,-15.0,-0.00026999999999999247,1
2025-05-26 21:00:00,1.13797,1.13827,1.13794,1.13805,-15.0,2.999999999997449e-05,1
2025-05-26 22:00:00,1.13803,1.13849,1.13795,1.13848,12.0,0.00042999999999993044,1
2025-05-26 23:00:00,1.13847,1.13877,1.13802,1.13811,43.0,-0.00045999999999990493,1
2025-05-27 00:00:00,1.13809,1.13853,1.13726,1.13835,0.0,0.0,0
2025-05-27 01:00:00,1.13826,1.1394199999999999,1.13826,1.13898,0.0,0.0,0
2025-05-27 02:00:00,1.13898,1.13907,1.13865,1.1388,0.0,0.0,0
2025-05-27 03:00:00,1.13883,1.14025,1.13874,1.13995,0.0,0.0,0
2025-05-27 04:00:00,1.13995,1.14066,1.13907,1.13947,0.0,0.0,0
2025-05-27 05:00:00,1.13947,1.14025,1.13902,1.1392,0.0,0.0,0
2025-05-27 06:00:00,1.1392,1.14005,1.13897,1.13932,0.0,0.0,0
2025-05-27 07:00:00,1.13932,1.13973,1.13771,1.13779,0.0,0.0,0
2025-05-27 08:00:00,1.13782,1.13789,1.13665,1.13781,0.0,0.0,0
2025-05-27 09:00:00,1.13781,1.13922,1.13643,1.13643,-2.0,-0.0015899999999999803,1
2025-05-27 10:00:00,1.13647,1.13705,1.13366,1.13402,58.0,-0.0024100000000000232,1
2025-05-27 11:00:00,1.13403,1.13572,1.13384,1.13481,-29.0,0.0007900000000000684,1
2025-05-27 12:00:00,1.1348,1.13574,1.13442,1.1347800000000001,-67.0,-2.999999999997449e-05,1
2025-05-27 13:00:00,1.1347800000000001,1.13513,1.13401,1.13432,12.0,-0.000460000000000127,1
2025-05-27 14:00:00,1.13433,1.13538,1.13407,1.13506,100.0,0.0007399999999999629,1
2025-05-27 15:00:00,1.13507,1.13675,1.13506,1.1366100000000001,111.0,0.0015500000000001624,1
2025-05-27 16:00:00,1.13662,1.13751,1.13551,1.13574,-11.0,-0.0008700000000001484,1
2025-05-27 17:00:00,1.13578,1.13608,1.13376,1.13407,62.0,-0.0017100000000001003,1
2025-05-27 18:00:00,1.13408,1.13408,1.13227,1.13248,144.0,-0.0015899999999999803,1
2025-05-27 19:00:00,1.1325,1.13347,1.13229,1.13312,174.0,0.0006399999999999739,1
2025-05-27 20:00:00,1.13312,1.13363,1.1329799999999999,1.13324,43.0,0.00012000000000012001,1
2025-05-27 21:00:00,1.13323,1.1338300000000001,1.13279,1.13367,74.0,0.00042999999999993044,1
2025-05-27 22:00:00,1.13362,1.13382,1.13335,1.13368,67.0,1.0000000000065512e-05,1
2025-05-27 23:00:00,1.13304,1.13321,1.13236,1.1327,33.0,-0.0010200000000000209,1
2025-05-28 00:00:00,1.13263,1.13313,1.13215,1.133,46.0,0.00034000000000000696,1
2025-05-28 01:00:00,1.13286,1.13365,1.13276,1.1336,24.0,0.0005999999999999339,1
2025-05-28 02:00:00,1.1336,1.13374,1.13309,1.13363,-7.0,2.999999999997449e-05,1
2025-05-28 03:00:00,1.13366,1.13453,1.13335,1.1334,-71.0,-0.00024000000000001798,1
2025-05-28 04:00:00,1.1334,1.13384,1.13148,1.13167,-75.0,-0.0017199999999999438,1
2025-05-28 05:00:00,1.13167,1.13249,1.13003,1.13045,107.0,-0.0012199999999999989,1
2025-05-28 06:00:00,1.13049,1.13124,1.13001,1.13069,43.0,0.00024000000000001798,1
2025-05-28 07:00:00,1.13069,1.131,1.13021,1.13056,82.0,-0.00012999999999996348,1
2025-05-28 08:00:00,1.13056,1.13143,1.12949,1.13142,16.0,0.0008600000000000829,1
2025-05-28 09:00:00,1.13142,1.13164,1.13031,1.13039,-63.0,-0.0010300000000000864,1
2025-05-28 10:00:00,1.1304,1.13304,1.13026,1.1326100000000001,39.0,0.0022100000000000453,1
2025-05-28 11:00:00,1.1327,1.13337,1.13175,1.13315,32.0,0.0005100000000000104,1
2025-05-28 12:00:00,1.13316,1.13397,1.13275,1.1333,-24.0,0.00018999999999991246,1
2025-05-28 13:00:00,1.1333,1.13402,1.13236,1.13253,-130.0,-0.0007699999999999374,1
2025-05-28 14:00:00,1.13254,1.13281,1.1316,1.13172,64.0,-0.0008099999999999774,1
2025-05-28 15:00:00,1.13174,1.13241,1.13069,1.13105,-101.0,-0.0006699999999999484,1
2025-05-28 16:00:00,1.13105,1.13129,1.12964,1.13082,102.0,-0.0002300000000001745,1
2025-05-28 17:00:00,1.1308799999999999,1.13241,1.13004,1.13018,43.0,-0.0006999999999999229,1
2025-05-28 18:00:00,1.13018,1.13081,1.12833,1.12841,-22.0,-0.0017700000000000493,1
2025-05-28 19:00:00,1.1284399999999999,1.12961,1.12837,1.12935,-7.0,0.0009400000000001629,1
2025-05-28 20:00:00,1.12935,1.13004,1.12901,1.12907,-9.0,-0.000280000000000058,1
2025-05-28 21:00:00,1.12907,1.12975,1.12839,1.1293,4.0,0.00022999999999995246,1
2025-05-28 22:00:00,1.1293,1.12952,1.1287099999999999,1.1289,-37.0,-0.00039999999999995595,1
2025-05-28 23:00:00,1.1289,1.12953,1.12864,1.12898,-34.0,8.000000000008001e-05,1
2025-05-29 00:00:00,1.129,1.12941,1.12885,1.12934,19.0,0.00035999999999991594,1
2025-05-29 01:00:00,1.12934,1.12967,1.12899,1.12911,-26.0,-0.00022999999999995246,1
2025-05-29 02:00:00,1.12915,1.12917,1.12099,1.12293,3.0,-0.006180000000000074,1
2025-05-29 03:00:00,1.12293,1.125,1.12227,1.12343,-4.0,0.0004999999999999449,1
2025-05-29 04:00:00,1.12339,1.12527,1.12232,1.12512,105.0,0.0016899999999999693,1
2025-05-29 05:00:00,1.12512,1.12564,1.12412,1.12454,-18.0,-0.0005799999999998029,1
2025-05-29 06:00:00,1.12453,1.1255600000000001,1.12422,1.12481,4.0,0.00026999999999999247,1
2025-05-29 07:00:00,1.12477,1.12543,1.12436,1.12471,7.0,-9.999999999998899e-05,1
2025-05-29 08:00:00,1.12473,1.12502,1.12306,1.12431,28.0,-0.000400000000000178,1
2025-05-29 09:00:00,1.12431,1.12733,1.12418,1.12708,-44.0,0.0027700000000001612,1
2025-05-29 10:00:00,1.12708,1.12822,1.12706,1.12753,-144.0,0.0004499999999998394,1
2025-05-29 11:00:00,1.12752,1.12786,1.12615,1.12714,-60.0,-0.0003799999999998249,1
2025-05-29 12:00:00,1.12714,1.12835,1.12711,1.12774,-47.0,0.0005899999999998684,1
2025-05-29 13:00:00,1.12774,1.12908,1.1276,1.12859,105.0,0.0008500000000000174,1
2025-05-29 14:00:00,1.12859,1.12902,1.12675,1.12704,-15.0,-0.0015499999999999403,1
2025-05-29 15:00:00,1.12704,1.13494,1.12704,1.1349,181.0,0.007859999999999978,1
2025-05-29 16:00:00,1.1349,1.13595,1.13386,1.13507,264.0,0.00017000000000000348,1
2025-05-29 17:00:00,1.13513,1.1368800000000001,1.13424,1.13495,9.0,-0.000180000000000069,1
2025-05-29 18:00:00,1.13496,1.13702,1.13482,1.13693,126.0,0.0019500000000001183,1
2025-05-29 19:00:00,1.13689,1.1379299999999999,1.13666,1.13708,55.0,0.000180000000000069,1
2025-05-29 20:00:00,1.13708,1.13838,1.13611,1.13765,79.0,0.0005699999999999594,1
2025-05-29 21:00:00,1.13766,1.13839,1.13737,1.13744,40.0,-0.00021000000000004349,1
2025-05-29 22:00:00,1.13743,1.13778,1.13656,1.1366100000000001,26.0,-0.0008299999999998864,1
2025-05-29 23:00:00,1.13662,1.13697,1.13602,1.1365,-19.0,-0.0001100000000000545,1
2025-05-30 00:00:00,1.13644,1.13715,1.13631,1.13659,29.0,8.999999999992347e-05,1
2025-05-30 01:00:00,1.13666,1.13767,1.1366100000000001,1.13705,-1.0,0.00045999999999990493,1
2025-05-30 02:00:00,1.13709,1.13788,1.13687,1.13764,-15.0,0.0005900000000000905,1
2025-05-30 03:00:00,1.13764,1.13842,1.13641,1.13719,-125.0,-0.00045000000000006146,1
2025-05-30 04:00:00,1.13719,1.13893,1.13519,1.13544,-103.0,-0.0017599999999999838,1
2025-05-30 05:00:00,1.13543,1.13584,1.13479,1.13489,-11.0,-0.0005399999999999849,1
2025-05-30 06:00:00,1.13487,1.13563,1.1345399999999999,1.1349,-27.0,1.0000000000065512e-05,1
2025-05-30 07:00:00,1.1349,1.1353,1.1345,1.1345399999999999,-35.0,-0.000360000000000138,1
2025-05-30 08:00:00,1.13456,1.1354,1.13427,1.13506,31.0,0.000520000000000076,1
2025-05-30 09:00:00,1.13507,1.13516,1.1335600000000001,1.13462,40.0,-0.00043999999999999595,1
2025-05-30 10:00:00,1.13462,1.13474,1.13272,1.13373,-27.0,-0.0008900000000000574,1
2025-05-30 11:00:00,1.13375,1.13442,1.13229,1.13235,-73.0,-0.0013799999999999368,1
2025-05-30 12:00:00,1.13235,1.13316,1.13229,1.1325,-53.0,0.0001500000000000945,1
2025-05-30 13:00:00,1.13251,1.13342,1.13242,1.1327,-21.0,0.00019999999999997797,1
2025-05-30 14:00:00,1.1327,1.13381,1.13228,1.13374,71.0,0.0010299999999998644,1
2025-05-30 15:00:00,1.13374,1.13579,1.13341,1.13456,-1.0,0.0008300000000001084,1
2025-05-30 16:00:00,1.1346,1.13475,1.1312,1.13167,-43.0,-0.002890000000000059,1
2025-05-30 17:00:00,1.13169,1.13541,1.13135,1.13516,289.0,0.003469999999999862,1
2025-05-30 18:00:00,1.13517,1.1358,1.13431,1.13458,114.0,-0.0005800000000000249,1
2025-05-30 19:00:00,1.13457,1.13545,1.13429,1.13498,97.0,0.000400000000000178,1
2025-05-30 20:00:00,1.13502,1.13665,1.13493,1.13568,-47.0,0.0006999999999999229,1
2025-05-30 21:00:00,1.13568,1.13644,1.13544,1.13582,65.0,0.000140000000000029,1
2025-05-30 22:00:00,1.13581,1.13601,1.13489,1.13558,101.0,-0.00024000000000001798,1
2025-05-30 23:00:00,1.13559,1.1356,1.13426,1.13457,-9.0,-0.0010099999999999554,1
2025-06-02 00:00:00,1.1346,1.13514,1.13398,1.13495,14.0,0.00034999999999985043,1
2025-06-02 01:00:00,1.13495,1.1357,1.13477,1.13546,103.0,0.000520000000000076,1
2025-06-02 02:00:00,1.13548,1.13598,1.1350500000000001,1.13524,30.0,-0.00022999999999995246,1
2025-06-02 03:00:00,1.13525,1.13742,1.13522,1.13681,-77.0,0.0015700000000000713,1
2025-06-02 04:00:00,1.13679,1.13816,1.1367099999999999,1.13697,-142.0,0.00015999999999993797,1
2025-06-02 05:00:00,1.1369799999999999,1.13731,1.13613,1.13639,-21.0,-0.0005800000000000249,1
2025-06-02 06:00:00,1.1363699999999999,1.13653,1.1354,1.13613,-9.0,-0.000280000000000058,1
2025-06-02 07:00:00,1.13614,1.13662,1.13593,1.13649,-36.0,0.00038000000000004697,1
2025-06-02 08:00:00,1.13649,1.13798,1.13633,1.13789,28.0,0.0014000000000000679,1
2025-06-02 09:00:00,1.1379,1.14062,1.13779,1.14006,104.0,0.0021700000000000053,1
2025-06-02 10:00:00,1.14008,1.14363,1.13981,1.14232,263.0,0.0022599999999999287,1
2025-06-02 11:00:00,1.14232,1.1427100000000001,1.1412200000000001,1.14197,34.0,-0.0003500000000000725,1
2025-06-02 12:00:00,1.14197,1.14364,1.14187,1.14229,83.0,0.000320000000000098,1
2025-06-02 13:00:00,1.14232,1.14276,1.14127,1.14147,83.0,-0.0008200000000000429,1
2025-06-02 14:00:00,1.14148,1.14259,1.14086,1.14137,-40.0,-9.999999999998899e-05,1
2025-06-02 15:00:00,1.14136,1.14284,1.14108,1.14178,107.0,0.00041000000000002146,1
2025-06-02 16:00:00,1.14178,1.14223,1.14039,1.14186,69.0,8.000000000008001e-05,1
2025-06-02 17:00:00,1.14254,1.14494,1.14222,1.14343,107.0,0.0008900000000000574,1
2025-06-02 18:00:00,1.1434199999999999,1.14382,1.14237,1.14301,141.0,-0.0004199999999998649,1
2025-06-02 19:00:00,1.14301,1.14314,1.14113,1.1418,42.0,-0.0012100000000001554,1
2025-06-02 20:00:00,1.14175,1.14253,1.14158,1.1421999999999999,76.0,0.00039999999999995595,1
2025-06-02 21:00:00,1.14216,1.1442,1.1418300000000001,1.14408,204.0,0.0018800000000001038,1
2025-06-02 22:00:00,1.1440299999999999,1.1445,1.1433,1.14446,20.0,0.00038000000000004697,1
2025-06-02 23:00:00,1.14445,1.14458,1.14373,1.1437599999999999,-39.0,-0.0006800000000000139,1
2025-06-03 00:00:00,1.14339,1.14426,1.14311,1.14381,28.0,2.999999999997449e-05,1
2025-06-03 01:00:00,1.14391,1.14455,1.1437599999999999,1.14444,-21.0,0.0006299999999999084,1
2025-06-03 02:00:00,1.14447,1.14533,1.14441,1.14526,26.0,0.0008200000000000429,1
2025-06-03 03:00:00,1.1452499999999999,1.14541,1.14384,1.14429,33.0,-0.0009699999999999154,1
2025-06-03 04:00:00,1.14429,1.14429,1.14264,1.14274,43.0,-0.0015499999999999403,1
2025-06-03 05:00:00,1.14275,1.14299,1.1418300000000001,1.1425,101.0,-0.00024000000000001798,1
2025-06-03 06:00:00,1.1425,1.14267,1.14156,1.14194,65.0,-0.000560000000000116,1
2025-06-03 07:00:00,1.14192,1.14251,1.14166,1.14248,73.0,0.0005399999999999849,1
2025-06-03 08:00:00,1.14249,1.14269,1.14116,1.14215,2.0,-0.00032999999999994145,1
2025-06-03 09:00:00,1.1421999999999999,1.14308,1.1414900000000001,1.14282,-85.0,0.0006699999999999484,1
2025-06-03 10:00:00,1.1428099999999999,1.1432,1.14138,1.14153,-109.0,-0.0012900000000000134,1
2025-06-03 11:00:00,1.14153,1.14181,1.1405,1.1411,-20.0,-0.00042999999999993044,1
2025-06-03 12:00:00,1.14109,1.14175,1.14011,1.14113,7.0,8.999999999992347e-05,1
2025-06-03 13:00:00,1.14111,1.14121,1.13958,1.13973,8.0,-0.0014600000000000168,1
2025-06-03 14:00:00,1.13973,1.13987,1.13859,1.139,18.0,-0.0007299999999998974,1
2025-06-03 15:00:00,1.1390500000000001,1.13935,1.13767,1.13814,-46.0,-0.0008600000000000829,1
2025-06-03 16:00:00,1.13816,1.13946,1.13765,1.1387,23.0,0.000560000000000116,1
2025-06-03 17:00:00,1.13866,1.13927,1.13635,1.13914,119.0,0.00048000000000003595,1
2025-06-03 18:00:00,1.13914,1.13925,1.13703,1.13716,-33.0,-0.001980000000000093,1
2025-06-03 19:00:00,1.13717,1.13829,1.1367099999999999,1.13728,70.0,0.00012000000000012001,1
2025-06-03 20:00:00,1.13733,1.13813,1.13724,1.13776,-28.0,0.00048000000000003595,1
2025-06-03 21:00:00,1.13776,1.13776,1.13686,1.13744,25.0,-0.000320000000000098,1
2025-06-03 22:00:00,1.13742,1.13757,1.1367099999999999,1.13682,-15.0,-0.0006200000000000649,1
2025-06-03 23:00:00,1.13682,1.13738,1.13677,1.13708,-9.0,0.00022999999999995246,1
2025-06-04 00:00:00,1.137,1.13753,1.13686,1.13748,-3.0,0.0004300000000001525,1
2025-06-04 01:00:00,1.13748,1.13754,1.13705,1.13736,-41.0,-0.00012000000000012001,1
2025-06-04 02:00:00,1.13736,1.13855,1.13736,1.13836,38.0,0.001000000000000112,1
2025-06-04 03:00:00,1.13835,1.13885,1.13779,1.13822,-39.0,-0.000140000000000029,1
2025-06-04 04:00:00,1.13821,1.13927,1.1371,1.13852,-102.0,0.000280000000000058,1
2025-06-04 05:00:00,1.13851,1.13875,1.1373,1.13755,5.0,-0.0009500000000000064,1
2025-06-04 06:00:00,1.13755,1.13804,1.13649,1.1367099999999999,-80.0,-0.0008400000000001739,1
2025-06-04 07:00:00,1.1367099999999999,1.13785,1.13643,1.1366100000000001,-45.0,-9.999999999976694e-05,1
2025-06-04 08:00:00,1.13662,1.13712,1.1356600000000001,1.1362,-12.0,-0.00041000000000002146,1
2025-06-04 09:00:00,1.13619,1.13777,1.13569,1.13772,-110.0,0.0015199999999999658,1
2025-06-04 10:00:00,1.13775,1.13965,1.13751,1.13862,25.0,0.0008999999999999009,1
2025-06-04 11:00:00,1.1386,1.14035,1.13822,1.1399,45.0,0.0012799999999999478,1
2025-06-04 12:00:00,1.13989,1.1399,1.13809,1.13823,-12.0,-0.0016699999999998383,1
2025-06-04 13:00:00,1.13824,1.1385,1.13744,1.13816,18.0,-7.00000000000145e-05,1
2025-06-04 14:00:00,1.13816,1.13866,1.13766,1.13788,-73.0,-0.000280000000000058,1
2025-06-04 15:00:00,1.13789,1.14105,1.13788,1.14086,174.0,0.0029799999999999827,1
2025-06-04 16:00:00,1.1409,1.1413,1.13923,1.13986,1.0,-0.0009999999999998899,1
2025-06-04 17:00:00,1.14126,1.1434,1.1407,1.14323,198.0,0.0019700000000000273,1
2025-06-04 18:00:00,1.14318,1.14333,1.14165,1.14233,201.0,-0.0008999999999999009,1
2025-06-04 19:00:00,1.14233,1.14338,1.14192,1.14323,91.0,0.0009099999999999664,1
2025-06-04 20:00:00,1.14327,1.14329,1.14228,1.14243,-27.0,-0.0008099999999999774,1
2025-06-04 21:00:00,1.14243,1.14278,1.14198,1.142,-10.0,-0.0004300000000001525,1
2025-06-04 22:00:00,1.142,1.14213,1.14118,1.14118,-5.0,-0.0008199999999998209,1
2025-06-04 23:00:00,1.14118,1.14224,1.14097,1.1412499999999999,48.0,0.00034000000000000696,1
2025-06-05 00:00:00,1.14113,1.14178,1.14099,1.1414900000000001,-1.0,-2.999999999997449e-05,1
2025-06-05 01:00:00,1.14146,1.14223,1.14146,1.14193,-37.0,0.0004399999999997739,1
2025-06-05 02:00:00,1.14194,1.1428099999999999,1.1418300000000001,1.14204,6.0,0.0001100000000000545,1
2025-06-05 03:00:00,1.14204,1.14289,1.1416,1.14285,24.0,0.0008099999999999774,1
2025-06-05 04:00:00,1.14285,1.14343,1.1413,1.1416,-28.0,-0.0012499999999999734,1
2025-06-05 05:00:00,1.1416,1.14191,1.141,1.14173,49.0,0.00012999999999996348,1
2025-06-05 06:00:00,1.14173,1.14222,1.14084,1.14101,50.0,-0.0007199999999998319,1
2025-06-05 07:00:00,1.141,1.14137,1.14072,1.1409799999999999,-27.0,-4.0000000000040004e-05,1
2025-06-05 08:00:00,1.14099,1.14131,1.14041,1.14057,-47.0,-0.00039999999999995595,1
2025-06-05 09:00:00,1.14058,1.14167,1.14048,1.14086,52.0,0.00028999999999990145,1
2025-06-05 10:00:00,1.14084,1.14246,1.1406399999999999,1.14115,-51.0,0.0002900000000001235,1
2025-06-05 11:00:00,1.14115,1.14189,1.14085,1.14124,18.0,9.999999999976694e-05,1
2025-06-05 12:00:00,1.14124,1.14213,1.14091,1.14181,-115.0,0.000560000000000116,1
2025-06-05 13:00:00,1.1418,1.14322,1.14172,1.14236,0.0,0.0005500000000000504,1
2025-06-05 14:00:00,1.14236,1.14279,1.14155,1.14259,43.0,0.00021999999999988695,1
2025-06-05 15:00:00,1.14254,1.14481,1.14129,1.14291,21.0,0.0003300000000001635,1
2025-06-05 16:00:00,1.1429,1.14944,1.14179,1.14799,111.0,0.005079999999999973,1
2025-06-05 17:00:00,1.14799,1.14818,1.14538,1.14574,21.0,-0.0022500000000000853,1
2025-06-05 18:00:00,1.14571,1.14584,1.14346,1.14387,-24.0,-0.0018700000000000383,1
2025-06-05 19:00:00,1.14388,1.14474,1.1431,1.14473,6.0,0.0008600000000000829,1
2025-06-05 20:00:00,1.14473,1.14477,1.1431499999999999,1.14425,35.0,-0.00048000000000003595,1
2025-06-05 21:00:00,1.14426,1.1443699999999999,1.14308,1.14416,-17.0,-4.999999999988347e-05,1
2025-06-05 22:00:00,1.14417,1.14476,1.1433200000000001,1.14375,16.0,-0.0004700000000001925,1
2025-06-05 23:00:00,1.14373,1.14446,1.1435,1.14431,-63.0,0.0005800000000000249,1
2025-06-06 00:00:00,1.14429,1.14471,1.14383,1.14408,-28.0,-0.00022999999999995246,1
2025-06-06 01:00:00,1.14413,1.14511,1.14412,1.1451,25.0,0.0010200000000000209,1
2025-06-06 02:00:00,1.14511,1.14533,1.14463,1.1453,0.0,0.00019999999999997797,1
2025-06-06 03:00:00,1.14529,1.14569,1.14494,1.14497,-18.0,-0.00032999999999994145,1
2025-06-06 04:00:00,1.14495,1.14518,1.14407,1.14419,10.0,-0.0007800000000000029,1
2025-06-06 05:00:00,1.14419,1.14429,1.14326,1.14373,39.0,-0.000460000000000127,1
2025-06-06 06:00:00,1.14373,1.14433,1.14357,1.14397,18.0,0.00024000000000001798,1
2025-06-06 07:00:00,1.14397,1.14416,1.1436600000000001,1.14392,26.0,-4.999999999988347e-05,1
2025-06-06 08:00:00,1.14392,1.14397,1.14303,1.14354,32.0,-0.00038000000000004697,1
2025-06-06 09:00:00,1.14354,1.14419,1.14242,1.1435,76.0,-4.0000000000040004e-05,1
2025-06-06 10:00:00,1.14348,1.14363,1.1421000000000001,1.14263,-148.0,-0.0008699999999999264,1
2025-06-06 11:00:00,1.14263,1.14288,1.14111,1.14142,-85.0,-0.0012300000000000644,1
2025-06-06 12:00:00,1.14141,1.14207,1.14106,1.14189,-49.0,0.0004900000000001015,1
2025-06-06 13:00:00,1.14188,1.14239,1.14169,1.14222,-60.0,0.00032999999999994145,1
2025-06-06 14:00:00,1.14222,1.14286,1.14166,1.14175,-24.0,-0.00046999999999997044,1
2025-06-06 15:00:00,1.14176,1.14308,1.13849,1.13963,-237.0,-0.002120000000000122,1
2025-06-06 16:00:00,1.13963,1.14019,1.13712,1.13896,-93.0,-0.0006699999999999484,1
2025-06-06 17:00:00,1.139,1.14158,1.13803,1.13888,55.0,-0.00012000000000012001,1
2025-06-06 18:00:00,1.13889,1.14018,1.13807,1.13962,28.0,0.000740000000000185,1
2025-06-06 19:00:00,1.1396,1.14012,1.13856,1.13867,19.0,-0.0009500000000000064,1
2025-06-06 20:00:00,1.13867,1.13974,1.13842,1.13927,155.0,0.0005999999999999339,1
2025-06-06 21:00:00,1.13927,1.13991,1.13922,1.13967,84.0,0.00039999999999995595,1
2025-06-06 22:00:00,1.13968,1.14015,1.13922,1.13952,38.0,-0.00014999999999987246,1
2025-06-06 23:00:00,1.13953,1.13973,1.13901,1.13934,13.0,-0.000180000000000069,1
2025-06-09 00:00:00,1.13955,1.13955,1.13885,1.13922,-13.0,-0.0003300000000001635,1
2025-06-09 01:00:00,1.13922,1.14063,1.13922,1.1406,43.0,0.0013800000000001589,1
2025-06-09 02:00:00,1.1406,1.14107,1.1403,1.1406,6.0,0.0,1
2025-06-09 03:00:00,1.1406,1.14085,1.13923,1.13934,-61.0,-0.0012600000000000389,1
2025-06-09 04:00:00,1.13934,1.14167,1.13934,1.14148,6.0,0.0021400000000000308,1
2025-06-09 05:00:00,1.14148,1.14249,1.14138,1.14167,-8.0,0.00018999999999991246,1
2025-06-09 06:00:00,1.14167,1.14205,1.14115,1.14116,9.0,-0.0005100000000000104,1
2025-06-09 07:00:00,1.14115,1.14184,1.14104,1.14177,-20.0,0.0006099999999999994,1
2025-06-09 08:00:00,1.14178,1.14237,1.14116,1.14214,3.0,0.00036999999999998145,1
2025-06-09 09:00:00,1.14216,1.14291,1.14173,1.14268,-67.0,0.0005399999999999849,1
2025-06-09 10:00:00,1.14269,1.1428099999999999,1.14191,1.14219,-79.0,-0.0004899999999998794,1
2025-06-09 11:00:00,1.14219,1.14355,1.14181,1.14279,-75.0,0.0005999999999999339,1
2025-06-09 12:00:00,1.14279,1.14388,1.14253,1.14256,39.0,-0.00022999999999995246,1
2025-06-09 13:00:00,1.14257,1.14285,1.14156,1.1419,-1.0,-0.000660000000000105,1
2025-06-09 14:00:00,1.1419,1.14226,1.14053,1.14168,89.0,-0.00021999999999988695,1
2025-06-09 15:00:00,1.1417,1.14175,1.13941,1.13998,-87.0,-0.0017000000000000348,1
2025-06-09 16:00:00,1.13991,1.14039,1.1386,1.14013,-68.0,0.0001500000000000945,1
2025-06-09 17:00:00,1.14011,1.14084,1.13931,1.14073,40.0,0.0006200000000000649,1
2025-06-09 18:00:00,1.14073,1.1425,1.14072,1.14238,88.0,0.0016499999999999293,1
2025-06-09 19:00:00,1.14238,1.1425,1.14147,1.1424,50.0,2.0000000000131024e-05,1
2025-06-09 20:00:00,1.14242,1.14258,1.1419,1.14215,-7.0,-0.0002500000000000835,1
2025-06-09 21:00:00,1.14214,1.14304,1.14188,1.14275,68.0,0.0005999999999999339,1
2025-06-09 22:00:00,1.14272,1.14289,1.14219,1.14223,19.0,-0.0005199999999998539,1
2025-06-09 23:00:00,1.14223,1.14265,1.14163,1.14194,-31.0,-0.0002900000000001235,1
2025-06-10 00:00:00,1.142,1.14214,1.14133,1.14194,17.0,0.0,1
2025-06-10 01:00:00,1.14193,1.14233,1.14193,1.14224,-11.0,0.00029999999999996696,1
2025-06-10 02:00:00,1.14225,1.14278,1.14196,1.14257,-1.0,0.0003300000000001635,1
2025-06-10 03:00:00,1.14257,1.14351,1.14213,1.14238,-30.0,-0.0001900000000001345,1
2025-06-10 04:00:00,1.1424,1.14277,1.13946,1.13963,-43.0,-0.00275000000000003,1
2025-06-10 05:00:00,1.13962,1.14001,1.13857,1.13985,112.0,0.000220000000000109,1
2025-06-10 06:00:00,1.13985,1.14044,1.13911,1.14025,19.0,0.00039999999999995595,1
2025-06-10 07:00:00,1.14026,1.1403699999999999,1.1391,1.1399,-6.0,-0.0003500000000000725,1
2025-06-10 08:00:00,1.13991,1.14131,1.13973,1.14046,-14.0,0.000560000000000116,1
2025-06-10 09:00:00,1.14048,1.14142,1.13916,1.13947,26.0,-0.0009900000000000464,1
2025-06-10 10:00:00,1.1394,1.13993,1.13725,1.13917,-32.0,-0.00029999999999996696,1
2025-06-10 11:00:00,1.13917,1.14109,1.1391,1.14077,-16.0,0.0016000000000000458,1
2025-06-10 12:00:00,1.14076,1.1418300000000001,1.14031,1.14162,53.0,0.0008500000000000174,1
2025-06-10 13:00:00,1.14163,1.14243,1.14108,1.14231,89.0,0.0006800000000000139,1
2025-06-10 14:00:00,1.14229,1.14337,1.14188,1.14286,70.0,0.0005599999999998939,1
2025-06-10 15:00:00,1.14287,1.14398,1.14245,1.14316,103.0,0.000320000000000098,1
2025-06-10 16:00:00,1.1431499999999999,1.14471,1.14301,1.14424,82.0,0.0010599999999998388,1
2025-06-10 17:00:00,1.14422,1.14444,1.142,1.14253,11.0,-0.0017199999999999438,1
2025-06-10 18:00:00,1.14252,1.14272,1.14151,1.14219,-2.0,-0.00031000000000003247,1
2025-06-10 19:00:00,1.14219,1.1426,1.14155,1.1423,22.0,0.0001100000000000545,1
2025-06-10 20:00:00,1.14234,1.14283,1.14165,1.14225,93.0,0.0,1
2025-06-10 21:00:00,1.14225,1.14247,1.1416,1.14198,37.0,-0.000320000000000098,1
2025-06-10 22:00:00,1.14197,1.1436,1.14186,1.14256,-9.0,0.0005800000000000249,1
2025-06-10 23:00:00,1.14255,1.14293,1.14186,1.14201,-18.0,-0.000560000000000116,1
2025-06-11 00:00:00,1.14208,1.14252,1.1414900000000001,1.14232,11.0,0.000320000000000098,1
2025-06-11 01:00:00,1.14247,1.14288,1.14229,1.1428099999999999,21.0,0.0004899999999998794,1
2025-06-11 02:00:00,1.14284,1.1439,1.14216,1.14369,29.0,0.0008800000000002139,1
2025-06-11 03:00:00,1.14372,1.14383,1.14199,1.14205,-75.0,-0.0016400000000000858,1
2025-06-11 04:00:00,1.14205,1.14264,1.14059,1.1408,38.0,-0.0012199999999999989,1
2025-06-11 05:00:00,1.14081,1.14173,1.14066,1.1414900000000001,72.0,0.000660000000000105,1
2025-06-11 06:00:00,1.14148,1.1417,1.14109,1.14158,-18.0,8.999999999992347e-05,1
2025-06-11 07:00:00,1.14158,1.14173,1.14115,1.14151,-9.0,-7.00000000000145e-05,1
2025-06-11 08:00:00,1.14152,1.14225,1.1413,1.14217,31.0,0.0006599999999998829,1
2025-06-11 09:00:00,1.14217,1.14229,1.14066,1.14095,-38.0,-0.0012299999999998423,1
2025-06-11 10:00:00,1.14097,1.14232,1.14048,1.14191,-40.0,0.0009699999999999154,1
2025-06-11 11:00:00,1.1419,1.14382,1.14179,1.14304,-46.0,0.0011300000000000754,1
2025-06-11 12:00:00,1.14304,1.14453,1.14294,1.14343,-60.0,0.00038999999999989043,1
2025-06-11 13:00:00,1.14349,1.1442,1.14328,1.14377,-41.0,0.00034000000000000696,1
2025-06-11 14:00:00,1.14377,1.144,1.14263,1.14322,144.0,-0.0005399999999999849,1
2025-06-11 15:00:00,1.14322,1.14887,1.14278,1.14601,-1.0,0.0027800000000000047,1
2025-06-11 16:00:00,1.14603,1.1473,1.14523,1.14698,99.0,0.0009700000000001374,1
2025-06-11 17:00:00,1.14698,1.14861,1.14666,1.14812,97.0,0.0011399999999999189,1
2025-06-11 18:00:00,1.14812,1.14898,1.1474199999999999,1.14889,-35.0,0.0007699999999999374,1
2025-06-11 19:00:00,1.14887,1.14954,1.14817,1.14892,57.0,2.999999999997449e-05,1
2025-06-11 20:00:00,1.14893,1.14984,1.14878,1.14969,-28.0,0.0007700000000001594,1
2025-06-11 21:00:00,1.1497,1.14989,1.1482999999999999,1.14858,30.0,-0.0011100000000001664,1
2025-06-11 22:00:00,1.14856,1.14863,1.14787,1.1482,-39.0,-0.0003799999999998249,1
2025-06-11 23:00:00,1.14821,1.1489,1.14797,1.14859,40.0,0.00035999999999991594,1
2025-06-12 00:00:00,1.14865,1.14879,1.14816,1.1487,-1.0,0.000140000000000029,1
2025-06-12 01:00:00,1.14869,1.15082,1.14868,1.15052,-36.0,0.0018199999999999328,1
2025-06-12 02:00:00,1.15052,1.15126,1.15039,1.15096,-35.0,0.00043999999999999595,1
2025-06-12 03:00:00,1.15099,1.1526,1.15012,1.15206,-138.0,0.001100000000000101,1
2025-06-12 04:00:00,1.15207,1.15286,1.1514199999999999,1.15182,-44.0,-0.00024000000000001798,1
2025-06-12 05:00:00,1.15181,1.15186,1.1506,1.1510799999999999,-70.0,-0.000740000000000185,1
2025-06-12 06:00:00,1.15107,1.15216,1.15097,1.15191,-2.0,0.0008300000000001084,1
2025-06-12 07:00:00,1.15191,1.15192,1.15117,1.15148,-76.0,-0.00042999999999993044,1
2025-06-12 08:00:00,1.15146,1.15321,1.15105,1.15271,-64.0,0.0012299999999998423,1
2025-06-12 09:00:00,1.15268,1.15308,1.15109,1.15218,5.0,-0.0005299999999999194,1
2025-06-12 10:00:00,1.15217,1.15272,1.15054,1.15259,66.0,0.00041000000000002146,1
2025-06-12 11:00:00,1.15259,1.15471,1.15225,1.1543700000000001,44.0,0.0017800000000001148,1
2025-06-12 12:00:00,1.15436,1.15879,1.15399,1.15716,-64.0,0.0027599999999998737,1
2025-06-12 13:00:00,1.15717,1.16101,1.15664,1.15924,40.0,0.0021100000000000563,1
2025-06-12 14:00:00,1.15924,1.16062,1.15835,1.15889,107.0,-0.0003500000000000725,1
2025-06-12 15:00:00,1.1589,1.16313,1.15877,1.16093,7.0,0.0020400000000000418,1
2025-06-12 16:00:00,1.1609099999999999,1.16167,1.1579,1.15844,-42.0,-0.0024900000000001032,1
2025-06-12 17:00:00,1.15845,1.15895,1.15785,1.15815,113.0,-0.00029999999999996696,1
2025-06-12 18:00:00,1.15816,1.15845,1.1567,1.15765,110.0,-0.0004999999999999449,1
2025-06-12 19:00:00,1.15765,1.1579,1.15664,1.15756,68.0,-9.000000000014552e-05,1
2025-06-12 20:00:00,1.15755,1.15775,1.15632,1.15745,-15.0,-0.00010999999999983245,1
2025-06-12 21:00:00,1.15745,1.15801,1.15694,1.15771,-18.0,0.00025999999999992696,1
2025-06-12 22:00:00,1.15772,1.15802,1.15743,1.15756,20.0,-0.00012999999999996348,1
2025-06-12 23:00:00,1.15757,1.15871,1.1575,1.15799,-7.0,0.00041000000000002146,1
2025-06-13 00:00:00,1.15795,1.15877,1.15706,1.15877,29.0,0.0007800000000000029,1
2025-06-13 01:00:00,1.1588,1.15923,1.15869,1.15891,-48.0,0.000140000000000029,1
2025-06-13 02:00:00,1.15897,1.1609,1.15861,1.16085,-21.0,0.0019399999999998307,1
2025-06-13 03:00:00,1.16079,1.16141,1.15389,1.15582,90.0,-0.005029999999999868,1
2025-06-13 04:00:00,1.15582,1.15597,1.15366,1.15479,109.0,-0.0010300000000000864,1
2025-06-13 05:00:00,1.15479,1.15578,1.15366,1.15445,-30.0,-0.00034000000000000696,1
2025-06-13 06:00:00,1.15445,1.15458,1.15271,1.15366,63.0,-0.0007900000000000684,1
2025-06-13 07:00:00,1.15365,1.15402,1.15137,1.15247,-54.0,-0.0011999999999998678,1
2025-06-13 08:00:00,1.15246,1.15364,1.15113,1.15284,26.0,0.00038000000000004697,1
2025-06-13 09:00:00,1.15294,1.1546,1.15235,1.15416,147.0,0.0013199999999999878,1
2025-06-13 10:00:00,1.15416,1.15597,1.15348,1.1535,-30.0,-0.0006700000000001705,1
2025-06-13 11:00:00,1.15347,1.15465,1.15249,1.15282,19.0,-0.0006799999999997919,1
2025-06-13 12:00:00,1.15282,1.15353,1.15179,1.1522999999999999,128.0,-0.0005100000000002325,1
2025-06-13 13:00:00,1.1522999999999999,1.1529,1.14882,1.15041,-30.0,-0.0018899999999999473,1
2025-06-13 14:00:00,1.15044,1.15103,1.149,1.15095,-151.0,0.0005800000000000249,1
2025-06-13 15:00:00,1.15094,1.15222,1.1506,1.1515900000000001,-139.0,0.000600000000000156,1
2025-06-13 16:00:00,1.15155,1.15271,1.15007,1.15224,-9.0,0.0006499999999998174,1
2025-06-13 17:00:00,1.15221,1.15457,1.15204,1.15439,232.0,0.0021800000000000708,1
2025-06-13 18:00:00,1.1544,1.15689,1.1537600000000001,1.15556,-69.0,0.0011699999999998933,1
2025-06-13 19:00:00,1.15557,1.1565400000000001,1.15519,1.1554,-15.0,-0.00015999999999993797,1
2025-06-13 20:00:00,1.1554,1.1555,1.15367,1.15486,151.0,-0.0005399999999999849,1
2025-06-13 21:00:00,1.15486,1.15504,1.1533,1.1541,59.0,-0.0007399999999999629,1
2025-06-13 22:00:00,1.15406,1.15512,1.15362,1.15494,102.0,0.0008200000000000429,1
2025-06-13 23:00:00,1.15494,1.15515,1.15375,1.1549,19.0,-4.0000000000040004e-05,1
2025-06-16 00:00:00,1.15272,1.1548,1.15211,1.15296,-6.0,0.00024000000000001798,1
2025-06-16 01:00:00,1.15293,1.15471,1.15252,1.15404,-22.0,0.0010799999999999699,1
2025-06-16 02:00:00,1.15406,1.15412,1.1527,1.15373,-22.0,-0.00031000000000003247,1
2025-06-16 03:00:00,1.15373,1.1546,1.15302,1.1534,-153.0,-0.00032999999999994145,1
2025-06-16 04:00:00,1.15334,1.15436,1.1531500000000001,1.15317,34.0,-0.00022999999999995246,1
2025-06-16 05:00:00,1.1532,1.15356,1.15257,1.15299,-77.0,-0.000180000000000069,1
2025-06-16 06:00:00,1.15297,1.1534200000000001,1.15233,1.15268,61.0,-0.00031999999999987594,1
2025-06-16 07:00:00,1.15268,1.15366,1.15267,1.1535199999999999,-7.0,0.0008499999999997954,1
2025-06-16 08:00:00,1.15351,1.15618,1.15351,1.15564,-23.0,0.0021400000000000308,1
2025-06-16 09:00:00,1.15565,1.15753,1.15394,1.1573,-142.0,0.0016400000000000858,1
2025-06-16 10:00:00,1.15728,1.1586,1.15665,1.15782,-31.0,0.0004999999999999449,1
2025-06-16 11:00:00,1.15782,1.15842,1.15748,1.15777,-74.0,-2.999999999997449e-05,1
2025-06-16 12:00:00,1.1578,1.1584,1.15755,1.15836,-1.0,0.0005900000000000905,1
2025-06-16 13:00:00,1.15836,1.15852,1.1571799999999999,1.15748,-80.0,-0.0008799999999999919,1
2025-06-16 14:00:00,1.15748,1.15833,1.15692,1.15723,38.0,-0.0002500000000000835,1
2025-06-16 15:00:00,1.15723,1.15842,1.15702,1.15834,62.0,0.0011200000000000099,1
2025-06-16 16:00:00,1.15836,1.16043,1.15836,1.16007,-28.0,0.0017199999999999438,1
2025-06-16 17:00:00,1.16009,1.16141,1.15889,1.15907,130.0,-0.0010200000000000209,1
2025-06-16 18:00:00,1.15909,1.15943,1.15786,1.15795,145.0,-0.0011200000000000099,1
2025-06-16 19:00:00,1.15797,1.15856,1.15778,1.15833,115.0,0.00038000000000004697,1
2025-06-16 20:00:00,1.15835,1.15844,1.15721,1.15778,73.0,-0.0005500000000000504,1
2025-06-16 21:00:00,1.15773,1.1581,1.15731,1.15793,72.0,0.00014999999999987246,1
2025-06-16 22:00:00,1.15793,1.15794,1.15544,1.15551,-12.0,-0.0024199999999998667,1
2025-06-16 23:00:00,1.1555,1.15628,1.15541,1.15572,-14.0,0.00021000000000004349,1
2025-06-17 00:00:00,1.15574,1.15647,1.15548,1.15598,30.0,0.00025999999999992696,1
2025-06-17 01:00:00,1.15598,1.15618,1.15528,1.15553,-10.0,-0.00045000000000006146,1
2025-06-17 02:00:00,1.15553,1.15614,1.15487,1.15533,5.0,-0.00019999999999997797,1
2025-06-17 03:00:00,1.15534,1.15539,1.15421,1.15493,50.0,-0.00039999999999995595,1
2025-06-17 04:00:00,1.15495,1.1559599999999999,1.15491,1.15537,-65.0,0.00043999999999999595,1
2025-06-17 05:00:00,1.15537,1.15604,1.15454,1.15582,-35.0,0.00045000000000006146,1
2025-06-17 06:00:00,1.15582,1.15635,1.15544,1.15615,-40.0,0.00032999999999994145,1
2025-06-17 07:00:00,1.15614,1.15668,1.1559,1.15605,-77.0,-8.000000000008001e-05,1
2025-06-17 08:00:00,1.15606,1.1565,1.15522,1.15575,44.0,-0.00031999999999987594,1
2025-06-17 09:00:00,1.15573,1.1571799999999999,1.15522,1.15617,-15.0,0.0004199999999998649,1
2025-06-17 10:00:00,1.15617,1.1562999999999999,1.1544699999999999,1.15575,10.0,-0.0004199999999998649,1
2025-06-17 11:00:00,1.15575,1.1559300000000001,1.15494,1.15515,-49.0,-0.0006500000000000394,1
2025-06-17 12:00:00,1.15513,1.15604,1.15497,1.15562,-70.0,0.000520000000000076,1
2025-06-17 13:00:00,1.15562,1.15684,1.15546,1.15676,-65.0,0.0011399999999999189,1
2025-06-17 14:00:00,1.15676,1.15731,1.15571,1.15611,-21.0,-0.0006399999999999739,1
2025-06-17 15:00:00,1.15612,1.15795,1.15473,1.1549800000000001,-80.0,-0.0011399999999999189,1
2025-06-17 16:00:00,1.15502,1.15689,1.155,1.15583,17.0,0.0008499999999997954,1
2025-06-17 17:00:00,1.15582,1.15604,1.15101,1.15261,-29.0,-0.003210000000000157,1
2025-06-17 18:00:00,1.15263,1.15348,1.15181,1.15336,-13.0,0.0007500000000000284,1
2025-06-17 19:00:00,1.15335,1.1538599999999999,1.14983,1.15022,-9.0,-0.0031399999999999206,1
2025-06-17 20:00:00,1.15023,1.1508099999999999,1.14777,1.1486,100.0,-0.0016199999999999548,1
2025-06-17 21:00:00,1.1486,1.14898,1.14744,1.1479,-188.0,-0.000700000000000145,1
2025-06-17 22:00:00,1.1479,1.14883,1.14765,1.1484,42.0,0.000500000000000167,1
2025-06-17 23:00:00,1.1484,1.14853,1.14741,1.14787,-21.0,-0.0005300000000001415,1
2025-06-18 00:00:00,1.1476899999999999,1.14862,1.14696,1.14813,-9.0,0.00024000000000001798,1
2025-06-18 01:00:00,1.14813,1.14835,1.14741,1.14745,20.0,-0.0006599999999998829,1
2025-06-18 02:00:00,1.1475,1.14823,1.14746,1.14813,9.0,0.0007199999999998319,1
2025-06-18 03:00:00,1.14813,1.14964,1.1480299999999999,1.14919,-30.0,0.0010200000000000209,1
2025-06-18 04:00:00,1.14916,1.15003,1.1488800000000001,1.14964,-113.0,0.00045000000000006146,1
2025-06-18 05:00:00,1.14964,1.15007,1.14927,1.14973,-57.0,8.999999999992347e-05,1
2025-06-18 06:00:00,1.14972,1.15044,1.14957,1.14993,-6.0,0.00019999999999997797,1
2025-06-18 07:00:00,1.14993,1.15074,1.1496,1.15052,-14.0,0.0005800000000000249,1
2025-06-18 08:00:00,1.1505,1.15065,1.14998,1.1503700000000001,-66.0,-0.00013999999999980695,1
2025-06-18 09:00:00,1.1503700000000001,1.15147,1.15002,1.1509800000000001,-161.0,0.0006099999999999994,1
2025-06-18 10:00:00,1.15097,1.15228,1.15088,1.15127,-158.0,0.00028999999999990145,1
2025-06-18 11:00:00,1.15126,1.15157,1.14979,1.15016,12.0,-0.0011099999999999444,1
2025-06-18 12:00:00,1.15016,1.151,1.14966,1.15031,23.0,0.00014999999999987246,1
2025-06-18 13:00:00,1.15031,1.15102,1.14914,1.14931,-92.0,-0.0009999999999998899,1
2025-06-18 14:00:00,1.14929,1.1508099999999999,1.14917,1.15068,2.0,0.0013699999999998713,1
2025-06-18 15:00:00,1.1507,1.15163,1.15005,1.15055,-113.0,-0.00012999999999996348,1
2025-06-18 16:00:00,1.15052,1.15083,1.14875,1.14881,-80.0,-0.0017399999999998528,1
2025-06-18 17:00:00,1.1488,1.15225,1.14837,1.15067,-88.0,0.0018700000000000383,1
2025-06-18 18:00:00,1.15067,1.15298,1.15051,1.15197,5.0,0.0012999999999998568,1
2025-06-18 19:00:00,1.15199,1.15246,1.1501000000000001,1.15025,-18.0,-0.0017199999999999438,1
2025-06-18 20:00:00,1.15026,1.15085,1.14875,1.14963,88.0,-0.0006200000000000649,1
2025-06-18 21:00:00,1.14971,1.15286,1.14737,1.14741,57.0,-0.0021899999999999142,1
2025-06-18 22:00:00,1.14747,1.14869,1.14603,1.14739,-62.0,-5.0000000000105516e-05,1
2025-06-18 23:00:00,1.14729,1.14837,1.14715,1.14753,-67.0,0.000140000000000029,1
2025-06-19 00:00:00,1.14738,1.14828,1.14716,1.14806,44.0,0.0005300000000001415,1
2025-06-19 01:00:00,1.14804,1.14885,1.1474199999999999,1.14796,-32.0,-9.999999999998899e-05,1
2025-06-19 02:00:00,1.14799,1.14812,1.14705,1.14755,-56.0,-0.00041000000000002146,1
2025-06-19 03:00:00,1.14752,1.14831,1.14735,1.14804,11.0,0.0004899999999998794,1
2025-06-19 04:00:00,1.14804,1.14815,1.14517,1.14526,-14.0,-0.0027800000000000047,1
2025-06-19 05:00:00,1.14526,1.14575,1.14502,1.14545,53.0,0.0001900000000001345,1
2025-06-19 06:00:00,1.14546,1.14677,1.1453,1.14654,-39.0,0.0010899999999998133,1
2025-06-19 07:00:00,1.14656,1.14688,1.14627,1.14686,-22.0,0.000320000000000098,1
2025-06-19 08:00:00,1.14686,1.14687,1.14505,1.1456,-50.0,-0.0012600000000000389,1
2025-06-19 09:00:00,1.1456,1.14672,1.14458,1.14662,114.0,0.0010200000000000209,1
2025-06-19 10:00:00,1.14663,1.14765,1.14594,1.1461000000000001,-7.0,-0.0005199999999998539,1
2025-06-19 11:00:00,1.1461000000000001,1.14786,1.14561,1.14761,14.0,0.0015099999999999003,1
2025-06-19 12:00:00,1.14761,1.1479300000000001,1.14689,1.1475,9.0,-0.0001100000000000545,1
2025-06-19 13:00:00,1.1475,1.14787,1.14689,1.14727,-127.0,-0.00022999999999995246,1
2025-06-19 14:00:00,1.14728,1.14869,1.1467100000000001,1.14805,46.0,0.0007800000000000029,1
2025-06-19 15:00:00,1.14805,1.14857,1.1469,1.1477,-32.0,-0.0003500000000000725,1
2025-06-19 16:00:00,1.1476899999999999,1.14841,1.14707,1.14722,-12.0,-0.00048000000000003595,1
2025-06-19 17:00:00,1.14722,1.14802,1.14614,1.1468,61.0,-0.0004199999999998649,1
2025-06-19 18:00:00,1.1468,1.14716,1.14582,1.14596,-3.0,-0.0008399999999999519,1
2025-06-19 19:00:00,1.14589,1.14609,1.14542,1.1456,7.0,-0.0003500000000000725,1
2025-06-19 20:00:00,1.1456,1.14825,1.1455,1.14785,64.0,0.0022400000000000198,1
2025-06-19 21:00:00,1.14783,1.14865,1.14767,1.14846,-11.0,0.0006099999999999994,1
2025-06-19 22:00:00,1.14846,1.14994,1.14838,1.14973,29.0,0.0012699999999998823,1
2025-06-19 23:00:00,1.14965,1.14988,1.14897,1.149,-33.0,-0.0007299999999998974,1
2025-06-20 00:00:00,1.14872,1.14962,1.14861,1.14926,21.0,0.00026999999999999247,1
2025-06-20 01:00:00,1.1493,1.14996,1.14912,1.1497,46.0,0.00042999999999993044,1
2025-06-20 02:00:00,1.14971,1.15121,1.14963,1.15114,83.0,0.0014400000000001079,1
2025-06-20 03:00:00,1.15111,1.15233,1.15101,1.15221,80.0,0.0010699999999999044,1
2025-06-20 04:00:00,1.15221,1.15225,1.15124,1.15128,-27.0,-0.0009299999999998754,1
2025-06-20 05:00:00,1.15127,1.15212,1.15105,1.15177,60.0,0.0004899999999998794,1
2025-06-20 06:00:00,1.15176,1.15297,1.15149,1.15288,-43.0,0.0011099999999999444,1
2025-06-20 07:00:00,1.15288,1.15317,1.15239,1.1526399999999999,-68.0,-0.00024000000000001798,1
2025-06-20 08:00:00,1.15263,1.15284,1.15186,1.15269,-87.0,5.0000000000105516e-05,1
2025-06-20 09:00:00,1.15267,1.1529,1.15134,1.15163,-177.0,-0.001060000000000061,1
2025-06-20 10:00:00,1.15162,1.15189,1.15095,1.1516,91.0,-3.999999999981796e-05,1
2025-06-20 11:00:00,1.1515900000000001,1.15261,1.15109,1.15221,-66.0,0.0006199999999998429,1
2025-06-20 12:00:00,1.15219,1.1528,1.1519,1.1526399999999999,165.0,0.00042999999999993044,1
2025-06-20 13:00:00,1.1526399999999999,1.15344,1.15221,1.15235,2.0,-0.00028999999999990145,1
2025-06-20 14:00:00,1.15235,1.15255,1.15115,1.15204,0.0,-0.00031000000000003247,1
2025-06-20 15:00:00,1.15205,1.1526399999999999,1.15053,1.15122,23.0,-0.0008200000000000429,1
2025-06-20 16:00:00,1.15123,1.15208,1.15086,1.15179,-37.0,0.0005700000000001815,1
2025-06-20 17:00:00,1.15177,1.15188,1.14947,1.15129,173.0,-0.00048000000000003595,1
2025-06-20 18:00:00,1.15127,1.15283,1.15105,1.1519,95.0,0.0006099999999999994,1
2025-06-20 19:00:00,1.15191,1.15365,1.15188,1.15355,216.0,0.0016500000000001513,1
2025-06-20 20:00:00,1.15355,1.15434,1.15313,1.15318,78.0,-0.00036999999999998145,1
2025-06-20 21:00:00,1.15318,1.15366,1.15267,1.15282,79.0,-0.000360000000000138,1
2025-06-20 22:00:00,1.1528100000000001,1.15314,1.1515,1.15155,-19.0,-0.0012699999999998823,1
2025-06-20 23:00:00,1.15153,1.15224,1.15134,1.15216,150.0,0.0006099999999999994,1
2025-06-23 00:00:00,1.14516,1.14728,1.14516,1.14695,178.0,0.0017899999999999583,1
2025-06-23 01:00:00,1.14699,1.14941,1.14699,1.14881,34.0,0.0018600000000001948,1
2025-06-23 02:00:00,1.1489,1.15069,1.14855,1.1499,-58.0,0.0010899999999998133,1
2025-06-23 03:00:00,1.14993,1.15052,1.14804,1.14887,-10.0,-0.0010299999999998644,1
2025-06-23 04:00:00,1.1488800000000001,1.14921,1.14719,1.14916,23.0,0.00028999999999990145,1
2025-06-23 05:00:00,1.14917,1.15063,1.14916,1.14989,8.0,0.0007300000000001194,1
2025-06-23 06:00:00,1.14992,1.15029,1.14917,1.14934,25.0,-0.0005500000000000504,1
2025-06-23 07:00:00,1.14934,1.14959,1.14848,1.14899,-92.0,-0.00031000000000003247,1
2025-06-23 08:00:00,1.14901,1.15138,1.14901,1.15126,42.0,0.0022299999999999542,1
2025-06-23 09:00:00,1.15129,1.15206,1.1503,1.15067,124.0,-0.0005899999999998684,1
2025-06-23 10:00:00,1.15073,1.15157,1.14905,1.14979,-66.0,-0.0008799999999999919,1
2025-06-23 11:00:00,1.14978,1.15015,1.14798,1.14812,-45.0,-0.0016900000000001913,1
2025-06-23 12:00:00,1.14811,1.14823,1.1453,1.14716,-167.0,-0.0009199999999998099,1
2025-06-23 13:00:00,1.14715,1.14816,1.14589,1.14621,-62.0,-0.0009700000000001374,1
2025-06-23 14:00:00,1.1461999999999999,1.1474199999999999,1.146,1.14721,-82.0,0.001000000000000112,1
2025-06-23 15:00:00,1.14721,1.14774,1.14565,1.1467,-161.0,-0.0005100000000000104,1
2025-06-23 16:00:00,1.1467,1.14934,1.14643,1.1489,10.0,0.0021999999999999797,1
2025-06-23 17:00:00,1.14889,1.15399,1.14889,1.15303,206.0,0.0041400000000000325,1
2025-06-23 18:00:00,1.15304,1.15516,1.15283,1.15369,-69.0,0.0006500000000000394,1
2025-06-23 19:00:00,1.1537,1.1557,1.15174,1.15443,274.0,0.0007500000000000284,1
2025-06-23 20:00:00,1.15444,1.1573,1.15402,1.15688,-44.0,0.002449999999999841,1
2025-06-23 21:00:00,1.15688,1.15774,1.15656,1.15738,43.0,0.000460000000000127,1
2025-06-23 22:00:00,1.15737,1.15783,1.15699,1.1578,81.0,0.00045999999999990493,1
2025-06-23 23:00:00,1.15779,1.15811,1.15729,1.15731,-64.0,-0.00025999999999992696,1
2025-06-24 00:00:00,1.15727,1.1578,1.15709,1.15758,-4.0,4.0000000000040004e-05,1
2025-06-24 01:00:00,1.15758,1.16018,1.15726,1.15919,26.0,0.0016099999999998893,1
2025-06-24 02:00:00,1.15924,1.16079,1.15862,1.15975,-55.0,0.000560000000000116,1
2025-06-24 03:00:00,1.15975,1.16082,1.1589,1.1598600000000001,91.0,0.0001100000000000545,1
2025-06-24 04:00:00,1.1598600000000001,1.1605,1.15894,1.15903,-49.0,-0.0008100000000001994,1
2025-06-24 05:00:00,1.15903,1.1601,1.15862,1.15995,97.0,0.0009000000000001229,1
2025-06-24 06:00:00,1.15997,1.16092,1.15993,1.16051,11.0,0.0005599999999998939,1
2025-06-24 07:00:00,1.16054,1.16136,1.16018,1.1605699999999999,-61.0,5.999999999994898e-05,1
2025-06-24 08:00:00,1.1605699999999999,1.16132,1.16006,1.16102,70.0,0.00045000000000006146,1
2025-06-24 09:00:00,1.16102,1.16217,1.16009,1.1604700000000001,7.0,-0.0005499999999998284,1
2025-06-24 10:00:00,1.16046,1.161,1.15796,1.15915,113.0,-0.00132000000000021,1
2025-06-24 11:00:00,1.15905,1.1599,1.1585,1.1592,100.0,5.0000000000105516e-05,1
2025-06-24 12:00:00,1.1592,1.16176,1.15913,1.16092,-55.0,0.0017199999999999438,1
2025-06-24 13:00:00,1.16092,1.16092,1.1593499999999999,1.15961,13.0,-0.0013099999999999223,1
2025-06-24 14:00:00,1.15962,1.16146,1.1596,1.16079,83.0,0.0011799999999999589,1
2025-06-24 15:00:00,1.16079,1.1610800000000001,1.15928,1.16001,21.0,-0.0007800000000000029,1
2025-06-24 16:00:00,1.16001,1.16025,1.15816,1.15913,11.0,-0.0008799999999999919,1
2025-06-24 17:00:00,1.15911,1.16412,1.159,1.16163,-12.0,0.0025399999999999867,1
2025-06-24 18:00:00,1.16161,1.16358,1.16061,1.16066,38.0,-0.0009900000000000464,1
2025-06-24 19:00:00,1.16069,1.16244,1.16046,1.16235,43.0,0.0017000000000000348,1
2025-06-24 20:00:00,1.16235,1.16322,1.16219,1.16256,-20.0,0.00019999999999997797,1
2025-06-24 21:00:00,1.16256,1.16286,1.16195,1.16231,62.0,-0.0002500000000000835,1
2025-06-24 22:00:00,1.16231,1.16245,1.16116,1.16122,-46.0,-0.0010900000000000354,1
2025-06-24 23:00:00,1.16121,1.1615,1.16068,1.16077,-23.0,-0.0004099999999997994,1
2025-06-25 00:00:00,1.16043,1.16096,1.15977,1.16063,-128.0,-0.000180000000000069,1
2025-06-25 01:00:00,1.16077,1.16112,1.16038,1.16072,11.0,8.999999999992347e-05,1
2025-06-25 02:00:00,1.16072,1.16148,1.16071,1.1611799999999999,4.0,0.00045999999999990493,1
2025-06-25 03:00:00,1.1611799999999999,1.16263,1.16107,1.16246,38.0,0.0012900000000000134,1
2025-06-25 04:00:00,1.16247,1.16314,1.16173,1.16281,34.0,0.00034000000000000696,1
2025-06-25 05:00:00,1.16283,1.16289,1.16171,1.16201,3.0,-0.0007999999999999119,1
2025-06-25 06:00:00,1.16201,1.16227,1.16107,1.16112,25.0,-0.0008900000000000574,1
2025-06-25 07:00:00,1.16112,1.16173,1.1611,1.16133,2.0,0.00021000000000004349,1
2025-06-25 08:00:00,1.16132,1.16199,1.16089,1.16187,53.0,0.0005399999999999849,1
2025-06-25 09:00:00,1.16184,1.1622,1.16031,1.16065,62.0,-0.0011900000000000244,1
2025-06-25 10:00:00,1.16066,1.16085,1.15895,1.15982,87.0,-0.0008599999999998609,1
2025-06-25 11:00:00,1.15983,1.1610800000000001,1.15926,1.16095,-28.0,0.0011200000000000099,1
2025-06-25 12:00:00,1.16093,1.16107,1.15916,1.16001,25.0,-0.0009300000000000974,1
2025-06-25 13:00:00,1.16001,1.16077,1.15967,1.16032,-33.0,0.00031000000000003247,1
2025-06-25 14:00:00,1.16032,1.16129,1.15965,1.15988,7.0,-0.00038000000000004697,1
2025-06-25 15:00:00,1.15985,1.1604700000000001,1.15896,1.15923,8.0,-0.0007099999999999884,1
2025-06-25 16:00:00,1.15923,1.16071,1.15897,1.16003,37.0,0.0007999999999999119,1
2025-06-25 17:00:00,1.16001,1.1623,1.16001,1.16205,-9.0,0.0020400000000000418,1
2025-06-25 18:00:00,1.1620300000000001,1.16291,1.16163,1.16193,-3.0,-0.00012000000000012001,1
2025-06-25 19:00:00,1.16193,1.16353,1.16191,1.16305,-3.0,0.0011200000000000099,1
2025-06-25 20:00:00,1.16306,1.16439,1.16265,1.1642000000000001,80.0,0.0011500000000002064,1
2025-06-25 21:00:00,1.1642000000000001,1.16607,1.16414,1.16605,-11.0,0.0018499999999999073,1
2025-06-25 22:00:00,1.16607,1.16646,1.16559,1.16576,-2.0,-0.0002900000000001235,1
2025-06-25 23:00:00,1.16578,1.16604,1.1650800000000001,1.16578,24.0,2.0000000000131024e-05,1
2025-06-26 00:00:00,1.1655,1.16563,1.16514,1.1655,-1.0,-0.000280000000000058,1
2025-06-26 01:00:00,1.1655,1.166,1.1655,1.16589,-45.0,0.0003900000000001125,1
2025-06-26 02:00:00,1.16589,1.16842,1.16589,1.16828,-96.0,0.002389999999999892,1
2025-06-26 03:00:00,1.1683,1.1688399999999999,1.16797,1.16818,-10.0,-9.999999999998899e-05,1
2025-06-26 04:00:00,1.16819,1.16873,1.16671,1.16858,20.0,0.00039999999999995595,1
2025-06-26 05:00:00,1.16858,1.1694499999999999,1.16819,1.16899,-46.0,0.00041000000000002146,1
2025-06-26 06:00:00,1.169,1.17168,1.16881,1.16941,-83.0,0.00042000000000008697,1
2025-06-26 07:00:00,1.16941,1.16943,1.16782,1.16794,-60.0,-0.0014700000000000824,1
2025-06-26 08:00:00,1.16792,1.16852,1.16751,1.1684700000000001,8.0,0.0005300000000001415,1
2025-06-26 09:00:00,1.1684700000000001,1.16998,1.16712,1.16988,-63.0,0.0014099999999999113,1
2025-06-26 10:00:00,1.16987,1.1712799999999999,1.16909,1.17097,149.0,0.0010900000000000354,1
2025-06-26 11:00:00,1.17099,1.17444,1.17062,1.17272,-113.0,0.0017499999999999183,1
2025-06-26 12:00:00,1.17269,1.17282,1.17121,1.1724700000000001,85.0,-0.00024999999999986144,1
2025-06-26 13:00:00,1.1724700000000001,1.17304,1.1713,1.17143,-60.0,-0.001040000000000152,1
2025-06-26 14:00:00,1.17144,1.1715,1.16934,1.16942,-26.0,-0.0020100000000000673,1
2025-06-26 15:00:00,1.16942,1.17121,1.16894,1.17062,-3.0,0.0012000000000000899,1
2025-06-26 16:00:00,1.17068,1.17204,1.1694,1.17165,-25.0,0.0010300000000000864,1
2025-06-26 17:00:00,1.17164,1.17185,1.17056,1.17078,-85.0,-0.0008600000000000829,1
2025-06-26 18:00:00,1.17079,1.17169,1.169,1.17163,-29.0,0.0008500000000000174,1
2025-06-26 19:00:00,1.17163,1.17397,1.17102,1.17289,-34.0,0.0012700000000001044,1
2025-06-26 20:00:00,1.17289,1.17315,1.17202,1.17243,18.0,-0.00046999999999997044,1
2025-06-26 21:00:00,1.17242,1.17281,1.17175,1.172,111.0,-0.0004300000000001525,1
2025-06-26 22:00:00,1.172,1.17202,1.17036,1.17039,16.0,-0.0016099999999998893,1
2025-06-26 23:00:00,1.17039,1.17081,1.1693500000000001,1.16992,-2.0,-0.00046999999999997044,1
2025-06-27 00:00:00,1.16936,1.16991,1.16869,1.16949,-76.0,-0.0004300000000001525,1
2025-06-27 01:00:00,1.16949,1.1697899999999999,1.168,1.16825,11.0,-0.0012399999999999078,1
2025-06-27 02:00:00,1.16826,1.16976,1.16826,1.16924,48.0,0.0009900000000000464,1
2025-06-27 03:00:00,1.16928,1.16975,1.16877,1.16914,22.0,-9.999999999998899e-05,1
2025-06-27 04:00:00,1.16912,1.17036,1.16856,1.17008,61.0,0.0009399999999999409,1
2025-06-27 05:00:00,1.17009,1.1705,1.16855,1.16993,53.0,-0.0001500000000000945,1
2025-06-27 06:00:00,1.16993,1.1709,1.1695,1.16953,-58.0,-0.00039999999999995595,1
2025-06-27 07:00:00,1.16954,1.16976,1.16848,1.16849,-21.0,-0.0010399999999999299,1
2025-06-27 08:00:00,1.16855,1.1693,1.16843,1.16885,21.0,0.00035999999999991594,1
2025-06-27 09:00:00,1.16885,1.17184,1.16828,1.17183,-51.0,0.0029799999999999827,1
2025-06-27 10:00:00,1.17183,1.17264,1.17066,1.17141,118.0,-0.0004199999999998649,1
2025-06-27 11:00:00,1.17143,1.17256,1.17081,1.17088,-19.0,-0.0005300000000001415,1
2025-06-27 12:00:00,1.1709,1.17106,1.1701,1.17088,18.0,0.0,1
2025-06-27 13:00:00,1.17088,1.1715,1.17008,1.17133,26.0,0.00045000000000006146,1
2025-06-27 14:00:00,1.17135,1.17198,1.17102,1.17136,-28.0,2.999999999997449e-05,1
2025-06-27 15:00:00,1.17136,1.17489,1.17025,1.17464,151.0,0.0032799999999999496,1
2025-06-27 16:00:00,1.17464,1.17532,1.1715200000000001,1.17273,-44.0,-0.0019099999999998563,1
2025-06-27 17:00:00,1.1727,1.17377,1.17051,1.1718,33.0,-0.0009300000000000974,1
2025-06-27 18:00:00,1.1718,1.17296,1.17109,1.17231,30.0,0.0005399999999999849,1
2025-06-27 19:00:00,1.1723,1.17319,1.1717,1.17218,158.0,-0.00012999999999996348,1
2025-06-27 20:00:00,1.17218,1.17234,1.1695,1.17015,163.0,-0.0020299999999999763,1
2025-06-27 21:00:00,1.17014,1.17052,1.1687400000000001,1.16989,82.0,-0.00025999999999992696,1
2025-06-27 22:00:00,1.16988,1.17084,1.16983,1.17061,-16.0,0.0007199999999998319,1
2025-06-27 23:00:00,1.17061,1.17201,1.17055,1.17148,6.0,0.0008700000000001484,1
2025-06-30 00:00:00,1.1728,1.17302,1.17185,1.17298,-4.0,0.00017999999999984695,1
2025-06-30 01:00:00,1.17296,1.17324,1.1721300000000001,1.17296,-35.0,-1.999999999990898e-05,1
2025-06-30 02:00:00,1.17301,1.17381,1.17257,1.17263,-31.0,-0.00032999999999994145,1
2025-06-30 03:00:00,1.17263,1.17279,1.17154,1.17174,-11.0,-0.0008900000000000574,1
2025-06-30 04:00:00,1.17174,1.17342,1.17147,1.17197,-26.0,0.00022999999999995246,1
2025-06-30 05:00:00,1.17197,1.17309,1.17176,1.1718600000000001,-43.0,-0.00010999999999983245,1
2025-06-30 06:00:00,1.17184,1.17214,1.17112,1.17117,-56.0,-0.0006900000000000794,1
2025-06-30 07:00:00,1.17117,1.17314,1.17115,1.17299,39.0,0.0018199999999999328,1
2025-06-30 08:00:00,1.17299,1.17378,1.17228,1.17257,-34.0,-0.00042000000000008697,1
2025-06-30 09:00:00,1.17258,1.1750099999999999,1.17203,1.17427,-96.0,0.0017000000000000348,1
2025-06-30 10:00:00,1.17427,1.17428,1.17243,1.17243,5.0,-0.0018399999999998418,1
2025-06-30 11:00:00,1.17225,1.17299,1.17131,1.17289,71.0,0.00046999999999997044,1
2025-06-30 12:00:00,1.17286,1.17325,1.17168,1.1719,30.0,-0.0009799999999999809,1
2025-06-30 13:00:00,1.1719,1.17243,1.1716,1.17241,-46.0,0.0004899999999998794,1
2025-06-30 14:00:00,1.17241,1.17311,1.17222,1.17222,1.0,-0.000180000000000069,1
2025-06-30 15:00:00,1.17227,1.17248,1.17073,1.1712799999999999,-63.0,-0.0009500000000000064,1
2025-06-30 16:00:00,1.1712799999999999,1.17209,1.17115,1.17207,-66.0,0.0007900000000000684,1
2025-06-30 17:00:00,1.17207,1.17503,1.17102,1.17381,-49.0,0.0017400000000000748,1
2025-06-30 18:00:00,1.1738,1.17712,1.1733,1.17693,-63.0,0.0031200000000000117,1
2025-06-30 19:00:00,1.1769,1.17696,1.17484,1.1762,143.0,-0.0007300000000001194,1
2025-06-30 20:00:00,1.17621,1.177,1.176,1.17654,-13.0,0.00034000000000000696,1
2025-06-30 21:00:00,1.17654,1.17792,1.17643,1.17752,55.0,0.0009799999999999809,1
2025-06-30 22:00:00,1.17752,1.17801,1.17718,1.17792,42.0,0.000400000000000178,1
2025-06-30 23:00:00,1.17792,1.17881,1.17769,1.17862,105.0,0.0006999999999999229,1
2025-07-01 00:00:00,1.17849,1.17849,1.1772,1.17793,53.0,-0.0006900000000000794,1
2025-07-01 01:00:00,1.17795,1.17903,1.17783,1.17852,-17.0,0.0005900000000000905,1
2025-07-01 02:00:00,1.17852,1.17871,1.17828,1.17858,-70.0,5.999999999994898e-05,1
2025-07-01 03:00:00,1.17858,1.17973,1.17858,1.17969,-32.0,0.0011099999999999444,1
2025-07-01 04:00:00,1.17969,1.18072,1.17791,1.17799,-84.0,-0.0016999999999998128,1
2025-07-01 05:00:00,1.17798,1.1789,1.17775,1.17876,21.0,0.0007699999999999374,1
2025-07-01 06:00:00,1.17876,1.17934,1.17862,1.17888,-56.0,0.00011999999999989797,1
2025-07-01 07:00:00,1.17889,1.17933,1.17825,1.17858,10.0,-0.00029999999999996696,1
2025-07-01 08:00:00,1.17858,1.1789100000000001,1.17797,1.17861,59.0,2.999999999997449e-05,1
2025-07-01 09:00:00,1.1786,1.17863,1.17755,1.17786,-77.0,-0.0007599999999998719,1
2025-07-01 10:00:00,1.17787,1.17873,1.17669,1.17854,18.0,0.0006899999999998574,1
2025-07-01 11:00:00,1.17834,1.18168,1.17741,1.18039,-110.0,0.0018500000000001293,1
2025-07-01 12:00:00,1.18037,1.18293,1.17964,1.18132,-31.0,0.0009299999999998754,1
2025-07-01 13:00:00,1.18136,1.18227,1.18104,1.18109,-29.0,-0.00022999999999995246,1
2025-07-01 14:00:00,1.18109,1.18189,1.18053,1.1813500000000001,3.0,0.000260000000000149,1
2025-07-01 15:00:00,1.18133,1.18169,1.18018,1.18033,59.0,-0.0010200000000000209,1
2025-07-01 16:00:00,1.18032,1.18114,1.1792799999999999,1.18012,113.0,-0.00021000000000004349,1
2025-07-01 17:00:00,1.18014,1.18017,1.17748,1.17793,-26.0,-0.0021999999999999797,1
2025-07-01 18:00:00,1.17792,1.17792,1.17685,1.17753,96.0,-0.00041000000000002146,1
2025-07-01 19:00:00,1.17753,1.17754,1.17608,1.17649,97.0,-0.0010399999999999299,1
2025-07-01 20:00:00,1.1764999999999999,1.17831,1.17649,1.17823,-144.0,0.0017400000000000748,1
2025-07-01 21:00:00,1.17823,1.1783,1.17746,1.17803,-104.0,-0.00020000000000020002,1
2025-07-01 22:00:00,1.17802,1.17906,1.17788,1.17904,-32.0,0.0010100000000001774,1
2025-07-01 23:00:00,1.17904,1.18063,1.17902,1.18052,-54.0,0.0014799999999999258,1
2025-07-02 00:00:00,1.18014,1.18034,1.17956,1.1803,1.0,-0.000220000000000109,1
2025-07-02 01:00:00,1.18027,1.18057,1.18014,1.1802,2.0,-9.999999999998899e-05,1
2025-07-02 02:00:00,1.18022,1.18063,1.17984,1.18047,23.0,0.00026999999999999247,1
2025-07-02 03:00:00,1.18045,1.18076,1.17987,1.1807,67.0,0.00024000000000001798,1
2025-07-02 04:00:00,1.18071,1.18096,1.17917,1.17932,-66.0,-0.0013900000000000023,1
2025-07-02 05:00:00,1.17932,1.1801300000000001,1.17878,1.17997,98.0,0.0006500000000000394,1
2025-07-02 06:00:00,1.17999,1.18025,1.17957,1.17998,-4.0,1.0000000000065512e-05,1
2025-07-02 07:00:00,1.18,1.18007,1.1795200000000001,1.17958,14.0,-0.00039999999999995595,1
2025-07-02 08:00:00,1.17957,1.17977,1.17842,1.17868,25.0,-0.0009000000000001229,1
2025-07-02 09:00:00,1.1787,1.1793,1.1773,1.1781,164.0,-0.0005800000000000249,1
2025-07-02 10:00:00,1.1781,1.1783,1.17709,1.1773500000000001,136.0,-0.0007499999999998064,1
2025-07-02 11:00:00,1.1773500000000001,1.17809,1.17695,1.17749,151.0,0.00013999999999980695,1
2025-07-02 12:00:00,1.1775,1.1777199999999999,1.17667,1.17697,94.0,-0.0005199999999998539,1
2025-07-02 13:00:00,1.17697,1.17803,1.17643,1.17671,116.0,-0.000260000000000149,1
2025-07-02 14:00:00,1.17671,1.17707,1.17463,1.17493,95.0,-0.0017799999999998928,1
2025-07-02 15:00:00,1.17493,1.17878,1.1746699999999999,1.17561,34.0,0.0006800000000000139,1
2025-07-02 16:00:00,1.17559,1.17771,1.17543,1.17593,78.0,0.00031999999999987594,1
2025-07-02 17:00:00,1.17593,1.17702,1.17503,1.17669,193.0,0.0007600000000000939,1
2025-07-02 18:00:00,1.17666,1.17893,1.17655,1.17888,102.0,0.0021899999999999142,1
2025-07-02 19:00:00,1.17888,1.17932,1.17851,1.17879,31.0,-8.999999999992347e-05,1
2025-07-02 20:00:00,1.17879,1.17996,1.17878,1.1795,-13.0,0.0007099999999999884,1
2025-07-02 21:00:00,1.17948,1.17995,1.17929,1.1799,46.0,0.00039999999999995595,1
2025-07-02 22:00:00,1.17991,1.18028,1.1795,1.1802,33.0,0.00032999999999994145,1
2025-07-02 23:00:00,1.1802,1.1802,1.17929,1.17968,19.0,-0.0005499999999998284,1
2025-07-03 00:00:00,1.1797,1.17987,1.17864,1.1795,-35.0,-0.000180000000000069,1
2025-07-03 01:00:00,1.1795,1.17996,1.17932,1.17977,-16.0,0.00026999999999999247,1
2025-07-03 02:00:00,1.1798,1.1801599999999999,1.17967,1.17981,-34.0,4.0000000000040004e-05,1
2025-07-03 03:00:00,1.17982,1.1801300000000001,1.17975,1.17992,1.0,0.0001100000000000545,1
2025-07-03 12:00:00,1.17913,1.1794,1.1788,1.17919,23.0,-0.0005599999999998939,1
2025-07-03 13:00:00,1.1791800000000001,1.17995,1.17864,1.1792799999999999,-47.0,9.999999999976694e-05,1
2025-07-03 14:00:00,1.17927,1.17963,1.17826,1.17844,-48.0,-0.0008399999999999519,1
2025-07-03 15:00:00,1.17844,1.17893,1.17168,1.17379,-71.0,-0.004650000000000043,1
2025-07-03 16:00:00,1.17377,1.17789,1.17334,1.17727,-48.0,0.0034800000000001496,1
2025-07-03 17:00:00,1.17729,1.1789100000000001,1.17506,1.1752799999999999,-157.0,-0.0020100000000000673,1
2025-07-03 18:00:00,1.17526,1.17657,1.17488,1.17563,-63.0,0.0003500000000000725,1
2025-07-03 19:00:00,1.17566,1.17574,1.17394,1.17519,31.0,-0.00043999999999999595,1
2025-07-03 20:00:00,1.17517,1.17576,1.17499,1.17534,-26.0,0.0001500000000000945,1
2025-07-03 21:00:00,1.17534,1.17559,1.17474,1.17483,-33.0,-0.0005100000000000104,1
2025-07-03 22:00:00,1.17482,1.17519,1.17438,1.17471,-18.0,-0.00012000000000012001,1
2025-07-03 23:00:00,1.17471,1.1759,1.17458,1.17549,15.0,0.0007800000000000029,1
2025-07-04 00:00:00,1.17553,1.1758,1.17503,1.17563,42.0,0.000140000000000029,1
2025-07-04 01:00:00,1.17566,1.1759,1.17531,1.1758899999999999,-7.0,0.00025999999999992696,1
2025-07-04 02:00:00,1.1758899999999999,1.1771,1.17554,1.17686,-50.0,0.0009700000000001374,1
2025-07-04 03:00:00,1.17687,1.17704,1.1763,1.17664,61.0,-0.000220000000000109,1
2025-07-04 04:00:00,1.17666,1.17673,1.17641,1.17653,-3.0,-0.00010999999999983245,1
2025-07-04 10:00:00,1.1775,1.1777,1.1767,1.17693,32.0,0.00039999999999995595,1
2025-07-04 11:00:00,1.17693,1.17771,1.17677,1.1774,24.0,0.00046999999999997044,1
2025-07-04 12:00:00,1.17736,1.17816,1.17714,1.17779,72.0,0.00038999999999989043,1
2025-07-04 13:00:00,1.17777,1.17803,1.1774499999999999,1.17773,35.0,-5.999999999994898e-05,1
2025-07-04 14:00:00,1.17774,1.17815,1.17679,1.1768399999999999,35.0,-0.0008900000000000574,1
2025-07-04 15:00:00,1.17686,1.17713,1.17634,1.17661,13.0,-0.00022999999999995246,1
2025-07-04 16:00:00,1.17661,1.17803,1.17658,1.1779,53.0,0.0012900000000000134,1
2025-07-04 17:00:00,1.17791,1.17869,1.17747,1.1778,-11.0,-0.0001100000000000545,1
2025-07-04 18:00:00,1.17777,1.1784,1.17754,1.17782,-82.0,2.0000000000131024e-05,1
2025-07-04 19:00:00,1.17782,1.17811,1.17732,1.1774,-13.0,-0.00042000000000008697,1
2025-07-04 20:00:00,1.1774,1.1777,1.17716,1.1775,8.0,9.999999999998899e-05,1
2025-07-04 21:00:00,1.1775,1.17788,1.17736,1.17784,38.0,0.00034000000000000696,1
2025-07-04 22:00:00,1.17784,1.17793,1.17722,1.17746,-43.0,-0.00038000000000004697,1
2025-07-04 23:00:00,1.17738,1.17822,1.17659,1.17663,-73.0,-0.0008299999999998864,1
2025-07-07 00:00:00,1.17804,1.17822,1.17742,1.1778,-11.0,-0.00024000000000001798,1
2025-07-07 01:00:00,1.17804,1.17814,1.17728,1.17794,30.0,0.000140000000000029,1
2025-07-07 02:00:00,1.17802,1.17817,1.17747,1.17797,-4.0,2.999999999997449e-05,1
2025-07-07 03:00:00,1.17798,1.17897,1.17783,1.17794,-11.0,-2.999999999997449e-05,1
2025-07-07 04:00:00,1.17793,1.17801,1.17695,1.17714,55.0,-0.0007999999999999119,1
2025-07-07 05:00:00,1.17714,1.17748,1.17643,1.17669,35.0,-0.00045000000000006146,1
2025-07-07 06:00:00,1.1767,1.17738,1.17659,1.17686,1.0,0.00017000000000000348,1
2025-07-07 07:00:00,1.17686,1.17719,1.17635,1.17654,20.0,-0.000320000000000098,1
2025-07-07 08:00:00,1.17655,1.17733,1.17631,1.17709,22.0,0.0005699999999999594,1
2025-07-07 09:00:00,1.17707,1.17729,1.17496,1.17553,37.0,-0.0015799999999999148,1
2025-07-07 10:00:00,1.17555,1.1758,1.17448,1.17451,109.0,-0.0010099999999999554,1
2025-07-07 11:00:00,1.1745,1.17468,1.1723,1.17238,-29.0,-0.0021400000000000308,1
2025-07-07 12:00:00,1.17238,1.17341,1.17216,1.17334,13.0,0.0009700000000001374,1
2025-07-07 13:00:00,1.17334,1.17355,1.17226,1.17271,-28.0,-0.000640000000000196,1
2025-07-07 14:00:00,1.17271,1.17336,1.17246,1.17291,-80.0,0.00019999999999997797,1
2025-07-07 15:00:00,1.1729,1.17306,1.17175,1.1722,-126.0,-0.0007099999999999884,1
2025-07-07 16:00:00,1.17217,1.17404,1.17215,1.17346,53.0,0.0012600000000000389,1
2025-07-07 17:00:00,1.17346,1.17449,1.17324,1.17382,11.0,0.00036999999999998145,1
2025-07-07 18:00:00,1.17384,1.17399,1.17298,1.17323,66.0,-0.0005999999999999339,1
2025-07-07 19:00:00,1.17326,1.1739,1.16868,1.16938,132.0,-0.0038799999999998835,1
2025-07-07 20:00:00,1.1694,1.17133,1.16863,1.17063,22.0,0.0012799999999999478,1
2025-07-07 21:00:00,1.17062,1.17192,1.16996,1.17183,107.0,0.0011999999999998678,1
2025-07-07 22:00:00,1.17182,1.17232,1.17157,1.1718899999999999,-81.0,5.999999999994898e-05,1
2025-07-07 23:00:00,1.1718899999999999,1.17207,1.17053,1.1706699999999999,6.0,-0.0012199999999999989,1
2025-07-08 00:00:00,1.17047,1.17086,1.17047,1.17075,-20.0,8.000000000008001e-05,1
2025-07-08 01:00:00,1.17075,1.1737,1.17074,1.17349,39.0,0.0027399999999999647,1
2025-07-08 02:00:00,1.17349,1.17383,1.17311,1.17361,-29.0,0.00012000000000012001,1
2025-07-08 03:00:00,1.17361,1.17472,1.17361,1.1743000000000001,-30.0,0.0006900000000000794,1
2025-07-08 04:00:00,1.17429,1.1743999999999999,1.17304,1.17377,-36.0,-0.0005300000000001415,1
2025-07-08 05:00:00,1.17377,1.17481,1.17356,1.17379,-27.0,1.999999999990898e-05,1
2025-07-08 06:00:00,1.17379,1.17481,1.17366,1.17463,-23.0,0.0008400000000001739,1
2025-07-08 07:00:00,1.17463,1.17493,1.17401,1.1741,-2.0,-0.0005300000000001415,1
2025-07-08 08:00:00,1.17409,1.17442,1.17332,1.17342,-89.0,-0.0006800000000000139,1
2025-07-08 09:00:00,1.17343,1.17443,1.17312,1.17412,-28.0,0.0007099999999999884,1
2025-07-08 10:00:00,1.17411,1.17646,1.17411,1.17596,-59.0,0.0018200000000001548,1
2025-07-08 11:00:00,1.17595,1.17598,1.17472,1.17484,-19.0,-0.0011099999999999444,1
2025-07-08 12:00:00,1.17483,1.175,1.17385,1.17415,102.0,-0.0006900000000000794,1
2025-07-08 13:00:00,1.17415,1.17417,1.17228,1.17277,-23.0,-0.0014099999999999113,1
2025-07-08 14:00:00,1.17276,1.1738,1.17209,1.17212,-6.0,-0.0006099999999999994,1
2025-07-08 15:00:00,1.17212,1.1724,1.17134,1.17205,61.0,-8.000000000008001e-05,1
2025-07-08 16:00:00,1.17205,1.17217,1.16933,1.17046,-56.0,-0.0015899999999999803,1
2025-07-08 17:00:00,1.17045,1.1706,1.16821,1.16916,44.0,-0.0012900000000000134,1
2025-07-08 18:00:00,1.1692,1.1712,1.16893,1.17062,21.0,0.0014400000000001079,1
2025-07-08 19:00:00,1.17061,1.17127,1.16959,1.17082,36.0,0.00021999999999988695,1
2025-07-08 20:00:00,1.17081,1.17253,1.17071,1.17237,56.0,0.0015499999999999403,1
2025-07-08 21:00:00,1.17239,1.17281,1.17177,1.17248,-4.0,0.0001100000000000545,1
2025-07-08 22:00:00,1.17258,1.17291,1.1719,1.1724,42.0,-9.999999999998899e-05,1
2025-07-08 23:00:00,1.17231,1.1728399999999999,1.17221,1.17238,40.0,0.0,1
2025-07-09 00:00:00,1.17227,1.17227,1.17146,1.1718,-73.0,-0.0005800000000000249,1
2025-07-09 01:00:00,1.1718,1.17288,1.1718,1.17283,21.0,0.0010300000000000864,1
2025-07-09 02:00:00,1.17287,1.17287,1.17214,1.17229,18.0,-0.0005399999999999849,1
2025-07-09 03:00:00,1.1723,1.17254,1.17173,1.1724,60.0,0.0001100000000000545,1
2025-07-09 04:00:00,1.1724,1.17253,1.17164,1.17199,83.0,-0.000400000000000178,1
2025-07-09 05:00:00,1.17199,1.17248,1.17045,1.17108,42.0,-0.0009500000000000064,1
2025-07-09 06:00:00,1.17108,1.17111,1.17025,1.17034,44.0,-0.0007099999999999884,1
2025-07-09 07:00:00,1.17033,1.17131,1.1701,1.1712,78.0,0.0008600000000000829,1
2025-07-09 08:00:00,1.1712,1.17208,1.17104,1.17161,-22.0,0.00041000000000002146,1
2025-07-09 09:00:00,1.17163,1.17279,1.17117,1.17253,-7.0,0.0009200000000000319,1
2025-07-09 10:00:00,1.17254,1.17279,1.17039,1.17071,-33.0,-0.0018200000000001548,1
2025-07-09 11:00:00,1.17069,1.17196,1.17019,1.1712799999999999,38.0,0.0005699999999999594,1
2025-07-09 12:00:00,1.1712799999999999,1.17193,1.17069,1.1713,-23.0,2.0000000000131024e-05,1
2025-07-09 13:00:00,1.17129,1.17171,1.17013,1.17016,21.0,-0.0011399999999999189,1
2025-07-09 14:00:00,1.17015,1.1706,1.16891,1.16905,10.0,-0.0011100000000001664,1
2025-07-09 15:00:00,1.16907,1.17164,1.16907,1.17148,103.0,0.0024300000000001543,1
2025-07-09 16:00:00,1.17148,1.1722,1.17,1.17028,-15.0,-0.0012000000000000899,1
2025-07-09 17:00:00,1.17028,1.17243,1.17024,1.17144,7.0,0.0011600000000000499,1
2025-07-09 18:00:00,1.17143,1.17158,1.17045,1.17056,11.0,-0.0008799999999999919,1
2025-07-09 19:00:00,1.17056,1.17086,1.17002,1.17046,63.0,-9.999999999998899e-05,1
2025-07-09 20:00:00,1.17041,1.17104,1.17034,1.17082,29.0,0.00039999999999995595,1
2025-07-09 21:00:00,1.17087,1.17173,1.17047,1.17127,17.0,0.00041000000000002146,1
2025-07-09 22:00:00,1.17132,1.17228,1.17123,1.17184,26.0,0.0005699999999999594,1
2025-07-09 23:00:00,1.17184,1.17232,1.17112,1.1717,39.0,-0.000140000000000029,1
2025-07-10 00:00:00,1.17157,1.17215,1.17071,1.1721,67.0,0.00039999999999995595,1
2025-07-10 01:00:00,1.17212,1.1724700000000001,1.17212,1.17238,-13.0,0.000280000000000058,1
2025-07-10 02:00:00,1.1724,1.1739,1.1722299999999999,1.17374,-16.0,0.0013600000000000279,1
2025-07-10 03:00:00,1.17374,1.1749100000000001,1.17351,1.17433,-97.0,0.0005900000000000905,1
2025-07-10 04:00:00,1.17433,1.17439,1.17374,1.17402,-50.0,-0.00031000000000003247,1
2025-07-10 05:00:00,1.17402,1.1743999999999999,1.1736900000000001,1.17386,-59.0,-0.00016000000000016001,1
2025-07-10 06:00:00,1.17385,1.17394,1.17334,1.17336,-9.0,-0.0004999999999999449,1
2025-07-10 07:00:00,1.17333,1.17353,1.17299,1.17344,8.0,8.000000000008001e-05,1
2025-07-10 08:00:00,1.17344,1.17404,1.17342,1.17385,-30.0,0.00041000000000002146,1
2025-07-10 09:00:00,1.17385,1.17428,1.1729,1.17323,-46.0,-0.0006200000000000649,1
2025-07-10 10:00:00,1.17322,1.17374,1.17257,1.17326,35.0,2.999999999997449e-05,1
2025-07-10 11:00:00,1.17326,1.17337,1.17255,1.17272,-39.0,-0.0005399999999999849,1
2025-07-10 12:00:00,1.17271,1.17338,1.17271,1.17304,-9.0,0.000280000000000058,1
2025-07-10 13:00:00,1.17305,1.1733500000000001,1.17271,1.17278,-45.0,-0.000220000000000109,1
2025-07-10 14:00:00,1.17278,1.17289,1.17075,1.1711,-87.0,-0.0016799999999999038,1
2025-07-10 15:00:00,1.17115,1.17134,1.17014,1.1706,-12.0,-0.0004999999999999449,1
2025-07-10 16:00:00,1.17057,1.17141,1.1686,1.16921,-26.0,-0.0013900000000000023,1
2025-07-10 17:00:00,1.16921,1.16932,1.16621,1.16794,3.0,-0.0012700000000001044,1
2025-07-10 18:00:00,1.16794,1.1688,1.16736,1.16868,-101.0,0.0007500000000000284,1
2025-07-10 19:00:00,1.16869,1.16899,1.16818,1.16848,1.0,-0.00021000000000004349,1
2025-07-10 20:00:00,1.16849,1.1690800000000001,1.16811,1.16887,-40.0,0.0003900000000001125,1
2025-07-10 21:00:00,1.16885,1.16943,1.16873,1.16917,-1.0,0.00029999999999996696,1
2025-07-10 22:00:00,1.1691799999999999,1.16985,1.16894,1.16951,22.0,0.00034000000000000696,1
2025-07-10 23:00:00,1.1695,1.1700599999999999,1.1694,1.16994,-23.0,0.00042999999999993044,1
2025-07-11 00:00:00,1.16981,1.17036,1.1693500000000001,1.1703000000000001,29.0,0.000360000000000138,1
2025-07-11 01:00:00,1.17028,1.1706699999999999,1.17017,1.17052,2.0,0.00021999999999988695,1
2025-07-11 02:00:00,1.17052,1.17055,1.16993,1.17013,-40.0,-0.0003900000000001125,1
2025-07-11 03:00:00,1.17014,1.17042,1.16642,1.16742,36.0,-0.002689999999999859,1
2025-07-11 04:00:00,1.16741,1.16853,1.16683,1.16748,-31.0,4.0000000000040004e-05,1
2025-07-11 05:00:00,1.16748,1.16776,1.16703,1.16706,-41.0,-0.00042000000000008697,1
2025-07-11 06:00:00,1.16707,1.16839,1.16695,1.16812,-11.0,0.001060000000000061,1
2025-07-11 07:00:00,1.16811,1.1682299999999999,1.16688,1.16758,40.0,-0.0005399999999999849,1
2025-07-11 08:00:00,1.16758,1.16835,1.16746,1.16775,-73.0,0.00017000000000000348,1
2025-07-11 09:00:00,1.16775,1.16843,1.167,1.16743,-3.0,-0.000320000000000098,1
2025-07-11 10:00:00,1.16754,1.16954,1.16754,1.1688399999999999,86.0,0.0014099999999999113,1
2025-07-11 11:00:00,1.16885,1.1691799999999999,1.16792,1.16815,126.0,-0.0006899999999998574,1
2025-07-11 12:00:00,1.16815,1.16949,1.16808,1.1694499999999999,164.0,0.0012999999999998568,1
2025-07-11 13:00:00,1.1694499999999999,1.16962,1.16871,1.1692,95.0,-0.00024999999999986144,1
2025-07-11 14:00:00,1.16922,1.17005,1.16858,1.16873,64.0,-0.00046999999999997044,1
2025-07-11 15:00:00,1.16873,1.16995,1.1682,1.1688,137.0,7.00000000000145e-05,1
2025-07-11 16:00:00,1.16881,1.17136,1.16862,1.16882,-12.0,1.999999999990898e-05,1
2025-07-11 17:00:00,1.16881,1.16939,1.16736,1.16916,94.0,0.00036999999999998145,1
2025-07-11 18:00:00,1.16914,1.17037,1.16888,1.16956,6.0,0.00038000000000004697,1
2025-07-11 19:00:00,1.16956,1.16974,1.16883,1.16909,250.0,-0.00046999999999997044,1
2025-07-11 20:00:00,1.1691,1.16943,1.1686,1.16928,155.0,0.0001900000000001345,1
2025-07-11 21:00:00,1.16928,1.16953,1.16877,1.16879,77.0,-0.0004900000000001015,1
2025-07-11 22:00:00,1.16885,1.16915,1.16852,1.16875,-1.0,-4.0000000000040004e-05,1
2025-07-11 23:00:00,1.16875,1.1693500000000001,1.16783,1.16882,-70.0,7.00000000000145e-05,1
2025-07-14 00:00:00,1.1659,1.16738,1.1659,1.16682,-51.0,0.0009200000000000319,1
2025-07-14 01:00:00,1.16681,1.16844,1.16627,1.16641,14.0,-0.00041000000000002146,1
2025-07-14 02:00:00,1.16641,1.1682299999999999,1.16629,1.16821,1.0,0.0018000000000000238,1
2025-07-14 03:00:00,1.16821,1.16936,1.1681300000000001,1.16929,1.0,0.0010799999999999699,1
2025-07-14 04:00:00,1.16929,1.16973,1.16837,1.16841,-13.0,-0.0008799999999999919,1
2025-07-14 05:00:00,1.1684,1.16897,1.16723,1.16738,42.0,-0.0010299999999998644,1
2025-07-14 06:00:00,1.1674,1.16845,1.16728,1.16806,41.0,0.0006800000000000139,1
2025-07-14 07:00:00,1.16805,1.16814,1.16743,1.16743,-52.0,-0.0006300000000001305,1
2025-07-14 08:00:00,1.16743,1.1678,1.16644,1.1669,21.0,-0.0005299999999999194,1
2025-07-14 09:00:00,1.1669100000000001,1.16697,1.16538,1.16631,63.0,-0.0005900000000000905,1
2025-07-14 10:00:00,1.16634,1.1687,1.16624,1.16852,-30.0,0.0022100000000000453,1
2025-07-14 11:00:00,1.16852,1.16883,1.1679599999999999,1.1682,-59.0,-0.000320000000000098,1
2025-07-14 12:00:00,1.1682,1.16914,1.1679,1.1690800000000001,-7.0,0.0008800000000002139,1
2025-07-14 13:00:00,1.16907,1.1694499999999999,1.16876,1.16943,-20.0,0.00034999999999985043,1
2025-07-14 14:00:00,1.16943,1.16966,1.16859,1.16882,-97.0,-0.0006099999999999994,1
2025-07-14 15:00:00,1.1688,1.16913,1.16795,1.16851,-51.0,-0.00031000000000003247,1
2025-07-14 16:00:00,1.16849,1.1686,1.16741,1.16815,-140.0,-0.00035999999999991594,1
2025-07-14 17:00:00,1.16815,1.16937,1.1678,1.16828,-64.0,0.00014999999999987246,1
2025-07-14 18:00:00,1.16828,1.16956,1.16666,1.16706,28.0,-0.0012399999999999078,1
2025-07-14 19:00:00,1.16706,1.1675,1.16596,1.16619,-60.0,-0.0008799999999999919,1
2025-07-14 20:00:00,1.16619,1.16663,1.16586,1.16621,-28.0,2.999999999997449e-05,1
2025-07-14 21:00:00,1.16622,1.16724,1.16622,1.16697,87.0,0.0007600000000000939,1
2025-07-14 22:00:00,1.16697,1.16713,1.16642,1.16676,17.0,-0.00021000000000004349,1
2025-07-14 23:00:00,1.16676,1.16686,1.16618,1.16636,-21.0,-0.00045999999999990493,1
2025-07-15 00:00:00,1.16627,1.16652,1.16596,1.16633,-7.0,2.999999999997449e-05,1
2025-07-15 01:00:00,1.16633,1.16672,1.16633,1.1666,18.0,0.00026999999999999247,1
2025-07-15 02:00:00,1.1666,1.1666400000000001,1.16601,1.16648,-8.0,-0.00012000000000012001,1
2025-07-15 03:00:00,1.1665,1.16768,1.16643,1.16718,-80.0,0.000700000000000145,1
2025-07-15 04:00:00,1.16718,1.16741,1.16655,1.16685,-17.0,-0.0003300000000001635,1
2025-07-15 05:00:00,1.1669,1.16744,1.16649,1.1674,29.0,0.0005500000000000504,1
2025-07-15 06:00:00,1.1674,1.16771,1.16726,1.16754,6.0,0.000140000000000029,1
2025-07-15 07:00:00,1.16755,1.1679599999999999,1.16734,1.16754,-1.0,0.0,1
2025-07-15 08:00:00,1.16754,1.1685699999999999,1.16751,1.16852,20.0,0.0009699999999999154,1
2025-07-15 09:00:00,1.16851,1.16875,1.16748,1.16778,-38.0,-0.0007299999999998974,1
2025-07-15 10:00:00,1.16778,1.16921,1.16708,1.169,-136.0,0.0011900000000000244,1
2025-07-15 11:00:00,1.16899,1.16907,1.1681300000000001,1.16863,-118.0,-0.00034000000000000696,1
2025-07-15 12:00:00,1.16864,1.16906,1.16808,1.16845,-130.0,-0.000180000000000069,1
2025-07-15 13:00:00,1.16845,1.16869,1.16757,1.16832,-115.0,-0.00012999999999996348,1
2025-07-15 14:00:00,1.16832,1.16841,1.16672,1.1669100000000001,-8.0,-0.0014099999999999113,1
2025-07-15 15:00:00,1.1669100000000001,1.16905,1.16618,1.16776,-72.0,0.0008499999999997954,1
2025-07-15 16:00:00,1.16775,1.1678600000000001,1.16389,1.16426,-126.0,-0.0034999999999998366,1
2025-07-15 17:00:00,1.16427,1.16436,1.16148,1.1617899999999999,-127.0,-0.0024800000000000377,1
2025-07-15 18:00:00,1.1618,1.16181,1.16003,1.16174,-251.0,-4.999999999988347e-05,1
2025-07-15 19:00:00,1.16175,1.16198,1.15933,1.15956,-187.0,-0.0021800000000000708,1
2025-07-15 20:00:00,1.15957,1.16005,1.15924,1.15962,0.0,6.000000000017103e-05,1
2025-07-15 21:00:00,1.15962,1.16039,1.15949,1.16027,-14.0,0.0006499999999998174,1
2025-07-15 22:00:00,1.16028,1.16029,1.1598600000000001,1.16004,-20.0,-0.00022999999999995246,1
2025-07-15 23:00:00,1.16004,1.16035,1.15976,1.16018,-2.0,0.000140000000000029,1
2025-07-16 00:00:00,1.15954,1.15997,1.15951,1.15985,7.0,-0.00032999999999994145,1
2025-07-16 01:00:00,1.15984,1.16039,1.15975,1.16037,6.0,0.0005199999999998539,1
2025-07-16 02:00:00,1.16037,1.16074,1.16024,1.16067,37.0,0.000300000000000189,1
2025-07-16 03:00:00,1.16068,1.16128,1.16019,1.16073,40.0,5.999999999994898e-05,1
2025-07-16 04:00:00,1.16074,1.16148,1.1606,1.16132,42.0,0.0005899999999998684,1
2025-07-16 05:00:00,1.16132,1.16132,1.16067,1.16097,-25.0,-0.00034999999999985043,1
2025-07-16 06:00:00,1.16098,1.1615,1.16056,1.16104,-7.0,7.999999999985796e-05,1
2025-07-16 07:00:00,1.1610800000000001,1.16193,1.16097,1.16191,-27.0,0.0008600000000000829,1
2025-07-16 08:00:00,1.16191,1.16202,1.1614200000000001,1.162,-25.0,8.999999999992347e-05,1
2025-07-16 09:00:00,1.16198,1.16273,1.1617899999999999,1.16271,-50.0,0.0007099999999999884,1
2025-07-16 10:00:00,1.16272,1.16279,1.16122,1.16181,11.0,-0.0008999999999999009,1
2025-07-16 11:00:00,1.1618,1.16254,1.16174,1.16249,-77.0,0.0006800000000000139,1
2025-07-16 12:00:00,1.16248,1.16257,1.16127,1.1615,-25.0,-0.0010300000000000864,1
2025-07-16 13:00:00,1.1615,1.16183,1.16087,1.16167,45.0,0.00021000000000004349,1
2025-07-16 14:00:00,1.16167,1.16205,1.16003,1.16027,47.0,-0.0014000000000000679,1
2025-07-16 15:00:00,1.16029,1.16127,1.15926,1.15981,-94.0,-0.00045999999999990493,1
2025-07-16 16:00:00,1.15981,1.16025,1.15625,1.15719,129.0,-0.0026200000000000667,1
2025-07-16 17:00:00,1.1572,1.16056,1.1562000000000001,1.15922,-59.0,0.0020199999999999108,1
2025-07-16 18:00:00,1.15922,1.17207,1.15918,1.16289,-61.0,0.003670000000000062,1
2025-07-16 19:00:00,1.16284,1.16556,1.1615,1.16385,-70.0,0.0009600000000000719,1
2025-07-16 20:00:00,1.1638600000000001,1.16581,1.16358,1.16408,-180.0,0.00022999999999995246,1
2025-07-16 21:00:00,1.1641,1.16435,1.16269,1.16275,-96.0,-0.0013300000000000534,1
2025-07-16 22:00:00,1.16275,1.16367,1.16201,1.16354,101.0,0.0007900000000000684,1
2025-07-16 23:00:00,1.16354,1.16422,1.16316,1.16331,-65.0,-0.0002500000000000835,1
2025-07-17 00:00:00,1.16291,1.164,1.16288,1.1634,54.0,0.0001100000000000545,1
2025-07-17 01:00:00,1.16344,1.16421,1.1634,1.16358,-17.0,0.000180000000000069,1
2025-07-17 02:00:00,1.1636,1.16394,1.16329,1.16349,-5.0,-9.000000000014552e-05,1
2025-07-17 03:00:00,1.1635,1.16355,1.16168,1.16233,-13.0,-0.0011599999999998278,1
2025-07-17 04:00:00,1.16235,1.16283,1.16132,1.16273,29.0,0.00039999999999995595,1
2025-07-17 05:00:00,1.16273,1.16273,1.16162,1.16176,-40.0,-0.0009600000000000719,1
2025-07-17 06:00:00,1.16176,1.16189,1.16134,1.16185,51.0,8.999999999992347e-05,1
2025-07-17 07:00:00,1.16185,1.16238,1.16154,1.16237,8.0,0.0005100000000000104,1
2025-07-17 08:00:00,1.16237,1.16268,1.16162,1.16164,-49.0,-0.0007299999999998974,1
2025-07-17 09:00:00,1.16162,1.1617,1.15729,1.15826,-8.0,-0.0033799999999999386,1
2025-07-17 10:00:00,1.15829,1.15961,1.15735,1.15901,-135.0,0.0007500000000000284,1
2025-07-17 11:00:00,1.159,1.1604700000000001,1.15891,1.16009,-78.0,0.0010499999999999954,1
2025-07-17 12:00:00,1.16012,1.16042,1.15884,1.15903,-59.0,-0.001040000000000152,1
2025-07-17 13:00:00,1.15903,1.15907,1.1583,1.15854,50.0,-0.00048000000000003595,1
2025-07-17 14:00:00,1.15854,1.15894,1.15698,1.15739,-66.0,-0.0011499999999999844,1
2025-07-17 15:00:00,1.15738,1.15921,1.15563,1.15867,-152.0,0.0012800000000001699,1
2025-07-17 16:00:00,1.15866,1.1598,1.15796,1.15857,-191.0,-9.999999999998899e-05,1
2025-07-17 17:00:00,1.15857,1.15922,1.15774,1.15873,-92.0,0.00015999999999993797,1
2025-07-17 18:00:00,1.15871,1.1602000000000001,1.15849,1.15957,7.0,0.0008399999999999519,1
2025-07-17 19:00:00,1.15961,1.16015,1.15828,1.15856,21.0,-0.0010099999999999554,1
2025-07-17 20:00:00,1.15856,1.15901,1.15818,1.15846,-17.0,-9.999999999998899e-05,1
2025-07-17 21:00:00,1.15845,1.15875,1.15793,1.15839,18.0,-7.00000000000145e-05,1
2025-07-17 22:00:00,1.15838,1.15992,1.1583700000000001,1.1597,40.0,0.0013099999999999223,1
2025-07-17 23:00:00,1.1596899999999999,1.1599599999999999,1.15926,1.15943,4.0,-0.00026999999999999247,1
2025-07-18 00:00:00,1.15934,1.1598600000000001,1.15896,1.15982,7.0,0.0003900000000001125,1
2025-07-18 01:00:00,1.15981,1.16187,1.15978,1.16163,47.0,0.0018099999999998673,1
2025-07-18 02:00:00,1.1616900000000001,1.16192,1.1614200000000001,1.16145,-17.0,-0.00017999999999984695,1
2025-07-18 03:00:00,1.16146,1.1627,1.1614,1.16241,36.0,0.0009599999999998499,1
2025-07-18 04:00:00,1.16242,1.16337,1.16196,1.16284,59.0,0.0004300000000001525,1
2025-07-18 05:00:00,1.16282,1.16307,1.16238,1.16286,42.0,1.999999999990898e-05,1
2025-07-18 06:00:00,1.16286,1.16312,1.16216,1.16234,-26.0,-0.000520000000000076,1
2025-07-18 07:00:00,1.16233,1.16236,1.1617899999999999,1.16187,16.0,-0.00046999999999997044,1
2025-07-18 08:00:00,1.16185,1.162,1.16119,1.16165,48.0,-0.00021999999999988695,1
2025-07-18 09:00:00,1.16166,1.1622,1.16115,1.16198,-8.0,0.00032999999999994145,1
2025-07-18 10:00:00,1.16202,1.16306,1.16194,1.16284,40.0,0.0008600000000000829,1
2025-07-18 11:00:00,1.16285,1.16451,1.16275,1.1635,-1.0,0.0006599999999998829,1
2025-07-18 12:00:00,1.1635,1.16426,1.16328,1.1633,28.0,-0.00019999999999997797,1
2025-07-18 13:00:00,1.1633,1.16415,1.16316,1.16395,-14.0,0.0006500000000000394,1
2025-07-18 14:00:00,1.16395,1.16475,1.16391,1.16439,101.0,0.00043999999999999595,1
2025-07-18 15:00:00,1.16439,1.1657899999999999,1.16426,1.16557,85.0,0.0011799999999999589,1
2025-07-18 16:00:00,1.16557,1.16672,1.16475,1.16655,-67.0,0.0009799999999999809,1
2025-07-18 17:00:00,1.16683,1.16715,1.16441,1.16472,-60.0,-0.0021100000000000563,1
2025-07-18 18:00:00,1.16474,1.16572,1.1642000000000001,1.16441,34.0,-0.00031000000000003247,1
2025-07-18 19:00:00,1.16442,1.16482,1.1626,1.16281,177.0,-0.0016000000000000458,1
2025-07-18 20:00:00,1.16281,1.16292,1.16174,1.1626400000000001,172.0,-0.00016999999999978144,1
2025-07-18 21:00:00,1.16265,1.16275,1.16188,1.16211,-9.0,-0.0005300000000001415,1
2025-07-18 22:00:00,1.16211,1.16225,1.16166,1.16218,-41.0,7.00000000000145e-05,1
2025-07-18 23:00:00,1.16215,1.16269,1.16188,1.16242,28.0,0.00024000000000001798,1
2025-07-21 00:00:00,1.16223,1.1636,1.16193,1.16348,-52.0,0.0012499999999999734,1
2025-07-21 01:00:00,1.16348,1.16349,1.16218,1.16256,-6.0,-0.0009200000000000319,1
2025-07-21 02:00:00,1.16257,1.16312,1.16241,1.16291,47.0,0.0003500000000000725,1
2025-07-21 03:00:00,1.16291,1.16357,1.16183,1.16185,-41.0,-0.001060000000000061,1
2025-07-21 04:00:00,1.16185,1.16248,1.1615199999999999,1.16168,-7.0,-0.00017000000000000348,1
2025-07-21 05:00:00,1.16168,1.16237,1.16141,1.1621299999999999,-17.0,0.0004499999999998394,1
2025-07-21 06:00:00,1.1621299999999999,1.16251,1.16195,1.16248,-7.0,0.000360000000000138,1
2025-07-21 07:00:00,1.16248,1.16296,1.16223,1.16287,1.0,0.00038000000000004697,1
2025-07-21 08:00:00,1.16287,1.1635,1.16272,1.1633,-43.0,0.00043999999999999595,1
2025-07-21 09:00:00,1.16329,1.1642299999999999,1.16287,1.16408,-45.0,0.0007699999999999374,1
2025-07-21 10:00:00,1.16411,1.16467,1.16351,1.1643,-85.0,0.00021999999999988695,1
2025-07-21 11:00:00,1.1643,1.16516,1.1635900000000001,1.16417,-99.0,-0.00012999999999996348,1
2025-07-21 12:00:00,1.16417,1.1648,1.16381,1.16442,-14.0,0.0002500000000000835,1
2025-07-21 13:00:00,1.16444,1.16456,1.16331,1.1645,-4.0,8.000000000008001e-05,1
2025-07-21 14:00:00,1.16449,1.16693,1.16439,1.16671,-52.0,0.0022099999999998232,1
2025-07-21 15:00:00,1.1667,1.16728,1.16621,1.16646,-140.0,-0.00024999999999986144,1
2025-07-21 16:00:00,1.16646,1.16649,1.16575,1.16642,-42.0,-4.0000000000040004e-05,1
2025-07-21 17:00:00,1.16643,1.1697899999999999,1.16635,1.16963,-74.0,0.0032200000000000006,1
2025-07-21 18:00:00,1.16958,1.1716199999999999,1.16953,1.17042,98.0,0.0007699999999999374,1
2025-07-21 19:00:00,1.17042,1.17053,1.16949,1.16996,111.0,-0.00045999999999990493,1
2025-07-21 20:00:00,1.16996,1.1701,1.16855,1.16902,15.0,-0.0009400000000001629,1
2025-07-21 21:00:00,1.16902,1.16947,1.16864,1.16933,-52.0,0.00031000000000003247,1
2025-07-21 22:00:00,1.16933,1.16955,1.16887,1.16888,-114.0,-0.00045000000000006146,1
2025-07-21 23:00:00,1.1689,1.1696,1.16872,1.16872,3.0,-4.999999999988347e-05,1
2025-07-22 00:00:00,1.16873,1.16931,1.16844,1.16925,25.0,0.0004199999999998649,1
2025-07-22 01:00:00,1.16925,1.16944,1.1690800000000001,1.16941,-7.0,0.00016000000000016001,1
2025-07-22 02:00:00,1.16941,1.16954,1.16898,1.16943,-14.0,9.999999999843467e-06,1
2025-07-22 03:00:00,1.1694499999999999,1.16949,1.16831,1.16879,-76.0,-0.0006299999999999084,1
2025-07-22 04:00:00,1.16879,1.169,1.16821,1.16876,21.0,-2.999999999997449e-05,1
2025-07-22 05:00:00,1.16877,1.16951,1.16876,1.16902,-8.0,0.00025999999999992696,1
2025-07-22 06:00:00,1.16902,1.16906,1.16846,1.16867,-12.0,-0.00034999999999985043,1
2025-07-22 07:00:00,1.16867,1.1694,1.16856,1.16878,21.0,0.00010999999999983245,1
2025-07-22 08:00:00,1.16878,1.16917,1.16825,1.16867,43.0,-0.00010999999999983245,1
2025-07-22 09:00:00,1.16866,1.16915,1.16837,1.16903,6.0,0.00035999999999991594,1
2025-07-22 10:00:00,1.16903,1.16917,1.1681300000000001,1.16856,-34.0,-0.00046999999999997044,1
2025-07-22 11:00:00,1.1685699999999999,1.17029,1.16834,1.1698,-21.0,0.0012399999999999078,1
2025-07-22 12:00:00,1.1697899999999999,1.17064,1.16929,1.17049,19.0,0.0006900000000000794,1
2025-07-22 13:00:00,1.1705,1.17087,1.16993,1.17014,-40.0,-0.0003500000000000725,1
2025-07-22 14:00:00,1.17014,1.17033,1.16939,1.17009,74.0,-4.999999999988347e-05,1
2025-07-22 15:00:00,1.17008,1.17043,1.16825,1.169,38.0,-0.0010900000000000354,1
2025-07-22 16:00:00,1.169,1.1703999999999999,1.16783,1.17038,-68.0,0.0013799999999999368,1
2025-07-22 17:00:00,1.17038,1.17261,1.16905,1.17218,67.0,0.0017899999999999583,1
2025-07-22 18:00:00,1.17219,1.17487,1.17143,1.17474,89.0,0.002569999999999961,1
2025-07-22 19:00:00,1.17479,1.176,1.17442,1.17545,43.0,0.0007100000000002105,1
2025-07-22 20:00:00,1.17547,1.17549,1.17428,1.17453,38.0,-0.0009200000000000319,1
2025-07-22 21:00:00,1.17453,1.17478,1.17415,1.17473,4.0,0.00019999999999997797,1
2025-07-22 22:00:00,1.17472,1.17521,1.17444,1.17509,42.0,0.00035999999999991594,1
2025-07-22 23:00:00,1.17509,1.17544,1.17445,1.17531,-12.0,0.000220000000000109,1
2025-07-23 00:00:00,1.17522,1.17536,1.17466,1.1747,-60.0,-0.0006099999999999994,1
2025-07-23 01:00:00,1.17462,1.17505,1.17446,1.17475,-22.0,2.999999999997449e-05,1
2025-07-23 02:00:00,1.17476,1.17554,1.1736,1.17375,-39.0,-0.0009799999999999809,1
2025-07-23 03:00:00,1.17372,1.17474,1.17331,1.17466,22.0,0.0009099999999999664,1
2025-07-23 04:00:00,1.17469,1.17483,1.17301,1.17365,-61.0,-0.0010099999999999554,1
2025-07-23 05:00:00,1.17365,1.17413,1.17323,1.17342,32.0,-0.0002300000000001745,1
2025-07-23 06:00:00,1.17343,1.17456,1.1733500000000001,1.17386,15.0,0.00043999999999999595,1
2025-07-23 07:00:00,1.17387,1.17393,1.17317,1.17343,-19.0,-0.00042999999999993044,1
2025-07-23 08:00:00,1.17343,1.17371,1.17268,1.17298,23.0,-0.00045000000000006146,1
2025-07-23 09:00:00,1.17299,1.17423,1.17297,1.17418,82.0,0.0012000000000000899,1
2025-07-23 10:00:00,1.17414,1.17523,1.17334,1.17413,-35.0,-5.0000000000105516e-05,1
2025-07-23 11:00:00,1.17413,1.17475,1.17303,1.17322,-21.0,-0.0009099999999999664,1
2025-07-23 12:00:00,1.17322,1.17389,1.17298,1.17353,-88.0,0.00031000000000003247,1
2025-07-23 13:00:00,1.17352,1.17359,1.17226,1.17254,-88.0,-0.0009900000000000464,1
2025-07-23 14:00:00,1.17254,1.17307,1.1723,1.17251,-19.0,-2.999999999997449e-05,1
2025-07-23 15:00:00,1.17252,1.17323,1.17197,1.17245,-25.0,-5.999999999994898e-05,1
2025-07-23 16:00:00,1.17244,1.17298,1.17104,1.17256,-91.0,0.0001100000000000545,1
2025-07-23 17:00:00,1.17259,1.17373,1.17228,1.17331,-116.0,0.0007099999999999884,1
2025-07-23 18:00:00,1.17331,1.17575,1.17212,1.17463,-43.0,0.0013799999999999368,1
2025-07-23 19:00:00,1.17462,1.17602,1.17427,1.17506,71.0,0.000360000000000138,1
2025-07-23 20:00:00,1.17507,1.17644,1.17451,1.17593,-24.0,0.0008899999999998354,1
2025-07-23 21:00:00,1.17593,1.17734,1.17588,1.17707,-54.0,0.001140000000000141,1
2025-07-23 22:00:00,1.17707,1.17744,1.17675,1.17726,-94.0,0.00018999999999991246,1
2025-07-23 23:00:00,1.17727,1.17747,1.17653,1.17665,-40.0,-0.0006299999999999084,1
2025-07-24 00:00:00,1.17648,1.17734,1.17621,1.17669,-28.0,5.999999999994898e-05,1
2025-07-24 01:00:00,1.17683,1.17742,1.1767400000000001,1.17728,-12.0,0.0005900000000000905,1
2025-07-24 02:00:00,1.17728,1.17781,1.17723,1.17728,-39.0,0.0,1
2025-07-24 03:00:00,1.17725,1.1773,1.17616,1.1767,30.0,-0.0005800000000000249,1
2025-07-24 04:00:00,1.17668,1.1779,1.17664,1.17744,-32.0,0.0007399999999999629,1
2025-07-24 05:00:00,1.17744,1.1778,1.17705,1.17763,-19.0,0.00018999999999991246,1
2025-07-24 06:00:00,1.17763,1.17795,1.17734,1.1774499999999999,-33.0,-0.000180000000000069,1
2025-07-24 07:00:00,1.1774499999999999,1.17773,1.17725,1.17736,-30.0,-8.999999999992347e-05,1
2025-07-24 08:00:00,1.1773500000000001,1.17776,1.177,1.17705,28.0,-0.00031000000000003247,1
2025-07-24 09:00:00,1.17705,1.17724,1.17569,1.17575,-36.0,-0.0012900000000000134,1
2025-07-24 10:00:00,1.17575,1.17689,1.17546,1.17602,102.0,0.000260000000000149,1
2025-07-24 11:00:00,1.17602,1.17676,1.17551,1.17575,4.0,-0.00026999999999999247,1
2025-07-24 12:00:00,1.17575,1.17588,1.17461,1.17517,47.0,-0.0005800000000000249,1
2025-07-24 13:00:00,1.1751800000000001,1.17541,1.17429,1.17484,32.0,-0.00032999999999994145,1
2025-07-24 14:00:00,1.17486,1.17559,1.17452,1.17553,16.0,0.0006899999999998574,1
2025-07-24 15:00:00,1.17555,1.17581,1.17316,1.17355,-90.0,-0.0019799999999998708,1
2025-07-24 16:00:00,1.17356,1.1776200000000001,1.17302,1.17714,-85.0,0.003589999999999982,1
2025-07-24 17:00:00,1.17713,1.17883,1.17611,1.17663,38.0,-0.0004999999999999449,1
2025-07-24 18:00:00,1.17664,1.17778,1.17548,1.17642,19.0,-0.00021000000000004349,1
2025-07-24 19:00:00,1.17644,1.1772,1.17566,1.1762,110.0,-0.000220000000000109,1
2025-07-24 20:00:00,1.17622,1.17777,1.17599,1.17694,36.0,0.000740000000000185,1
2025-07-24 21:00:00,1.17693,1.17704,1.17618,1.17652,28.0,-0.00041000000000002146,1
2025-07-24 22:00:00,1.17653,1.17695,1.17576,1.17577,-28.0,-0.0007600000000000939,1
2025-07-24 23:00:00,1.17581,1.17597,1.17445,1.17469,58.0,-0.0008799999999999919,1
2025-07-25 00:00:00,1.17507,1.17507,1.17327,1.17451,19.0,-0.00038000000000004697,1
2025-07-25 01:00:00,1.1745,1.17525,1.17439,1.17513,14.0,0.0006200000000000649,1
2025-07-25 02:00:00,1.17514,1.17568,1.1749100000000001,1.17542,28.0,0.00028999999999990145,1
2025-07-25 03:00:00,1.17541,1.17582,1.17483,1.17539,4.0,-2.999999999997449e-05,1
2025-07-25 04:00:00,1.17539,1.1758,1.17387,1.17424,-8.0,-0.0011499999999999844,1
2025-07-25 05:00:00,1.17424,1.17432,1.1733500000000001,1.17386,17.0,-0.00038000000000004697,1
2025-07-25 06:00:00,1.17386,1.17447,1.17363,1.17419,-18.0,0.0003300000000001635,1
2025-07-25 07:00:00,1.1742,1.1745700000000001,1.17339,1.1739600000000001,-17.0,-0.00021000000000004349,1
2025-07-25 08:00:00,1.17395,1.17486,1.17368,1.17462,-51.0,0.0006399999999999739,1
2025-07-25 09:00:00,1.17459,1.17603,1.17411,1.17473,-131.0,0.0001100000000000545,1
2025-07-25 10:00:00,1.17473,1.1758899999999999,1.17473,1.17523,-42.0,0.0004999999999999449,1
2025-07-25 11:00:00,1.17522,1.17575,1.1741,1.17427,-47.0,-0.0009600000000000719,1
2025-07-25 12:00:00,1.17426,1.17431,1.17324,1.17344,1.0,-0.0008200000000000429,1
2025-07-25 13:00:00,1.17344,1.17368,1.17243,1.17277,-74.0,-0.0006799999999997919,1
2025-07-25 14:00:00,1.17277,1.17304,1.17112,1.17205,60.0,-0.0007200000000000539,1
2025-07-25 15:00:00,1.17205,1.17267,1.17114,1.17177,-63.0,-0.000280000000000058,1
2025-07-25 16:00:00,1.1718,1.17298,1.17027,1.17216,32.0,0.0003900000000001125,1
2025-07-25 17:00:00,1.17215,1.17352,1.1721,1.17292,-120.0,0.0007699999999999374,1
2025-07-25 18:00:00,1.17292,1.17381,1.17216,1.1728399999999999,-25.0,-8.000000000008001e-05,1
2025-07-25 19:00:00,1.17285,1.173,1.17199,1.1728399999999999,-96.0,0.0,1
2025-07-25 20:00:00,1.17283,1.1739,1.17282,1.17359,-15.0,0.0007500000000000284,1
2025-07-25 21:00:00,1.17359,1.17461,1.17352,1.17449,-51.0,0.0009100000000001884,1
2025-07-25 22:00:00,1.17449,1.17465,1.17408,1.17433,-2.0,-0.00017000000000000348,1
2025-07-25 23:00:00,1.17428,1.17431,1.17367,1.17402,7.0,-0.00031000000000003247,1
2025-07-28 00:00:00,1.17519,1.17625,1.1751,1.17595,71.0,0.0007600000000000939,1
2025-07-28 01:00:00,1.17595,1.17682,1.17507,1.17545,-47.0,-0.0004999999999999449,1
2025-07-28 02:00:00,1.17546,1.17601,1.17533,1.17549,-64.0,3.999999999981796e-05,1
2025-07-28 03:00:00,1.17549,1.17698,1.17543,1.17633,-43.0,0.0008400000000001739,1
2025-07-28 04:00:00,1.17633,1.17693,1.17471,1.1751800000000001,-65.0,-0.0011499999999999844,1
2025-07-28 05:00:00,1.17517,1.17567,1.1746,1.17544,-6.0,0.00025999999999992696,1
2025-07-28 06:00:00,1.17544,1.17566,1.17506,1.17559,-55.0,0.00014999999999987246,1
2025-07-28 07:00:00,1.17559,1.17576,1.17449,1.17468,-96.0,-0.0009099999999999664,1
2025-07-28 08:00:00,1.1746699999999999,1.17471,1.17395,1.17402,-37.0,-0.0006599999999998829,1
2025-07-28 09:00:00,1.17402,1.17438,1.17106,1.1721,-35.0,-0.0019200000000001438,1
2025-07-28 10:00:00,1.1721,1.17233,1.1670099999999999,1.16743,-135.0,-0.004669999999999952,1
2025-07-28 11:00:00,1.16742,1.16898,1.16705,1.16785,-132.0,0.00042000000000008697,1
2025-07-28 12:00:00,1.16785,1.16839,1.1657899999999999,1.1666400000000001,-9.0,-0.0012099999999999334,1
2025-07-28 13:00:00,1.16663,1.16714,1.16545,1.16575,-97.0,-0.0008900000000000574,1
2025-07-28 14:00:00,1.16574,1.1657899999999999,1.16433,1.16492,105.0,-0.0008300000000001084,1
2025-07-28 15:00:00,1.16492,1.16645,1.16476,1.16575,-156.0,0.0008300000000001084,1
2025-07-28 16:00:00,1.16575,1.16616,1.16252,1.16337,-99.0,-0.0023800000000000487,1
2025-07-28 17:00:00,1.16336,1.16468,1.1630099999999999,1.16368,-97.0,0.000320000000000098,1
2025-07-28 18:00:00,1.16368,1.16384,1.16076,1.16083,55.0,-0.002850000000000019,1
2025-07-28 19:00:00,1.16083,1.16102,1.1598,1.15987,-19.0,-0.0009600000000000719,1
2025-07-28 20:00:00,1.15985,1.16012,1.15889,1.15916,-3.0,-0.0007099999999999884,1
2025-07-28 21:00:00,1.15916,1.15943,1.15848,1.15943,4.0,0.00026999999999999247,1
2025-07-28 22:00:00,1.15941,1.15956,1.15887,1.1591,-106.0,-0.00032999999999994145,1
2025-07-28 23:00:00,1.1591,1.15936,1.1584699999999999,1.15863,-80.0,-0.000560000000000116,1
2025-07-29 00:00:00,1.15854,1.159,1.15852,1.1589,16.0,0.000360000000000138,1
2025-07-29 01:00:00,1.1589,1.15936,1.15868,1.15931,-32.0,0.00041000000000002146,1
2025-07-29 02:00:00,1.15931,1.15963,1.15887,1.1595900000000001,14.0,0.000280000000000058,1
2025-07-29 03:00:00,1.1595900000000001,1.1597,1.15841,1.15846,-43.0,-0.0011300000000000754,1
2025-07-29 04:00:00,1.1584699999999999,1.15978,1.15846,1.15905,15.0,0.0005899999999998684,1
2025-07-29 05:00:00,1.15904,1.15987,1.15904,1.15965,64.0,0.000600000000000156,1
2025-07-29 06:00:00,1.15963,1.15979,1.1581,1.15825,-7.0,-0.0014000000000000679,1
2025-07-29 07:00:00,1.15823,1.15887,1.15741,1.15882,133.0,0.0005699999999999594,1
2025-07-29 08:00:00,1.15882,1.1589800000000001,1.15767,1.15781,-27.0,-0.0010099999999999554,1
2025-07-29 09:00:00,1.15782,1.15854,1.15319,1.15331,-28.0,-0.0044999999999999485,1
2025-07-29 10:00:00,1.1533,1.15543,1.15262,1.15543,32.0,0.0021199999999998997,1
2025-07-29 11:00:00,1.15543,1.15689,1.15519,1.15685,-71.0,0.0014199999999999768,1
2025-07-29 12:00:00,1.15685,1.15842,1.15626,1.15763,-45.0,0.0007800000000000029,1
2025-07-29 13:00:00,1.15763,1.15877,1.15724,1.15736,-108.0,-0.00026999999999999247,1
2025-07-29 14:00:00,1.15736,1.15744,1.1537,1.15395,142.0,-0.0034799999999999276,1
2025-07-29 15:00:00,1.15396,1.15415,1.15257,1.15257,104.0,-0.0013099999999999223,1
2025-07-29 16:00:00,1.15243,1.15465,1.15185,1.15456,117.0,0.0019899999999999363,1
2025-07-29 17:00:00,1.15456,1.15484,1.1521,1.15226,-188.0,-0.0022999999999999687,1
2025-07-29 18:00:00,1.15227,1.15404,1.15214,1.15328,-99.0,0.0010200000000000209,1
2025-07-29 19:00:00,1.15329,1.15489,1.15328,1.15412,-44.0,0.0008399999999999519,1
2025-07-29 20:00:00,1.1541299999999999,1.156,1.15394,1.1541299999999999,-180.0,9.999999999843467e-06,1
2025-07-29 21:00:00,1.1541299999999999,1.15499,1.15371,1.15499,30.0,0.0008600000000000829,1
2025-07-29 22:00:00,1.15499,1.15568,1.15486,1.15495,-90.0,-4.0000000000040004e-05,1
2025-07-29 23:00:00,1.15497,1.1552,1.15421,1.15442,-11.0,-0.0005299999999999194,1
2025-07-30 00:00:00,1.15421,1.15473,1.1542,1.1547,29.0,0.000280000000000058,1
2025-07-30 01:00:00,1.15479,1.15503,1.15461,1.1549,2.0,0.00019999999999997797,1
2025-07-30 02:00:00,1.1549,1.15505,1.1546,1.15503,-26.0,0.00012999999999996348,1
2025-07-30 03:00:00,1.1550799999999999,1.15672,1.15504,1.15667,6.0,0.0016700000000000603,1
2025-07-30 04:00:00,1.15667,1.15722,1.15599,1.15636,-215.0,-0.00034000000000000696,1
2025-07-30 05:00:00,1.15637,1.15678,1.156,1.15633,-78.0,-2.999999999997449e-05,1
2025-07-30 06:00:00,1.15635,1.15701,1.15574,1.15612,5.0,-0.00021000000000004349,1
2025-07-30 07:00:00,1.15612,1.15614,1.155,1.15507,-40.0,-0.0010499999999999954,1
2025-07-30 08:00:00,1.15506,1.15591,1.1548,1.15495,5.0,-0.00012000000000012001,1
2025-07-30 09:00:00,1.15495,1.156,1.15396,1.15564,37.0,0.0006900000000000794,1
2025-07-30 10:00:00,1.15564,1.1568100000000001,1.15505,1.15528,-64.0,-0.00035999999999991594,1
2025-07-30 11:00:00,1.15527,1.15587,1.15481,1.15562,27.0,0.00034000000000000696,1
2025-07-30 12:00:00,1.15562,1.156,1.15443,1.15514,-32.0,-0.00048000000000003595,1
2025-07-30 13:00:00,1.15514,1.15545,1.15318,1.15389,-14.0,-0.0012499999999999734,1
2025-07-30 14:00:00,1.1539,1.1540300000000001,1.15215,1.15306,89.0,-0.0008600000000000829,1
2025-07-30 15:00:00,1.15306,1.15341,1.14686,1.14713,71.0,-0.005929999999999991,1
2025-07-30 16:00:00,1.14712,1.14804,1.14579,1.14689,106.0,-0.00021000000000004349,1
2025-07-30 17:00:00,1.14687,1.14816,1.1464699999999999,1.14798,-63.0,0.0011099999999999444,1
2025-07-30 18:00:00,1.14797,1.14844,1.14632,1.14682,-117.0,-0.0011600000000000499,1
2025-07-30 19:00:00,1.1469,1.14738,1.14643,1.14733,-27.0,0.0005100000000000104,1
2025-07-30 20:00:00,1.14733,1.14816,1.14733,1.14798,-40.0,0.0006500000000000394,1
2025-07-30 21:00:00,1.14796,1.15028,1.14239,1.1424,-11.0,-0.005579999999999918,1
2025-07-30 22:00:00,1.14241,1.14355,1.14136,1.14227,-31.0,-0.0001500000000000945,1
2025-07-30 23:00:00,1.14227,1.14289,1.14002,1.14012,-3.0,-0.0020000000000000018,1
2025-07-31 00:00:00,1.14008,1.14084,1.14002,1.14068,68.0,0.00042999999999993044,1
2025-07-31 01:00:00,1.14066,1.14236,1.1403699999999999,1.14223,7.0,0.0015500000000001624,1
2025-07-31 02:00:00,1.14224,1.14299,1.14189,1.14276,32.0,0.0005299999999999194,1
2025-07-31 03:00:00,1.14275,1.14368,1.14274,1.14337,-77.0,0.0006099999999999994,1
2025-07-31 04:00:00,1.14337,1.14375,1.14232,1.14302,-28.0,-0.0003500000000000725,1
2025-07-31 05:00:00,1.14302,1.14312,1.14207,1.14285,-22.0,-0.00017000000000000348,1
2025-07-31 06:00:00,1.14284,1.14337,1.14072,1.14227,108.0,-0.0005800000000000249,1
2025-07-31 07:00:00,1.14228,1.14358,1.14189,1.14353,63.0,0.0012600000000000389,1
2025-07-31 08:00:00,1.14351,1.14423,1.14303,1.14361,-3.0,8.000000000008001e-05,1
2025-07-31 09:00:00,1.1436,1.14602,1.14347,1.14577,-69.0,0.0021899999999999142,1
2025-07-31 10:00:00,1.14579,1.14579,1.14327,1.14482,-54.0,-0.0009799999999999809,1
2025-07-31 11:00:00,1.14482,1.14544,1.1437599999999999,1.14494,16.0,0.00012000000000012001,1
2025-07-31 12:00:00,1.14494,1.14502,1.14321,1.14326,-87.0,-0.0016800000000001258,1
2025-07-31 13:00:00,1.14326,1.14411,1.14202,1.14392,70.0,0.000660000000000105,1
2025-07-31 14:00:00,1.14392,1.14503,1.14356,1.1448800000000001,67.0,0.0009600000000000719,1
2025-07-31 15:00:00,1.14486,1.14504,1.14243,1.1428099999999999,-55.0,-0.0020700000000002383,1
2025-07-31 16:00:00,1.1428099999999999,1.14292,1.14054,1.14108,-2.0,-0.0017299999999997873,1
2025-07-31 17:00:00,1.14107,1.14491,1.1407,1.14444,20.0,0.003369999999999873,1
2025-07-31 18:00:00,1.14443,1.14494,1.14276,1.14297,69.0,-0.0014699999999998603,1
2025-07-31 19:00:00,1.14296,1.14323,1.14211,1.14221,28.0,-0.0007600000000000939,1
2025-07-31 20:00:00,1.14221,1.14243,1.14146,1.14191,22.0,-0.00029999999999996696,1
2025-07-31 21:00:00,1.1419,1.14326,1.14151,1.1426,46.0,0.0006900000000000794,1
2025-07-31 22:00:00,1.14258,1.14312,1.14116,1.14119,-74.0,-0.0014100000000001334,1
2025-07-31 23:00:00,1.14121,1.14177,1.14076,1.14136,-26.0,9.000000000014552e-05,1
2025-08-01 00:00:00,1.14119,1.1418,1.14119,1.14163,14.0,0.00034999999999985043,1
2025-08-01 01:00:00,1.14158,1.14223,1.14145,1.14172,-17.0,9.000000000014552e-05,1
2025-08-01 02:00:00,1.14172,1.14254,1.14111,1.14213,29.0,0.00041000000000002146,1
2025-08-01 03:00:00,1.14213,1.14283,1.14151,1.14238,-72.0,0.00024999999999986144,1
2025-08-01 04:00:00,1.14238,1.14284,1.14044,1.14067,22.0,-0.0017099999999998783,1
2025-08-01 05:00:00,1.14066,1.14145,1.14055,1.14108,71.0,0.00039999999999995595,1
2025-08-01 06:00:00,1.14108,1.14217,1.1409799999999999,1.14178,34.0,0.0007099999999999884,1
2025-08-01 07:00:00,1.14178,1.14209,1.14152,1.14186,-5.0,8.000000000008001e-05,1
2025-08-01 08:00:00,1.14187,1.14341,1.14154,1.14302,-4.0,0.0011599999999998278,1
2025-08-01 09:00:00,1.14301,1.14375,1.14255,1.14288,-137.0,-0.000140000000000029,1
2025-08-01 10:00:00,1.14292,1.14336,1.14121,1.14182,13.0,-0.0010599999999998388,1
2025-08-01 11:00:00,1.14182,1.142,1.1405,1.14059,-41.0,-0.0012300000000000644,1
2025-08-01 12:00:00,1.14059,1.1412200000000001,1.13927,1.14001,51.0,-0.0005800000000000249,1
2025-08-01 13:00:00,1.14004,1.14171,1.14004,1.14115,37.0,0.001140000000000141,1
2025-08-01 14:00:00,1.14114,1.14219,1.14039,1.1404,-80.0,-0.0007500000000000284,1
2025-08-01 15:00:00,1.1404,1.1558,1.1391,1.15451,156.0,0.014109999999999845,1
2025-08-01 16:00:00,1.15448,1.15828,1.15369,1.15599,200.0,0.0014800000000001479,1
2025-08-01 17:00:00,1.15625,1.15876,1.15505,1.15555,184.0,-0.0006999999999999229,1
2025-08-01 18:00:00,1.15553,1.15646,1.15356,1.15538,-39.0,-0.00017000000000000348,1
2025-08-01 19:00:00,1.15538,1.15642,1.15374,1.15388,14.0,-0.0015000000000000568,1
2025-08-01 20:00:00,1.15388,1.15388,1.15161,1.15262,79.0,-0.0012600000000000389,1
2025-08-01 21:00:00,1.15262,1.1547399999999999,1.15211,1.15252,-228.0,-9.999999999998899e-05,1
2025-08-01 22:00:00,1.15253,1.15817,1.15233,1.15676,-7.0,0.0042400000000000215,1
2025-08-01 23:00:00,1.15702,1.15965,1.15683,1.15873,-51.0,0.0019700000000000273,1
2025-08-04 00:00:00,1.15892,1.15952,1.15881,1.15891,-3.0,-9.999999999843467e-06,1
2025-08-04 01:00:00,1.15897,1.15961,1.15774,1.15834,-34.0,-0.0005700000000001815,1
2025-08-04 02:00:00,1.15841,1.15901,1.15778,1.15877,-88.0,0.0004300000000001525,1
2025-08-04 03:00:00,1.15876,1.15887,1.15556,1.15575,-149.0,-0.0030200000000000227,1
2025-08-04 04:00:00,1.15576,1.1572,1.15503,1.15713,53.0,0.0013799999999999368,1
2025-08-04 05:00:00,1.15711,1.15783,1.15674,1.15753,28.0,0.00039999999999995595,1
2025-08-04 06:00:00,1.15753,1.1586,1.15753,1.15794,-39.0,0.00041000000000002146,1
2025-08-04 07:00:00,1.15793,1.15855,1.15741,1.15748,-6.0,-0.00045999999999990493,1
2025-08-04 08:00:00,1.15748,1.15824,1.15668,1.15706,-59.0,-0.00042000000000008697,1
2025-08-04 09:00:00,1.15707,1.15834,1.1562999999999999,1.1571799999999999,-58.0,0.00011999999999989797,1
2025-08-04 10:00:00,1.15719,1.15787,1.15506,1.15636,17.0,-0.0008199999999998209,1
2025-08-04 11:00:00,1.15637,1.1565400000000001,1.15495,1.15579,-21.0,-0.0005800000000000249,1
2025-08-04 12:00:00,1.15577,1.15775,1.15554,1.15645,-22.0,0.0006699999999999484,1
2025-08-04 13:00:00,1.15647,1.15775,1.15548,1.15735,13.0,0.0009000000000001229,1
2025-08-04 14:00:00,1.15737,1.1586400000000001,1.1565,1.15671,-69.0,-0.000640000000000196,1
2025-08-04 15:00:00,1.15673,1.15884,1.15603,1.1575,14.0,0.0007900000000000684,1
2025-08-04 16:00:00,1.15751,1.15884,1.15727,1.15761,-25.0,0.0001100000000000545,1
2025-08-04 17:00:00,1.15762,1.15876,1.15568,1.15643,-117.0,-0.0011900000000000244,1
2025-08-04 18:00:00,1.15636,1.15768,1.15609,1.15667,-113.0,0.00024000000000001798,1
2025-08-04 19:00:00,1.15667,1.1575,1.15567,1.15724,16.0,0.0005699999999999594,1
2025-08-04 20:00:00,1.15723,1.15743,1.15641,1.15733,18.0,8.999999999992347e-05,1
2025-08-04 21:00:00,1.15732,1.15777,1.15637,1.1565400000000001,-36.0,-0.0007899999999998464,1
2025-08-04 22:00:00,1.15656,1.15727,1.15629,1.15682,41.0,0.00027999999999983594,1
2025-08-04 23:00:00,1.15675,1.15755,1.15644,1.15743,11.0,0.0006099999999999994,1
2025-08-05 00:00:00,1.15679,1.15721,1.15617,1.1568100000000001,-4.0,-0.0006199999999998429,1
2025-08-05 01:00:00,1.15682,1.15807,1.15682,1.15787,70.0,0.0010599999999998388,1
2025-08-05 02:00:00,1.15795,1.15857,1.15775,1.15835,3.0,0.00048000000000003595,1
2025-08-05 03:00:00,1.15836,1.15881,1.15705,1.15722,-40.0,-0.0011300000000000754,1
2025-08-05 04:00:00,1.15721,1.1574,1.15591,1.15641,18.0,-0.0008099999999999774,1
2025-08-05 05:00:00,1.15641,1.15646,1.15554,1.15606,-9.0,-0.00034999999999985043,1
2025-08-05 06:00:00,1.15605,1.15616,1.15544,1.15556,-23.0,-0.000500000000000167,1
2025-08-05 07:00:00,1.15556,1.15605,1.15538,1.1558,30.0,0.00024000000000001798,1
2025-08-05 08:00:00,1.15579,1.15582,1.15444,1.15482,-38.0,-0.0009799999999999809,1
2025-08-05 09:00:00,1.15478,1.15615,1.15424,1.1551,43.0,0.000280000000000058,1
2025-08-05 10:00:00,1.15506,1.15625,1.15331,1.15461,-2.0,-0.0004900000000001015,1
2025-08-05 11:00:00,1.1546,1.15492,1.15312,1.15369,16.0,-0.0009199999999998099,1
2025-08-05 12:00:00,1.15373,1.15466,1.15298,1.1542,24.0,0.0005099999999997884,1
2025-08-05 13:00:00,1.15419,1.1546,1.15341,1.15445,81.0,0.0002500000000000835,1
2025-08-05 14:00:00,1.15446,1.15483,1.15276,1.15392,59.0,-0.0005299999999999194,1
2025-08-05 15:00:00,1.15393,1.15487,1.15301,1.1537,-32.0,-0.000220000000000109,1
2025-08-05 16:00:00,1.15372,1.15546,1.15324,1.15361,-22.0,-8.999999999992347e-05,1
2025-08-05 17:00:00,1.15424,1.15661,1.15337,1.15649,67.0,0.0022500000000000853,1
2025-08-05 18:00:00,1.15649,1.15845,1.15627,1.15791,-36.0,0.0014199999999999768,1
2025-08-05 19:00:00,1.15792,1.15862,1.15768,1.15824,20.0,0.00032999999999994145,1
2025-08-05 20:00:00,1.15826,1.15831,1.1575199999999999,1.15783,20.0,-0.00041000000000002146,1
2025-08-05 21:00:00,1.15781,1.15795,1.15702,1.15737,7.0,-0.00045999999999990493,1
2025-08-05 22:00:00,1.15739,1.1575199999999999,1.15661,1.1573,-1.0,-7.00000000000145e-05,1
2025-08-05 23:00:00,1.15722,1.15771,1.15705,1.15758,33.0,0.000280000000000058,1
2025-08-06 00:00:00,1.15711,1.1575199999999999,1.15703,1.15727,-12.0,-0.00031000000000003247,1
2025-08-06 01:00:00,1.15729,1.15766,1.15698,1.15753,23.0,0.00025999999999992696,1
2025-08-06 02:00:00,1.15761,1.15811,1.15731,1.15787,32.0,0.00034000000000000696,1
2025-08-06 03:00:00,1.15786,1.15854,1.15727,1.15738,-57.0,-0.0004899999999998794,1
2025-08-06 04:00:00,1.15736,1.15736,1.15647,1.15672,-31.0,-0.000660000000000105,1
2025-08-06 05:00:00,1.15673,1.15721,1.1564,1.15695,30.0,0.00022999999999995246,1
2025-08-06 06:00:00,1.15699,1.15815,1.15695,1.15797,76.0,0.0010200000000000209,1
2025-08-06 07:00:00,1.15795,1.15865,1.15775,1.15825,12.0,0.000280000000000058,1
2025-08-06 08:00:00,1.15825,1.1583,1.15743,1.15787,-48.0,-0.00038000000000004697,1
2025-08-06 09:00:00,1.15783,1.15886,1.15763,1.15784,42.0,-2.999999999997449e-05,1
2025-08-06 10:00:00,1.15781,1.15823,1.15711,1.15809,-1.0,0.0002500000000000835,1
2025-08-06 11:00:00,1.1581299999999999,1.1583700000000001,1.15702,1.1575,3.0,-0.0005900000000000905,1
2025-08-06 12:00:00,1.15749,1.15881,1.15741,1.15852,28.0,0.0010200000000000209,1
2025-08-06 13:00:00,1.1585,1.1611,1.15841,1.16071,-10.0,0.0021899999999999142,1
2025-08-06 14:00:00,1.16069,1.16153,1.15975,1.16039,1.0,-0.00031999999999987594,1
2025-08-06 15:00:00,1.16039,1.16288,1.16003,1.16239,5.0,0.0020000000000000018,1
2025-08-06 16:00:00,1.16239,1.16354,1.1616900000000001,1.16353,5.0,0.0011399999999999189,1
2025-08-06 17:00:00,1.16353,1.16369,1.16217,1.16269,13.0,-0.0008399999999999519,1
2025-08-06 18:00:00,1.16269,1.16465,1.16221,1.1646,73.0,0.0019100000000000783,1
2025-08-06 19:00:00,1.16458,1.16479,1.16302,1.1634,83.0,-0.0012000000000000899,1
2025-08-06 20:00:00,1.16341,1.16546,1.16323,1.1648399999999999,106.0,0.0014399999999998858,1
2025-08-06 21:00:00,1.16486,1.1668,1.16476,1.16619,-79.0,0.0013500000000001844,1
2025-08-06 22:00:00,1.16618,1.16633,1.16522,1.16554,-11.0,-0.0006500000000000394,1
2025-08-06 23:00:00,1.16556,1.16596,1.16498,1.16593,6.0,0.00038999999999989043,1
2025-08-07 00:00:00,1.16538,1.1658,1.1650800000000001,1.16564,13.0,-0.00028999999999990145,1
2025-08-07 01:00:00,1.16563,1.16655,1.16563,1.16632,2.0,0.0006800000000000139,1
2025-08-07 02:00:00,1.16627,1.16633,1.16588,1.16626,-35.0,-5.999999999994898e-05,1
2025-08-07 03:00:00,1.16626,1.16634,1.16505,1.1652,74.0,-0.001060000000000061,1
2025-08-07 04:00:00,1.1652,1.16623,1.1649,1.16572,73.0,0.000520000000000076,1
2025-08-07 05:00:00,1.16572,1.16646,1.16556,1.16568,35.0,-2.999999999997449e-05,1
2025-08-07 06:00:00,1.16568,1.16648,1.16527,1.1663999999999999,58.0,0.0007099999999997664,1
2025-08-07 07:00:00,1.1663999999999999,1.16759,1.16625,1.16707,-37.0,0.0006700000000001705,1
2025-08-07 08:00:00,1.16707,1.16758,1.1668,1.16747,-5.0,0.00039999999999995595,1
2025-08-07 09:00:00,1.1675,1.16791,1.16676,1.16754,16.0,7.00000000000145e-05,1
2025-08-07 10:00:00,1.16754,1.16907,1.16727,1.16891,-45.0,0.0013699999999998713,1
2025-08-07 11:00:00,1.16891,1.16982,1.1675200000000001,1.16822,-98.0,-0.0006899999999998574,1
2025-08-07 12:00:00,1.16822,1.16842,1.1670099999999999,1.16702,-50.0,-0.0012000000000000899,1
2025-08-07 13:00:00,1.16702,1.16713,1.16611,1.16695,61.0,-4.0000000000040004e-05,1
2025-08-07 14:00:00,1.16696,1.16763,1.16338,1.16441,21.0,-0.002569999999999961,1
2025-08-07 15:00:00,1.16441,1.16618,1.16371,1.16505,57.0,0.0006399999999999739,1
2025-08-07 16:00:00,1.16506,1.1658,1.16374,1.16422,-4.0,-0.0008299999999998864,1
2025-08-07 17:00:00,1.16422,1.16492,1.16135,1.16238,7.0,-0.0018400000000000638,1
2025-08-07 18:00:00,1.16238,1.16414,1.16105,1.16395,-124.0,0.0015700000000000713,1
2025-08-07 19:00:00,1.16395,1.1644,1.16347,1.16376,-70.0,-0.0001900000000001345,1
2025-08-07 20:00:00,1.16378,1.16392,1.16315,1.16326,-8.0,-0.0004999999999999449,1
2025-08-07 21:00:00,1.1633,1.16367,1.1621,1.16215,74.0,-0.0011099999999999444,1
2025-08-07 22:00:00,1.16216,1.16561,1.16189,1.16537,-31.0,0.0032200000000000006,1
2025-08-07 23:00:00,1.16537,1.16707,1.16537,1.16631,-79.0,0.0009399999999999409,1
2025-08-08 00:00:00,1.16594,1.16687,1.16578,1.16644,-41.0,0.00012999999999996348,1
2025-08-08 01:00:00,1.16645,1.16741,1.16639,1.16721,24.0,0.0007700000000001594,1
2025-08-08 02:00:00,1.16721,1.16777,1.16698,1.16763,42.0,0.0004199999999998649,1
2025-08-08 03:00:00,1.16763,1.16788,1.16669,1.16722,46.0,-0.00041000000000002146,1
2025-08-08 04:00:00,1.16723,1.16733,1.16548,1.16567,-8.0,-0.0015499999999999403,1
2025-08-08 05:00:00,1.16567,1.16644,1.16567,1.16602,-33.0,0.0003500000000000725,1
2025-08-08 06:00:00,1.16601,1.16606,1.16545,1.16593,-1.0,-9.000000000014552e-05,1
2025-08-08 07:00:00,1.16593,1.16629,1.1657,1.16578,-16.0,-0.00012999999999996348,1
2025-08-08 08:00:00,1.16578,1.16595,1.1638600000000001,1.16405,64.0,-0.0017499999999999183,1
2025-08-08 09:00:00,1.16405,1.16522,1.16404,1.16495,85.0,0.0008999999999999009,1
2025-08-08 10:00:00,1.16495,1.1663999999999999,1.16482,1.16586,145.0,0.0009099999999999664,1
2025-08-08 11:00:00,1.16589,1.16623,1.1634,1.16367,78.0,-0.0021899999999999142,1
2025-08-08 12:00:00,1.16365,1.16433,1.16293,1.1641,176.0,0.00042999999999993044,1
2025-08-08 13:00:00,1.1641,1.1647,1.16282,1.16352,49.0,-0.0005799999999998029,1
2025-08-08 14:00:00,1.16353,1.16487,1.16346,1.16432,16.0,0.0007999999999999119,1
2025-08-08 15:00:00,1.16433,1.16531,1.16372,1.16412,148.0,-0.00019999999999997797,1
2025-08-08 16:00:00,1.16413,1.16545,1.16409,1.16482,75.0,0.0006999999999999229,1
2025-08-08 17:00:00,1.16478,1.16624,1.1646,1.16555,23.0,0.0007700000000001594,1
2025-08-08 18:00:00,1.16555,1.16673,1.16537,1.16593,49.0,0.0003799999999998249,1
2025-08-08 19:00:00,1.16593,1.16624,1.16492,1.16558,43.0,-0.00034999999999985043,1
2025-08-08 20:00:00,1.16558,1.16662,1.16532,1.16581,74.0,0.00022999999999995246,1
2025-08-08 21:00:00,1.16585,1.16623,1.16474,1.16553,87.0,-0.000280000000000058,1
2025-08-08 22:00:00,1.16551,1.16557,1.16358,1.16419,75.0,-0.0013399999999998968,1
2025-08-08 23:00:00,1.16419,1.16432,1.16377,1.16397,8.0,-0.000220000000000109,1
2025-08-11 00:00:00,1.16436,1.16512,1.16405,1.16474,-13.0,0.00038000000000004697,1
2025-08-11 01:00:00,1.16474,1.1651,1.16431,1.16465,88.0,-0.0001100000000000545,1
2025-08-11 02:00:00,1.16465,1.16509,1.16442,1.16471,8.0,7.999999999985796e-05,1
2025-08-11 03:00:00,1.16471,1.1648,1.16414,1.16469,15.0,-1.999999999990898e-05,1
2025-08-11 04:00:00,1.16469,1.16583,1.1645,1.16583,47.0,0.0011399999999999189,1
2025-08-11 05:00:00,1.16585,1.16681,1.16585,1.16655,11.0,0.0007200000000000539,1
2025-08-11 06:00:00,1.16657,1.1675,1.16644,1.16708,36.0,0.0005299999999999194,1
2025-08-11 07:00:00,1.16707,1.1675,1.16705,1.16715,7.0,8.000000000008001e-05,1
2025-08-11 08:00:00,1.16714,1.16722,1.16669,1.16688,9.0,-0.000280000000000058,1
2025-08-11 09:00:00,1.16688,1.16734,1.16627,1.16639,-28.0,-0.0004899999999998794,1
2025-08-11 10:00:00,1.16637,1.16653,1.16455,1.16465,-61.0,-0.0017500000000001403,1
2025-08-11 11:00:00,1.16466,1.16599,1.16435,1.16549,-28.0,0.0008500000000000174,1
2025-08-11 12:00:00,1.16548,1.16577,1.16378,1.16407,8.0,-0.0014199999999999768,1
2025-08-11 13:00:00,1.16407,1.16472,1.16401,1.16465,66.0,0.0005800000000000249,1
2025-08-11 14:00:00,1.16463,1.16465,1.16226,1.16281,77.0,-0.0018400000000000638,1
2025-08-11 15:00:00,1.16283,1.16305,1.16136,1.16196,-32.0,-0.0008499999999997954,1
2025-08-11 16:00:00,1.16197,1.16271,1.16155,1.16189,49.0,-7.00000000000145e-05,1
2025-08-11 17:00:00,1.16189,1.16199,1.15899,1.15953,52.0,-0.0023600000000001398,1
2025-08-11 18:00:00,1.15954,1.16064,1.15896,1.16059,59.0,0.001060000000000061,1
2025-08-11 19:00:00,1.16063,1.16114,1.16014,1.1607,47.0,0.0001100000000000545,1
2025-08-11 20:00:00,1.16071,1.1611799999999999,1.15981,1.16104,79.0,0.00034000000000000696,1
2025-08-11 21:00:00,1.16105,1.16137,1.16066,1.1611799999999999,-36.0,0.00012999999999996348,1
2025-08-11 22:00:00,1.16117,1.16122,1.16017,1.16044,12.0,-0.0007300000000001194,1
2025-08-11 23:00:00,1.16043,1.1619,1.16038,1.16149,-6.0,0.0010700000000001264,1
2025-08-12 00:00:00,1.16068,1.16149,1.16067,1.1614,-30.0,-0.0001100000000000545,1
2025-08-12 01:00:00,1.16139,1.16182,1.16098,1.16123,-6.0,-0.00017000000000000348,1
2025-08-12 02:00:00,1.16124,1.16171,1.16121,1.16158,11.0,0.0003500000000000725,1
2025-08-12 03:00:00,1.16158,1.16194,1.16114,1.16148,4.0,-9.999999999998899e-05,1
2025-08-12 04:00:00,1.16147,1.16248,1.16139,1.16186,-8.0,0.0003799999999998249,1
2025-08-12 05:00:00,1.16186,1.16248,1.1617,1.16223,47.0,0.0003700000000002035,1
2025-08-12 06:00:00,1.16223,1.16238,1.1617899999999999,1.16202,43.0,-0.00021000000000004349,1
2025-08-12 07:00:00,1.16198,1.1627399999999999,1.16151,1.16271,41.0,0.0006899999999998574,1
2025-08-12 08:00:00,1.16271,1.16285,1.16128,1.16134,-6.0,-0.0013699999999998713,1
2025-08-12 09:00:00,1.16134,1.1618,1.16076,1.16087,-125.0,-0.00046999999999997044,1
2025-08-12 10:00:00,1.16087,1.16234,1.16076,1.16197,44.0,0.0010999999999998789,1
2025-08-12 11:00:00,1.16197,1.16218,1.16113,1.16143,102.0,-0.0005399999999999849,1
2025-08-12 12:00:00,1.16143,1.16178,1.16,1.16061,29.0,-0.0008200000000000429,1
2025-08-12 13:00:00,1.16058,1.16125,1.16052,1.16096,1.0,0.0003500000000000725,1
2025-08-12 14:00:00,1.16096,1.16106,1.15982,1.16046,61.0,-0.0004999999999999449,1
2025-08-12 15:00:00,1.1604700000000001,1.16553,1.16007,1.16415,-8.0,0.003689999999999971,1
2025-08-12 16:00:00,1.16415,1.1667,1.1616900000000001,1.1651799999999999,9.0,0.0010299999999998644,1
2025-08-12 17:00:00,1.1651799999999999,1.16622,1.16412,1.16575,-13.0,0.0005700000000001815,1
2025-08-12 18:00:00,1.16574,1.16966,1.16556,1.16717,-2.0,0.0014199999999999768,1
2025-08-12 19:00:00,1.16717,1.16855,1.1665,1.16793,56.0,0.0007599999999998719,1
2025-08-12 20:00:00,1.16793,1.168,1.16709,1.16727,50.0,-0.0006599999999998829,1
2025-08-12 21:00:00,1.1673,1.16781,1.16641,1.16682,53.0,-0.00045000000000006146,1
2025-08-12 22:00:00,1.16681,1.1675,1.1663999999999999,1.16742,52.0,0.0005999999999999339,1
2025-08-12 23:00:00,1.16742,1.16766,1.16711,1.16721,-22.0,-0.00020999999999982144,1
2025-08-13 00:00:00,1.16696,1.16744,1.16676,1.1672500000000001,-10.0,4.0000000000040004e-05,1
2025-08-13 01:00:00,1.1672500000000001,1.16772,1.16722,1.16761,16.0,0.00035999999999991594,1
2025-08-13 02:00:00,1.1676199999999999,1.16788,1.16747,1.1677,6.0,8.999999999992347e-05,1
2025-08-13 03:00:00,1.16769,1.16803,1.16702,1.16794,-50.0,0.00024000000000001798,1
2025-08-13 04:00:00,1.16794,1.16859,1.16756,1.16767,-27.0,-0.00026999999999999247,1
2025-08-13 05:00:00,1.16767,1.16855,1.1670099999999999,1.16814,25.0,0.00046999999999997044,1
2025-08-13 06:00:00,1.16814,1.16871,1.16792,1.16834,26.0,0.00019999999999997797,1
2025-08-13 07:00:00,1.16832,1.16855,1.16811,1.16836,6.0,2.0000000000131024e-05,1
2025-08-13 08:00:00,1.16837,1.1684700000000001,1.16761,1.16787,74.0,-0.0004900000000001015,1
2025-08-13 09:00:00,1.1678600000000001,1.16964,1.16785,1.16915,-16.0,0.0012799999999999478,1
2025-08-13 10:00:00,1.16915,1.17124,1.16913,1.17079,-35.0,0.0016300000000000203,1
2025-08-13 11:00:00,1.17075,1.17199,1.17065,1.17135,-123.0,0.0005699999999999594,1
2025-08-13 12:00:00,1.17135,1.17297,1.17135,1.17288,65.0,0.0015300000000000313,1
2025-08-13 13:00:00,1.17288,1.17296,1.17158,1.1716,-38.0,-0.0012799999999999478,1
2025-08-13 14:00:00,1.17159,1.17185,1.17073,1.17185,38.0,0.0002500000000000835,1
2025-08-13 15:00:00,1.17184,1.17211,1.1696900000000001,1.16982,-28.0,-0.0020299999999999763,1
2025-08-13 16:00:00,1.16984,1.17065,1.16926,1.17042,66.0,0.0005999999999999339,1
2025-08-13 17:00:00,1.1703999999999999,1.1723,1.17024,1.17196,50.0,0.0015600000000000058,1
2025-08-13 18:00:00,1.17196,1.17222,1.17079,1.17133,-36.0,-0.0006399999999999739,1
2025-08-13 19:00:00,1.17133,1.17146,1.1706,1.17063,-71.0,-0.0006899999999998574,1
2025-08-13 20:00:00,1.17063,1.17103,1.17022,1.17035,-11.0,-0.000280000000000058,1
2025-08-13 21:00:00,1.17035,1.17039,1.16954,1.16999,48.0,-0.00036999999999998145,1
2025-08-13 22:00:00,1.16998,1.17035,1.1696900000000001,1.16989,-8.0,-8.999999999992347e-05,1
2025-08-13 23:00:00,1.16988,1.17064,1.16987,1.17037,-27.0,0.0004799999999998139,1
2025-08-14 00:00:00,1.16999,1.17055,1.16961,1.17045,-4.0,8.000000000008001e-05,1
2025-08-14 01:00:00,1.17045,1.17076,1.17041,1.17075,4.0,0.00029999999999996696,1
2025-08-14 02:00:00,1.17075,1.17121,1.17069,1.17118,16.0,0.0004300000000001525,1
2025-08-14 03:00:00,1.17118,1.17143,1.17088,1.17107,-41.0,-0.0001100000000000545,1
2025-08-14 04:00:00,1.17107,1.17146,1.17086,1.17123,-32.0,0.00015999999999993797,1
2025-08-14 05:00:00,1.17123,1.17123,1.16986,1.17044,-16.0,-0.0007900000000000684,1
2025-08-14 06:00:00,1.17045,1.17047,1.16991,1.1703000000000001,25.0,-0.00013999999999980695,1
2025-08-14 07:00:00,1.17029,1.1706,1.1701,1.17033,-46.0,2.999999999997449e-05,1
2025-08-14 08:00:00,1.17034,1.17034,1.16966,1.17009,-49.0,-0.00024000000000001798,1
2025-08-14 09:00:00,1.17007,1.17059,1.16843,1.16846,-74.0,-0.0016300000000000203,1
2025-08-14 10:00:00,1.1684700000000001,1.16923,1.16774,1.16793,32.0,-0.0005300000000001415,1
2025-08-14 11:00:00,1.16791,1.1684700000000001,1.1667399999999999,1.16679,18.0,-0.0011399999999999189,1
2025-08-14 12:00:00,1.16679,1.16863,1.16678,1.1681300000000001,-23.0,0.0013700000000000934,1
2025-08-14 13:00:00,1.1681300000000001,1.16968,1.16809,1.16948,-76.0,0.0013299999999998313,1
2025-08-14 14:00:00,1.16947,1.1696,1.1682299999999999,1.16872,-125.0,-0.0007800000000000029,1
2025-08-14 15:00:00,1.16876,1.16919,1.16487,1.16632,19.0,-0.0023799999999998267,1
2025-08-14 16:00:00,1.16632,1.16708,1.16487,1.16496,14.0,-0.0013700000000000934,1
2025-08-14 17:00:00,1.16496,1.16659,1.16373,1.1660300000000001,-48.0,0.0010700000000001264,1
2025-08-14 18:00:00,1.1660300000000001,1.16616,1.1637,1.16425,-50.0,-0.0017800000000001148,1
2025-08-14 19:00:00,1.16424,1.16446,1.16305,1.16338,-20.0,-0.0008699999999999264,1
2025-08-14 20:00:00,1.16342,1.16433,1.16309,1.16364,112.0,0.00025999999999992696,1
2025-08-14 21:00:00,1.16363,1.16419,1.1632500000000001,1.16408,26.0,0.00043999999999999595,1
2025-08-14 22:00:00,1.1641,1.16498,1.16409,1.16476,-34.0,0.0006800000000000139,1
2025-08-14 23:00:00,1.16475,1.16497,1.16443,1.16471,-62.0,-5.0000000000105516e-05,1
2025-08-15 00:00:00,1.1647,1.16496,1.16451,1.16496,-4.0,0.0002500000000000835,1
2025-08-15 01:00:00,1.16497,1.16526,1.16475,1.16494,-17.0,-1.999999999990898e-05,1
2025-08-15 02:00:00,1.16494,1.16524,1.16456,1.16501,-35.0,7.00000000000145e-05,1
2025-08-15 03:00:00,1.16501,1.16527,1.16463,1.16516,4.0,0.00014999999999987246,1
2025-08-15 04:00:00,1.16519,1.16574,1.16478,1.16524,-46.0,8.000000000008001e-05,1
2025-08-15 05:00:00,1.16524,1.16572,1.1649,1.16563,-26.0,0.00038999999999989043,1
2025-08-15 06:00:00,1.16564,1.1663999999999999,1.16562,1.16595,-57.0,0.000320000000000098,1
2025-08-15 07:00:00,1.16595,1.16631,1.16584,1.16624,0.0,0.00028999999999990145,1
2025-08-15 08:00:00,1.16624,1.16707,1.16607,1.16704,17.0,0.0007900000000000684,1
2025-08-15 09:00:00,1.16706,1.16742,1.16647,1.16713,-136.0,9.999999999998899e-05,1
2025-08-15 10:00:00,1.16717,1.16836,1.16715,1.16822,42.0,0.0010799999999999699,1
2025-08-15 11:00:00,1.1682,1.1684700000000001,1.16761,1.16818,14.0,-2.999999999997449e-05,1
2025-08-15 12:00:00,1.16817,1.16893,1.16797,1.16871,6.0,0.0005299999999999194,1
2025-08-15 13:00:00,1.16871,1.16909,1.16801,1.16854,-51.0,-0.00017000000000000348,1
2025-08-15 14:00:00,1.16853,1.16912,1.16811,1.16871,23.0,0.00017000000000000348,1
2025-08-15 15:00:00,1.16871,1.16994,1.16732,1.16934,57.0,0.0006300000000001305,1
2025-08-15 16:00:00,1.1694499999999999,1.17075,1.1681300000000001,1.17028,1.0,0.0009399999999999409,1
2025-08-15 17:00:00,1.17028,1.17147,1.17002,1.17112,-27.0,0.0008399999999999519,1
2025-08-15 18:00:00,1.17112,1.17145,1.1703000000000001,1.17063,15.0,-0.0004899999999998794,1
2025-08-15 19:00:00,1.17063,1.17077,1.16991,1.17033,-25.0,-0.000320000000000098,1
2025-08-15 20:00:00,1.17033,1.17053,1.16989,1.17038,6.0,7.00000000000145e-05,1
2025-08-15 21:00:00,1.17039,1.17061,1.16981,1.17021,-18.0,-0.000180000000000069,1
2025-08-15 22:00:00,1.1702,1.17031,1.16994,1.17004,-25.0,-0.00015999999999993797,1
2025-08-15 23:00:00,1.17004,1.17075,1.16973,1.17066,28.0,0.0006200000000000649,1
2025-08-18 00:00:00,1.17096,1.1713,1.17056,1.17122,-12.0,0.00025999999999992696,1
2025-08-18 01:00:00,1.1712500000000001,1.17157,1.17093,1.17127,-31.0,5.0000000000105516e-05,1
2025-08-18 02:00:00,1.17131,1.17138,1.17033,1.17059,-47.0,-0.0006800000000000139,1
2025-08-18 03:00:00,1.17059,1.1710099999999999,1.16997,1.17011,-17.0,-0.00048000000000003595,1
2025-08-18 04:00:00,1.17011,1.17041,1.16932,1.17027,130.0,0.00015999999999993797,1
2025-08-18 05:00:00,1.17027,1.17048,1.1696900000000001,1.17007,13.0,-0.00019999999999997797,1
2025-08-18 06:00:00,1.17007,1.17042,1.16992,1.17031,59.0,0.00024000000000001798,1
2025-08-18 07:00:00,1.17031,1.17098,1.17022,1.17079,43.0,0.00048000000000003595,1
2025-08-18 08:00:00,1.17076,1.17083,1.17007,1.17056,-33.0,-0.00022999999999995246,1
2025-08-18 09:00:00,1.17056,1.17073,1.16931,1.16958,1.0,-0.0009799999999999809,1
2025-08-18 10:00:00,1.16959,1.17029,1.16798,1.16808,-61.0,-0.0015000000000000568,1
2025-08-18 11:00:00,1.16805,1.16869,1.16705,1.1681300000000001,92.0,5.999999999994898e-05,1
2025-08-18 12:00:00,1.1681300000000001,1.16855,1.1672500000000001,1.16797,104.0,-0.00017000000000000348,1
2025-08-18 13:00:00,1.16797,1.16824,1.16768,1.16803,40.0,5.999999999994898e-05,1
2025-08-18 14:00:00,1.16804,1.16878,1.16712,1.16744,-16.0,-0.0005899999999998684,1
2025-08-18 15:00:00,1.16748,1.16784,1.16656,1.16759,-18.0,0.00014999999999987246,1
2025-08-18 16:00:00,1.1676,1.16773,1.1669,1.16772,44.0,0.00013000000000018552,1
2025-08-18 17:00:00,1.16773,1.16839,1.16599,1.16636,-41.0,-0.0013699999999998713,1
2025-08-18 18:00:00,1.16636,1.1674,1.1660300000000001,1.16683,-22.0,0.00046999999999997044,1
2025-08-18 19:00:00,1.16651,1.16668,1.16555,1.16574,46.0,-0.0010900000000000354,1
2025-08-18 20:00:00,1.16573,1.16661,1.16563,1.16623,-19.0,0.0004900000000001015,1
2025-08-18 21:00:00,1.16622,1.16673,1.1657899999999999,1.16595,-70.0,-0.000280000000000058,1
2025-08-18 22:00:00,1.16595,1.167,1.16593,1.16663,4.0,0.0006800000000000139,1
2025-08-18 23:00:00,1.16663,1.16689,1.16593,1.166,7.0,-0.0006300000000001305,1
2025-08-19 00:00:00,1.1659,1.166,1.16576,1.16598,-2.0,-1.999999999990898e-05,1
2025-08-19 01:00:00,1.16598,1.16747,1.16591,1.1669,-3.0,0.0009200000000000319,1
2025-08-19 02:00:00,1.1669,1.16692,1.16615,1.16675,-62.0,-0.0001500000000000945,1
2025-08-19 03:00:00,1.16675,1.16696,1.16554,1.1657899999999999,-71.0,-0.0009600000000000719,1
2025-08-19 04:00:00,1.16578,1.16617,1.1638600000000001,1.16489,59.0,-0.0008999999999999009,1
2025-08-19 05:00:00,1.16489,1.16555,1.16466,1.16523,29.0,0.00034000000000000696,1
2025-08-19 06:00:00,1.16523,1.16584,1.16499,1.16545,14.0,0.000220000000000109,1
2025-08-19 07:00:00,1.16539,1.16612,1.1653,1.16601,4.0,0.0005599999999998939,1
2025-08-19 08:00:00,1.16602,1.16652,1.16536,1.16547,-24.0,-0.0005399999999999849,1
2025-08-19 09:00:00,1.16548,1.16741,1.16507,1.16738,19.0,0.0019100000000000783,1
2025-08-19 10:00:00,1.1674,1.16837,1.1673,1.16831,37.0,0.0009299999999998754,1
2025-08-19 11:00:00,1.16832,1.16837,1.16711,1.16745,-30.0,-0.0008599999999998609,1
2025-08-19 12:00:00,1.16747,1.16816,1.16721,1.1679599999999999,-10.0,0.0005199999999998539,1
2025-08-19 13:00:00,1.16797,1.16917,1.16787,1.1688,-2.0,0.0008399999999999519,1
2025-08-19 14:00:00,1.1688,1.16924,1.1679599999999999,1.16851,35.0,-0.00029999999999996696,1
2025-08-19 15:00:00,1.16851,1.1687400000000001,1.1672500000000001,1.1675,-9.0,-0.0010099999999999554,1
2025-08-19 16:00:00,1.1675,1.16777,1.16676,1.16758,66.0,8.000000000008001e-05,1
2025-08-19 17:00:00,1.16757,1.16769,1.16636,1.16717,-9.0,-0.00039999999999995595,1
2025-08-19 18:00:00,1.16717,1.16748,1.16571,1.16582,-33.0,-0.0013499999999999623,1
2025-08-19 19:00:00,1.16587,1.16626,1.1654,1.16558,103.0,-0.00024000000000001798,1
2025-08-19 20:00:00,1.16559,1.16602,1.16525,1.16541,11.0,-0.00017000000000000348,1
2025-08-19 21:00:00,1.16541,1.16543,1.16418,1.16468,3.0,-0.0007300000000001194,1
2025-08-19 22:00:00,1.16467,1.16476,1.16421,1.1646,5.0,-7.999999999985796e-05,1
2025-08-19 23:00:00,1.16461,1.16475,1.16429,1.16453,0.0,-7.00000000000145e-05,1
2025-08-20 00:00:00,1.16393,1.1650800000000001,1.16393,1.1646,-10.0,7.00000000000145e-05,1
2025-08-20 01:00:00,1.1646,1.16486,1.1644,1.16477,-15.0,0.00017000000000000348,1
2025-08-20 02:00:00,1.16477,1.1648,1.16401,1.16409,-18.0,-0.0006800000000000139,1
2025-08-20 03:00:00,1.16409,1.16419,1.16309,1.16382,5.0,-0.00026999999999999247,1
2025-08-20 04:00:00,1.16382,1.16417,1.16265,1.16269,-72.0,-0.0011300000000000754,1
2025-08-20 05:00:00,1.16269,1.1629,1.16218,1.16257,53.0,-0.0001100000000000545,1
2025-08-20 06:00:00,1.16257,1.1635900000000001,1.16257,1.16326,34.0,0.0006800000000000139,1
2025-08-20 07:00:00,1.16326,1.16376,1.16319,1.16339,2.0,0.00012999999999996348,1
2025-08-20 08:00:00,1.1634,1.16399,1.16317,1.16388,-27.0,0.0005300000000001415,1
2025-08-20 09:00:00,1.16387,1.16418,1.16226,1.16331,-80.0,-0.0006099999999999994,1
2025-08-20 10:00:00,1.16331,1.16463,1.16329,1.16443,74.0,0.0011200000000000099,1
2025-08-20 11:00:00,1.16443,1.16461,1.16312,1.16372,-65.0,-0.0007099999999999884,1
2025-08-20 12:00:00,1.16371,1.1645699999999999,1.16345,1.16445,8.0,0.0007299999999998974,1
2025-08-20 13:00:00,1.16445,1.1657,1.16432,1.16464,-2.0,0.00018999999999991246,1
2025-08-20 14:00:00,1.16464,1.16494,1.16398,1.16413,18.0,-0.0005099999999997884,1
2025-08-20 15:00:00,1.16413,1.16731,1.16413,1.16705,-47.0,0.0029199999999998116,1
2025-08-20 16:00:00,1.16705,1.16714,1.16555,1.16582,-116.0,-0.0012299999999998423,1
2025-08-20 17:00:00,1.16582,1.16685,1.1648,1.16624,-25.0,0.00042999999999993044,1
2025-08-20 18:00:00,1.16624,1.16627,1.1645699999999999,1.16475,16.0,-0.0015000000000000568,1
2025-08-20 19:00:00,1.16477,1.1661299999999999,1.16474,1.16593,96.0,0.0011799999999999589,1
2025-08-20 20:00:00,1.16592,1.16719,1.16588,1.16709,4.0,0.0011600000000000499,1
2025-08-20 21:00:00,1.16711,1.16711,1.16544,1.16545,-61.0,-0.0016399999999998638,1
2025-08-20 22:00:00,1.16545,1.1658,1.1652,1.16522,-39.0,-0.0002300000000001745,1
2025-08-20 23:00:00,1.16523,1.16523,1.16459,1.16493,-2.0,-0.00028999999999990145,1
2025-08-21 00:00:00,1.16486,1.16523,1.16469,1.16488,16.0,-5.0000000000105516e-05,1
2025-08-21 01:00:00,1.16493,1.16545,1.16493,1.16521,10.0,0.0003300000000001635,1
2025-08-21 02:00:00,1.16521,1.16529,1.16477,1.16504,-27.0,-0.00017000000000000348,1
2025-08-21 03:00:00,1.16502,1.16511,1.16408,1.16462,24.0,-0.00042000000000008697,1
2025-08-21 04:00:00,1.16462,1.165,1.16408,1.1645699999999999,11.0,-5.0000000000105516e-05,1
2025-08-21 05:00:00,1.16455,1.16489,1.1643,1.16461,-6.0,4.0000000000040004e-05,1
2025-08-21 06:00:00,1.16461,1.16483,1.16412,1.16455,19.0,-5.999999999994898e-05,1
2025-08-21 07:00:00,1.16455,1.16477,1.1642299999999999,1.1644700000000001,-14.0,-7.999999999985796e-05,1
2025-08-21 08:00:00,1.1645,1.16491,1.16413,1.16488,75.0,0.0004099999999997994,1
2025-08-21 09:00:00,1.16489,1.16492,1.16253,1.16293,-107.0,-0.0019499999999998963,1
2025-08-21 10:00:00,1.16294,1.16608,1.16245,1.16574,19.0,0.002809999999999979,1
2025-08-21 11:00:00,1.1657899999999999,1.16589,1.16497,1.1654200000000001,-5.0,-0.00031999999999987594,1
2025-08-21 12:00:00,1.1654200000000001,1.16622,1.16532,1.16543,21.0,9.999999999843467e-06,1
2025-08-21 13:00:00,1.16536,1.1656,1.16477,1.16487,58.0,-0.0005699999999999594,1
2025-08-21 14:00:00,1.16487,1.16568,1.16391,1.16399,21.0,-0.0008699999999999264,1
2025-08-21 15:00:00,1.16405,1.16558,1.16363,1.16461,-2.0,0.0006199999999998429,1
2025-08-21 16:00:00,1.16462,1.16494,1.1615,1.16204,-3.0,-0.002569999999999961,1
2025-08-21 17:00:00,1.16204,1.16289,1.16056,1.16151,-75.0,-0.0005299999999999194,1
2025-08-21 18:00:00,1.1615,1.16251,1.16007,1.1604,-104.0,-0.0011099999999999444,1
2025-08-21 19:00:00,1.1604,1.16113,1.16009,1.16106,88.0,0.0006599999999998829,1
2025-08-21 20:00:00,1.16106,1.16181,1.16106,1.16143,85.0,0.00036999999999998145,1
2025-08-21 21:00:00,1.16144,1.16163,1.16064,1.1609099999999999,77.0,-0.000520000000000076,1
2025-08-21 22:00:00,1.16092,1.16097,1.16032,1.16044,18.0,-0.00046999999999997044,1
2025-08-21 23:00:00,1.16045,1.16079,1.16029,1.16056,20.0,0.00012000000000012001,1
2025-08-22 00:00:00,1.16012,1.16088,1.16007,1.1604,-12.0,-0.00015999999999993797,1
2025-08-22 01:00:00,1.16038,1.16131,1.16038,1.16126,7.0,0.0008599999999998609,1
2025-08-22 02:00:00,1.16126,1.1614200000000001,1.16087,1.16119,-7.0,-7.00000000000145e-05,1
2025-08-22 03:00:00,1.16114,1.1616,1.16101,1.16143,-40.0,0.00024000000000001798,1
2025-08-22 04:00:00,1.16143,1.1615199999999999,1.16036,1.16076,-27.0,-0.0006699999999999484,1
2025-08-22 05:00:00,1.16075,1.16137,1.16046,1.16083,77.0,7.00000000000145e-05,1
2025-08-22 06:00:00,1.16083,1.16084,1.15884,1.15892,-31.0,-0.0019100000000000783,1
2025-08-22 07:00:00,1.15892,1.1593499999999999,1.15824,1.15839,32.0,-0.0005299999999999194,1
2025-08-22 08:00:00,1.1584,1.15884,1.15827,1.15862,-7.0,0.00022999999999995246,1
2025-08-22 09:00:00,1.15863,1.15946,1.15829,1.15881,2.0,0.00018999999999991246,1
2025-08-22 10:00:00,1.15881,1.15984,1.15879,1.15942,-42.0,0.0006099999999999994,1
2025-08-22 11:00:00,1.15942,1.1599,1.1590799999999999,1.15989,-19.0,0.0004700000000001925,1
2025-08-22 12:00:00,1.15988,1.16019,1.1595,1.1595900000000001,8.0,-0.00029999999999996696,1
2025-08-22 13:00:00,1.1595900000000001,1.15994,1.1593,1.15954,15.0,-5.0000000000105516e-05,1
2025-08-22 14:00:00,1.15954,1.16059,1.15944,1.16039,2.0,0.0008500000000000174,1
2025-08-22 15:00:00,1.16043,1.16131,1.16042,1.1608100000000001,10.0,0.00042000000000008697,1
2025-08-22 16:00:00,1.1608100000000001,1.16186,1.1597,1.15991,-57.0,-0.0009000000000001229,1
2025-08-22 17:00:00,1.1599599999999999,1.17194,1.1599599999999999,1.17176,50.0,0.011820000000000164,1
2025-08-22 18:00:00,1.17177,1.17316,1.1712500000000001,1.17129,67.0,-0.0004900000000001015,1
2025-08-22 19:00:00,1.17129,1.17259,1.17114,1.17214,175.0,0.0008500000000000174,1
2025-08-22 20:00:00,1.17214,1.1742,1.17214,1.17364,108.0,0.0015000000000000568,1
2025-08-22 21:00:00,1.17364,1.17388,1.17206,1.17207,-7.0,-0.0015700000000000713,1
2025-08-22 22:00:00,1.17209,1.1722,1.17144,1.17194,11.0,-0.00012999999999996348,1
2025-08-22 23:00:00,1.17194,1.17264,1.17176,1.17208,-1.0,0.000140000000000029,1
2025-08-25 00:00:00,1.17199,1.17286,1.17196,1.17235,36.0,0.00035999999999991594,1
2025-08-25 01:00:00,1.17235,1.17244,1.17104,1.17124,104.0,-0.0011099999999999444,1
2025-08-25 02:00:00,1.17124,1.1714,1.17071,1.17078,33.0,-0.000460000000000127,1
2025-08-25 03:00:00,1.17078,1.17078,1.1695,1.16975,45.0,-0.0010299999999998644,1
2025-08-25 04:00:00,1.16974,1.1703000000000001,1.16931,1.16958,18.0,-0.00017000000000000348,1
2025-08-25 05:00:00,1.16958,1.16996,1.16933,1.16966,-3.0,7.00000000000145e-05,1
2025-08-25 06:00:00,1.16965,1.17071,1.16965,1.17062,21.0,0.0009699999999999154,1
2025-08-25 07:00:00,1.17064,1.17073,1.17028,1.17053,-31.0,-8.999999999992347e-05,1
2025-08-25 08:00:00,1.17053,1.17053,1.16978,1.17,-37.0,-0.0005300000000001415,1
2025-08-25 09:00:00,1.17003,1.172,1.17003,1.17142,29.0,0.0014199999999999768,1
2025-08-25 10:00:00,1.17142,1.17174,1.16941,1.16971,51.0,-0.0017099999999998783,1
2025-08-25 11:00:00,1.16968,1.17102,1.16968,1.17036,22.0,0.0006500000000000394,1
2025-08-25 12:00:00,1.17036,1.1703999999999999,1.16895,1.16926,3.0,-0.001100000000000101,1
2025-08-25 13:00:00,1.16926,1.16967,1.1684700000000001,1.16871,33.0,-0.0005500000000000504,1
2025-08-25 14:00:00,1.16875,1.17024,1.1687,1.17023,113.0,0.0015200000000001879,1
2025-08-25 15:00:00,1.17021,1.17029,1.16933,1.16992,12.0,-0.00031000000000003247,1
2025-08-25 16:00:00,1.16991,1.17086,1.16942,1.17025,0.0,0.00032999999999994145,1
2025-08-25 17:00:00,1.17025,1.17051,1.16886,1.16896,19.0,-0.0013000000000000789,1
2025-08-25 18:00:00,1.16896,1.16911,1.1665,1.16687,-19.0,-0.0020799999999998597,1
2025-08-25 19:00:00,1.16687,1.16689,1.16509,1.1654200000000001,-85.0,-0.0014499999999999513,1
2025-08-25 20:00:00,1.16543,1.16553,1.16404,1.16462,-30.0,-0.0008200000000000429,1
2025-08-25 21:00:00,1.16462,1.16478,1.16185,1.16199,-123.0,-0.002610000000000001,1
2025-08-25 22:00:00,1.16199,1.16208,1.16024,1.1609,-46.0,-0.0010900000000000354,1
2025-08-25 23:00:00,1.16089,1.16251,1.16087,1.1617899999999999,44.0,0.0008899999999998354,1
2025-08-26 00:00:00,1.16158,1.16183,1.1613,1.16183,-5.0,2.0000000000131024e-05,1
2025-08-26 01:00:00,1.16183,1.1622,1.1617899999999999,1.16199,15.0,0.000180000000000069,1
2025-08-26 02:00:00,1.162,1.16208,1.1612,1.1614,-10.0,-0.0005900000000000905,1
2025-08-26 03:00:00,1.1614200000000001,1.16594,1.16097,1.16474,-86.0,0.0033400000000001207,1
2025-08-26 04:00:00,1.16474,1.16496,1.16345,1.16413,67.0,-0.0005900000000000905,1
2025-08-26 05:00:00,1.16413,1.16467,1.1632,1.1636,-24.0,-0.0005500000000000504,1
2025-08-26 06:00:00,1.1636,1.1636,1.16235,1.16252,34.0,-0.0010799999999999699,1
2025-08-26 07:00:00,1.16252,1.16316,1.16231,1.16313,56.0,0.0006099999999999994,1
2025-08-26 08:00:00,1.16314,1.16438,1.1629,1.16408,-31.0,0.0009500000000000064,1
2025-08-26 09:00:00,1.16407,1.16407,1.1613,1.16217,-116.0,-0.0019100000000000783,1
2025-08-26 10:00:00,1.16217,1.16281,1.16017,1.16211,-38.0,-5.999999999994898e-05,1
2025-08-26 11:00:00,1.16211,1.16244,1.16054,1.16174,-41.0,-0.00036999999999998145,1
2025-08-26 12:00:00,1.16174,1.1643,1.16171,1.16419,0.0,0.0024500000000000632,1
2025-08-26 13:00:00,1.16419,1.16469,1.16367,1.16444,-5.0,0.00024999999999986144,1
2025-08-26 14:00:00,1.16445,1.166,1.16411,1.16534,21.0,0.0008900000000000574,1
2025-08-26 15:00:00,1.16534,1.16594,1.16444,1.16458,37.0,-0.0007500000000000284,1
2025-08-26 16:00:00,1.16455,1.1656,1.16368,1.1650800000000001,67.0,0.000500000000000167,1
2025-08-26 17:00:00,1.1650800000000001,1.16647,1.1643,1.16541,-62.0,0.00032999999999994145,1
2025-08-26 18:00:00,1.1654200000000001,1.16631,1.16483,1.1655,83.0,8.999999999992347e-05,1
2025-08-26 19:00:00,1.16554,1.1661,1.1648,1.16483,-37.0,-0.0006699999999999484,1
2025-08-26 20:00:00,1.1648399999999999,1.16522,1.16371,1.16373,-26.0,-0.001100000000000101,1
2025-08-26 21:00:00,1.16373,1.16469,1.1633,1.16431,81.0,0.0005800000000000249,1
2025-08-26 22:00:00,1.16431,1.1648100000000001,1.16393,1.16401,18.0,-0.00029999999999996696,1
2025-08-26 23:00:00,1.164,1.16426,1.1633,1.16402,12.0,1.999999999990898e-05,1
2025-08-27 00:00:00,1.16402,1.16454,1.16401,1.16427,34.0,0.00024000000000001798,1
2025-08-27 01:00:00,1.16427,1.16471,1.16404,1.16425,-9.0,-1.999999999990898e-05,1
2025-08-27 02:00:00,1.16425,1.16434,1.16364,1.16366,-50.0,-0.0005900000000000905,1
2025-08-27 03:00:00,1.16367,1.16413,1.16332,1.1636199999999999,-3.0,-4.0000000000040004e-05,1
2025-08-27 04:00:00,1.16363,1.16401,1.16303,1.16332,22.0,-0.00029999999999996696,1
2025-08-27 05:00:00,1.16332,1.16337,1.16243,1.16308,6.0,-0.00024000000000001798,1
2025-08-27 06:00:00,1.16308,1.16324,1.1621299999999999,1.16246,-4.0,-0.0006199999999998429,1
2025-08-27 07:00:00,1.16246,1.16249,1.16116,1.16135,50.0,-0.0011099999999999444,1
2025-08-27 08:00:00,1.16135,1.16199,1.1613,1.16197,3.0,0.0006199999999998429,1
2025-08-27 09:00:00,1.16197,1.16233,1.16139,1.16202,10.0,5.0000000000105516e-05,1
2025-08-27 10:00:00,1.1620300000000001,1.1621299999999999,1.1595900000000001,1.1602999999999999,-65.0,-0.0017200000000001658,1
2025-08-27 11:00:00,1.16029,1.16031,1.15766,1.15881,-22.0,-0.0014899999999999913,1
2025-08-27 12:00:00,1.15883,1.15944,1.15859,1.15896,-69.0,0.00017000000000022553,1
2025-08-27 13:00:00,1.15896,1.1592,1.15783,1.15788,-43.0,-0.0010900000000000354,1
2025-08-27 14:00:00,1.15789,1.15892,1.15736,1.15857,-40.0,0.0006800000000000139,1
2025-08-27 15:00:00,1.15857,1.15977,1.15839,1.15858,-24.0,9.999999999843467e-06,1
2025-08-27 16:00:00,1.15858,1.16033,1.15838,1.15974,-105.0,0.0011600000000000499,1
2025-08-27 17:00:00,1.15974,1.16023,1.15816,1.15916,-118.0,-0.0005800000000000249,1
2025-08-27 18:00:00,1.15918,1.16117,1.15917,1.16102,-71.0,0.0018599999999999728,1
2025-08-27 19:00:00,1.16102,1.16404,1.16102,1.16377,23.0,0.00275000000000003,1
2025-08-27 20:00:00,1.16379,1.16422,1.1632,1.16373,-8.0,-4.0000000000040004e-05,1
2025-08-27 21:00:00,1.16373,1.16376,1.1627399999999999,1.163,4.0,-0.0007299999999998974,1
2025-08-27 22:00:00,1.16299,1.16345,1.16285,1.16331,36.0,0.00031000000000003247,1
2025-08-27 23:00:00,1.16331,1.16378,1.16309,1.16369,-41.0,0.0003799999999998249,1
2025-08-28 00:00:00,1.16331,1.16373,1.1631,1.1636,-5.0,-8.999999999992347e-05,1
2025-08-28 01:00:00,1.1636,1.16435,1.1636,1.16428,10.0,0.0006800000000000139,1
2025-08-28 02:00:00,1.16428,1.16472,1.16418,1.1647,-1.0,0.00042000000000008697,1
2025-08-28 03:00:00,1.1647,1.16488,1.16421,1.16451,20.0,-0.0001900000000001345,1
2025-08-28 04:00:00,1.16451,1.16499,1.1641,1.16446,26.0,-4.999999999988347e-05,1
2025-08-28 05:00:00,1.1644700000000001,1.1654200000000001,1.16441,1.16521,-15.0,0.0007500000000000284,1
2025-08-28 06:00:00,1.16521,1.16539,1.16418,1.16424,-51.0,-0.0009700000000001374,1
2025-08-28 07:00:00,1.16425,1.16435,1.16383,1.16393,28.0,-0.00031000000000003247,1
2025-08-28 08:00:00,1.16393,1.16402,1.16354,1.16369,37.0,-0.00024000000000001798,1
2025-08-28 09:00:00,1.1637,1.16446,1.16334,1.1642299999999999,68.0,0.0005399999999999849,1
2025-08-28 10:00:00,1.16422,1.1649,1.16334,1.16432,4.0,9.000000000014552e-05,1
2025-08-28 11:00:00,1.16429,1.1645,1.16286,1.16419,68.0,-0.00012999999999996348,1
2025-08-28 12:00:00,1.16419,1.1654,1.16419,1.16483,-20.0,0.0006399999999999739,1
2025-08-28 13:00:00,1.16483,1.16744,1.16477,1.16709,5.0,0.0022499999999998632,1
2025-08-28 14:00:00,1.16709,1.16731,1.16589,1.1666,-12.0,-0.0004799999999998139,1
2025-08-28 15:00:00,1.16662,1.16866,1.1662,1.1669100000000001,4.0,0.00031000000000003247,1
2025-08-28 16:00:00,1.1669100000000001,1.16767,1.16581,1.16715,55.0,0.00023999999999979593,1
2025-08-28 17:00:00,1.16717,1.16855,1.16655,1.16698,-47.0,-0.00012999999999996348,1
2025-08-28 18:00:00,1.16698,1.16748,1.16607,1.16716,-20.0,0.00011999999999989797,1
2025-08-28 19:00:00,1.16717,1.16894,1.16713,1.16888,46.0,0.0017199999999999438,1
2025-08-28 20:00:00,1.16888,1.1696900000000001,1.16864,1.1687400000000001,-72.0,-0.00013999999999980695,1
2025-08-28 21:00:00,1.1687400000000001,1.16896,1.16843,1.16885,9.0,0.00010999999999983245,1
2025-08-28 22:00:00,1.16885,1.16896,1.16817,1.16821,1.0,-0.0006399999999999739,1
2025-08-28 23:00:00,1.16821,1.16829,1.16757,1.16812,48.0,-8.999999999992347e-05,1
2025-08-29 00:00:00,1.168,1.16809,1.16746,1.16775,-50.0,-0.00036999999999998145,1
2025-08-29 01:00:00,1.1677,1.16802,1.16731,1.1673499999999999,-23.0,-0.000400000000000178,1
2025-08-29 02:00:00,1.1673499999999999,1.16814,1.16732,1.16781,-7.0,0.000460000000000127,1
2025-08-29 03:00:00,1.16782,1.16816,1.16722,1.16742,61.0,-0.0003900000000001125,1
2025-08-29 04:00:00,1.16742,1.16759,1.16557,1.16582,69.0,-0.0015999999999998238,1
2025-08-29 05:00:00,1.16584,1.16646,1.16584,1.1661299999999999,111.0,0.00030999999999981043,1
2025-08-29 06:00:00,1.1661299999999999,1.16643,1.16594,1.16621,-19.0,8.000000000008001e-05,1
2025-08-29 07:00:00,1.16621,1.16642,1.1657899999999999,1.16642,6.0,0.00021000000000004349,1
2025-08-29 08:00:00,1.16642,1.16697,1.16608,1.16693,74.0,0.0005100000000000104,1
2025-08-29 09:00:00,1.16693,1.167,1.16607,1.16676,44.0,-0.00017000000000000348,1
2025-08-29 10:00:00,1.16667,1.16765,1.16623,1.16753,63.0,0.0007699999999999374,1
2025-08-29 11:00:00,1.16753,1.16897,1.1669,1.1675200000000001,-48.0,-9.999999999843467e-06,1
2025-08-29 12:00:00,1.1675200000000001,1.1682,1.16684,1.16724,24.0,-0.000280000000000058,1
2025-08-29 13:00:00,1.1672500000000001,1.16739,1.16646,1.16672,2.0,-0.000520000000000076,1
2025-08-29 14:00:00,1.16672,1.16676,1.16606,1.16624,43.0,-0.00048000000000003595,1
2025-08-29 15:00:00,1.16624,1.16635,1.16504,1.1658,-29.0,-0.00043999999999999595,1
2025-08-29 16:00:00,1.1658,1.16726,1.16529,1.16682,-6.0,0.0010200000000000209,1
2025-08-29 17:00:00,1.16687,1.17045,1.16687,1.17039,81.0,0.003509999999999902,1
2025-08-29 18:00:00,1.17039,1.17083,1.16939,1.16939,88.0,-0.0009900000000000464,1
2025-08-29 19:00:00,1.16939,1.17066,1.16931,1.17011,-43.0,0.0007200000000000539,1
2025-08-29 20:00:00,1.17009,1.17025,1.16957,1.16959,-45.0,-0.000520000000000076,1
2025-08-29 21:00:00,1.16959,1.1699,1.16929,1.1697899999999999,95.0,0.00019999999999997797,1
2025-08-29 22:00:00,1.16978,1.1699,1.16927,1.16977,45.0,0.0,1
2025-08-29 23:00:00,1.16978,1.17001,1.16804,1.16825,-8.0,-0.0015399999999998748,1
2025-09-01 00:00:00,1.16943,1.16946,1.16846,1.16865,-38.0,-0.0007800000000000029,1
2025-09-01 01:00:00,1.16865,1.16901,1.1685699999999999,1.1688,-48.0,0.0001500000000000945,1
2025-09-01 02:00:00,1.1688,1.16899,1.16863,1.16897,-35.0,0.00017000000000000348,1
2025-09-01 03:00:00,1.16897,1.16974,1.16894,1.16966,-18.0,0.0006899999999998574,1
2025-09-01 04:00:00,1.16967,1.16968,1.16875,1.16942,-27.0,-0.00024000000000001798,1
2025-09-01 05:00:00,1.16942,1.17132,1.16942,1.17112,-33.0,0.0017000000000000348,1
2025-09-01 06:00:00,1.17114,1.17138,1.17042,1.17077,-51.0,-0.00034999999999985043,1
2025-09-01 07:00:00,1.17076,1.17096,1.17043,1.17078,-27.0,9.999999999843467e-06,1
2025-09-01 08:00:00,1.17078,1.1715,1.17078,1.1714,-11.0,0.0006200000000000649,1
2025-09-01 09:00:00,1.17135,1.17328,1.17129,1.17246,-33.0,0.001060000000000061,1
2025-09-01 10:00:00,1.1724700000000001,1.17273,1.17146,1.17248,52.0,1.999999999990898e-05,1
2025-09-01 11:00:00,1.17248,1.17357,1.17156,1.17348,67.0,0.0009900000000000464,1
2025-09-01 12:00:00,1.17347,1.17356,1.17182,1.1719,3.0,-0.0015700000000000713,1
2025-09-01 13:00:00,1.1719,1.17254,1.17176,1.1718899999999999,-58.0,-1.0000000000065512e-05,1
2025-09-01 14:00:00,1.1718899999999999,1.17287,1.17126,1.1714,-47.0,-0.0004899999999998794,1
2025-09-01 15:00:00,1.17135,1.17173,1.17062,1.17068,-49.0,-0.0007200000000000539,1
2025-09-01 16:00:00,1.1707,1.17156,1.17045,1.17073,-29.0,5.0000000000105516e-05,1
2025-09-01 17:00:00,1.17073,1.17137,1.1705,1.17103,-40.0,0.00029999999999996696,1
2025-09-01 18:00:00,1.17105,1.1711,1.16991,1.16992,-39.0,-0.0011099999999999444,1
2025-09-01 19:00:00,1.16992,1.17042,1.16961,1.17042,31.0,0.0004999999999999449,1
2025-09-01 20:00:00,1.17041,1.17046,1.17008,1.17038,-19.0,-4.0000000000040004e-05,1
2025-09-01 21:00:00,1.17039,1.1707,1.17033,1.17069,-47.0,0.00031000000000003247,1
2025-09-01 22:00:00,1.17069,1.17132,1.1706699999999999,1.17123,-3.0,0.0005399999999999849,1
2025-09-01 23:00:00,1.17123,1.1713,1.17083,1.17106,-52.0,-0.00017000000000000348,1
2025-09-02 00:00:00,1.17061,1.17084,1.17046,1.17066,13.0,-0.00039999999999995595,1
2025-09-02 01:00:00,1.17068,1.17132,1.17064,1.17105,-8.0,0.00038999999999989043,1
2025-09-02 02:00:00,1.17109,1.17177,1.17103,1.17143,28.0,0.00038000000000004697,1
2025-09-02 03:00:00,1.17143,1.17153,1.17027,1.17039,-7.0,-0.0010399999999999299,1
2025-09-02 04:00:00,1.1703999999999999,1.17064,1.16989,1.17031,15.0,-8.000000000008001e-05,1
2025-09-02 05:00:00,1.17031,1.17035,1.1691799999999999,1.16978,3.0,-0.0005299999999999194,1
2025-09-02 06:00:00,1.1697899999999999,1.16987,1.16925,1.16946,76.0,-0.000320000000000098,1
2025-09-02 07:00:00,1.16946,1.16955,1.16894,1.16928,-32.0,-0.00017999999999984695,1
2025-09-02 08:00:00,1.16928,1.16965,1.16867,1.16938,4.0,9.999999999998899e-05,1
2025-09-02 09:00:00,1.1694,1.17058,1.1694,1.17027,41.0,0.0008899999999998354,1
2025-09-02 10:00:00,1.17026,1.1706,1.16424,1.16452,32.0,-0.005749999999999922,1
2025-09-02 11:00:00,1.1645699999999999,1.16551,1.16332,1.16446,-145.0,-5.999999999994898e-05,1
2025-09-02 12:00:00,1.16445,1.1648,1.16234,1.16371,-16.0,-0.0007500000000000284,1
2025-09-02 13:00:00,1.16371,1.16413,1.16262,1.16313,-93.0,-0.0005800000000000249,1
2025-09-02 14:00:00,1.16313,1.1649,1.16275,1.16462,48.0,0.0014899999999999913,1
2025-09-02 15:00:00,1.16462,1.16525,1.16125,1.16167,-59.0,-0.002950000000000008,1
2025-09-02 16:00:00,1.16167,1.1650800000000001,1.16145,1.1649,135.0,0.003230000000000066,1
2025-09-02 17:00:00,1.16502,1.16821,1.16497,1.16619,-69.0,0.0011700000000001154,1
2025-09-02 18:00:00,1.16619,1.16679,1.16489,1.1652,145.0,-0.0009900000000000464,1
2025-09-02 19:00:00,1.1652,1.1654200000000001,1.1642299999999999,1.16436,37.0,-0.0008399999999999519,1
2025-09-02 20:00:00,1.16437,1.16478,1.16409,1.16419,-4.0,-0.00017000000000000348,1
2025-09-02 21:00:00,1.16419,1.16429,1.16289,1.1633,-50.0,-0.0008900000000000574,1
2025-09-02 22:00:00,1.16331,1.16407,1.16315,1.16403,61.0,0.0007299999999998974,1
2025-09-02 23:00:00,1.16411,1.16429,1.16376,1.16402,-20.0,-9.999999999843467e-06,1
2025-09-03 00:00:00,1.16339,1.16414,1.16326,1.16405,21.0,2.999999999997449e-05,1
2025-09-03 01:00:00,1.16405,1.16436,1.1636199999999999,1.16365,4.0,-0.00039999999999995595,1
2025-09-03 02:00:00,1.16366,1.16375,1.16321,1.16323,-18.0,-0.00042000000000008697,1
2025-09-03 03:00:00,1.16323,1.1635900000000001,1.16284,1.16326,26.0,2.999999999997449e-05,1
2025-09-03 04:00:00,1.16326,1.16349,1.16258,1.1629800000000001,36.0,-0.00027999999999983594,1
2025-09-03 05:00:00,1.1629800000000001,1.16348,1.16243,1.16268,-44.0,-0.000300000000000189,1
2025-09-03 06:00:00,1.16268,1.16297,1.16225,1.16229,-43.0,-0.00038999999999989043,1
2025-09-03 07:00:00,1.16229,1.16312,1.1621299999999999,1.16312,32.0,0.0008299999999998864,1
2025-09-03 08:00:00,1.16312,1.16339,1.16257,1.16295,-23.0,-0.00017000000000000348,1
2025-09-03 09:00:00,1.16295,1.16424,1.16279,1.16328,-41.0,0.0003300000000001635,1
2025-09-03 10:00:00,1.16324,1.16355,1.16077,1.16351,9.0,0.00022999999999995246,1
2025-09-03 11:00:00,1.16351,1.1657,1.16351,1.16559,56.0,0.0020799999999998597,1
2025-09-03 12:00:00,1.16559,1.16642,1.16516,1.16558,1.0,-9.999999999843467e-06,1
2025-09-03 13:00:00,1.16558,1.16572,1.16393,1.16429,17.0,-0.0012900000000000134,1
2025-09-03 14:00:00,1.16428,1.1654,1.16393,1.16512,17.0,0.0008299999999998864,1
2025-09-03 15:00:00,1.16512,1.16583,1.16442,1.16477,-61.0,-0.00034999999999985043,1
2025-09-03 16:00:00,1.16477,1.16536,1.16382,1.1648399999999999,-5.0,6.999999999979245e-05,1
2025-09-03 17:00:00,1.1648100000000001,1.16798,1.1648100000000001,1.16631,-181.0,0.0014999999999998348,1
2025-09-03 18:00:00,1.16631,1.16816,1.16626,1.16744,41.0,0.0011300000000000754,1
2025-09-03 19:00:00,1.16746,1.1677,1.16661,1.16748,49.0,7.00000000000145e-05,1
2025-09-03 20:00:00,1.16748,1.16767,1.16582,1.16605,-38.0,-0.0014600000000000168,1
2025-09-03 21:00:00,1.16605,1.16673,1.16576,1.16612,17.0,7.00000000000145e-05,1
2025-09-03 22:00:00,1.16612,1.16622,1.16553,1.16574,-4.0,-0.00038000000000004697,1
2025-09-03 23:00:00,1.16574,1.1663999999999999,1.16551,1.16602,5.0,0.000280000000000058,1
2025-09-04 00:00:00,1.16584,1.16621,1.16552,1.16594,-81.0,-8.000000000008001e-05,1
2025-09-04 01:00:00,1.16597,1.16627,1.16593,1.16596,-9.0,2.0000000000131024e-05,1
2025-09-04 02:00:00,1.16596,1.16618,1.16559,1.16604,-16.0,7.999999999985796e-05,1
2025-09-04 03:00:00,1.16609,1.16617,1.16541,1.16582,30.0,-0.00021999999999988695,1
2025-09-04 04:00:00,1.16583,1.16689,1.16519,1.16578,-14.0,-4.0000000000040004e-05,1
2025-09-04 05:00:00,1.16576,1.16584,1.16505,1.16524,-36.0,-0.0005399999999999849,1
2025-09-04 06:00:00,1.16526,1.16551,1.16498,1.16526,-25.0,1.999999999990898e-05,1
2025-09-04 07:00:00,1.16526,1.16544,1.16499,1.1651,-53.0,-0.00015999999999993797,1
2025-09-04 08:00:00,1.1651,1.16547,1.16479,1.16546,26.0,0.00035999999999991594,1
2025-09-04 09:00:00,1.16548,1.16608,1.16499,1.16517,-61.0,-0.00028999999999990145,1
2025-09-04 10:00:00,1.1651799999999999,1.16588,1.16439,1.16505,-28.0,-0.00012000000000012001,1
2025-09-04 11:00:00,1.16504,1.16595,1.1648100000000001,1.16572,21.0,0.0006700000000001705,1
2025-09-04 12:00:00,1.16573,1.16599,1.16395,1.16433,-43.0,-0.0013900000000000023,1
2025-09-04 13:00:00,1.16434,1.16598,1.1643,1.1653,-31.0,0.0009699999999999154,1
2025-09-04 14:00:00,1.1653,1.16531,1.16392,1.16429,-36.0,-0.0010099999999999554,1
2025-09-04 15:00:00,1.16431,1.16584,1.16302,1.16461,67.0,0.00031999999999987594,1
2025-09-04 16:00:00,1.1646,1.16555,1.16373,1.165,-54.0,0.0003900000000001125,1
2025-09-04 17:00:00,1.16486,1.1651799999999999,1.16316,1.16348,-41.0,-0.0013799999999999368,1
2025-09-04 18:00:00,1.16352,1.165,1.16311,1.1648,60.0,0.0013199999999999878,1
2025-09-04 19:00:00,1.16479,1.1648399999999999,1.16336,1.16398,-24.0,-0.0008200000000000429,1
2025-09-04 20:00:00,1.16398,1.16403,1.16343,1.16378,13.0,-0.00019999999999997797,1
2025-09-04 21:00:00,1.16379,1.1648,1.16364,1.16435,50.0,0.0005699999999999594,1
2025-09-04 22:00:00,1.16439,1.1652,1.16436,1.16505,38.0,0.0006999999999999229,1
2025-09-04 23:00:00,1.16498,1.1651799999999999,1.16477,1.16498,15.0,-7.00000000000145e-05,1
2025-09-05 00:00:00,1.16459,1.16496,1.16427,1.16491,11.0,-7.00000000000145e-05,1
2025-09-05 01:00:00,1.16492,1.16531,1.16479,1.16482,7.0,-8.999999999992347e-05,1
2025-09-05 02:00:00,1.1649,1.1657899999999999,1.16485,1.16564,52.0,0.0008200000000000429,1
2025-09-05 03:00:00,1.16564,1.1661,1.1652,1.16595,22.0,0.00031000000000003247,1
2025-09-05 04:00:00,1.16593,1.16717,1.16593,1.16704,50.0,0.0010900000000000354,1
2025-09-05 05:00:00,1.16703,1.16745,1.16679,1.16679,-36.0,-0.0002500000000000835,1
2025-09-05 06:00:00,1.16679,1.16736,1.16659,1.16709,31.0,0.00029999999999996696,1
2025-09-05 07:00:00,1.1671,1.1672,1.16647,1.16672,-16.0,-0.00036999999999998145,1
2025-09-05 08:00:00,1.16672,1.1678,1.16663,1.16772,42.0,0.001000000000000112,1
2025-09-05 09:00:00,1.16771,1.16776,1.16647,1.16695,-26.0,-0.0007700000000001594,1
2025-09-05 10:00:00,1.16693,1.1679,1.16662,1.16781,41.0,0.0008600000000000829,1
2025-09-05 11:00:00,1.1678,1.16845,1.16751,1.16831,18.0,0.0004999999999999449,1
2025-09-05 12:00:00,1.16831,1.16923,1.16812,1.16882,-2.0,0.0005100000000000104,1
2025-09-05 13:00:00,1.16881,1.16966,1.16869,1.16913,5.0,0.00031000000000003247,1
2025-09-05 14:00:00,1.16911,1.16917,1.16775,1.16869,78.0,-0.00043999999999999595,1
2025-09-05 15:00:00,1.16871,1.17503,1.16859,1.17347,60.0,0.004850000000000021,1
2025-09-05 16:00:00,1.1735,1.17504,1.1714,1.1749100000000001,-1.0,0.0013700000000000934,1
2025-09-05 17:00:00,1.1749100000000001,1.17595,1.17231,1.1736900000000001,148.0,-0.0012199999999999989,1
2025-09-05 18:00:00,1.17367,1.17593,1.17346,1.17586,82.0,0.002169999999999783,1
2025-09-05 19:00:00,1.17586,1.17597,1.17363,1.17391,-76.0,-0.0019499999999998963,1
2025-09-05 20:00:00,1.17393,1.17394,1.17245,1.17255,19.0,-0.0013600000000000279,1
2025-09-05 21:00:00,1.17254,1.17266,1.17142,1.17174,-27.0,-0.0008099999999999774,1
2025-09-05 22:00:00,1.17173,1.17232,1.1712799999999999,1.17174,0.0,0.0,0
2025-09-05 23:00:00,1.1717,1.17211,1.17141,1.17167,-36.0,-7.00000000000145e-05,1
2025-09-08 00:00:00,1.17089,1.17173,1.17071,1.17165,20.0,0.0007600000000000939,1
2025-09-08 01:00:00,1.17171,1.17209,1.17027,1.17055,-32.0,-0.001100000000000101,1
2025-09-08 02:00:00,1.17063,1.17161,1.17056,1.17118,48.0,0.0006300000000001305,1
2025-09-08 03:00:00,1.17119,1.17133,1.17046,1.17126,37.0,7.999999999985796e-05,1
2025-09-08 04:00:00,1.17127,1.17174,1.17073,1.17123,-29.0,-2.999999999997449e-05,1
2025-09-08 05:00:00,1.1712500000000001,1.17166,1.17102,1.17146,-16.0,0.00022999999999995246,1
2025-09-08 06:00:00,1.17146,1.1716,1.1708,1.17097,7.0,-0.0004899999999998794,1
2025-09-08 07:00:00,1.17096,1.17143,1.17058,1.17132,28.0,0.00034999999999985043,1
2025-09-08 08:00:00,1.17131,1.17212,1.17122,1.17147,-33.0,0.0001500000000000945,1
2025-09-08 09:00:00,1.17147,1.17279,1.17117,1.1727,3.0,0.0012300000000000644,1
2025-09-08 10:00:00,1.17271,1.17342,1.17205,1.17331,14.0,0.0006099999999999994,1
2025-09-08 11:00:00,1.17332,1.1743000000000001,1.17257,1.17315,15.0,-0.00016000000000016001,1
2025-09-08 12:00:00,1.17311,1.17315,1.17207,1.17235,-13.0,-0.0007999999999999119,1
2025-09-08 13:00:00,1.17234,1.1729,1.17199,1.17259,-3.0,0.00024000000000001798,1
2025-09-08 14:00:00,1.1726,1.1732,1.17245,1.17295,7.0,0.00035999999999991594,1
2025-09-08 15:00:00,1.17293,1.17416,1.17228,1.17378,-6.0,0.0008300000000001084,1
2025-09-08 16:00:00,1.17375,1.17564,1.17363,1.17509,5.0,0.0013099999999999223,1
2025-09-08 17:00:00,1.17509,1.17545,1.17397,1.1745700000000001,-48.0,-0.0005199999999998539,1
2025-09-08 18:00:00,1.1745700000000001,1.17525,1.17433,1.175,-19.0,0.00042999999999993044,1
2025-09-08 19:00:00,1.17499,1.1752,1.17348,1.17402,-28.0,-0.0009799999999999809,1
2025-09-08 20:00:00,1.17403,1.17472,1.17347,1.17395,-18.0,-7.00000000000145e-05,1
2025-09-08 21:00:00,1.1739600000000001,1.17629,1.17394,1.17614,56.0,0.0021899999999999142,1
2025-09-08 22:00:00,1.17609,1.17658,1.17595,1.17628,-21.0,0.000140000000000029,1
2025-09-08 23:00:00,1.1762,1.17631,1.17585,1.17622,-1.0,-8.999999999992347e-05,1
2025-09-09 00:00:00,1.17588,1.1761300000000001,1.17556,1.17604,5.0,-0.0001500000000000945,1
2025-09-09 01:00:00,1.17606,1.1764999999999999,1.17605,1.1761300000000001,-10.0,9.000000000014552e-05,1
2025-09-09 02:00:00,1.17621,1.17729,1.17621,1.17685,17.0,0.0007199999999998319,1
2025-09-09 03:00:00,1.17685,1.1774499999999999,1.17653,1.1771,-4.0,0.0002500000000000835,1
2025-09-09 04:00:00,1.1771,1.17777,1.17656,1.17749,27.0,0.00038999999999989043,1
2025-09-09 05:00:00,1.17748,1.1777,1.17676,1.17687,-66.0,-0.0006199999999998429,1
2025-09-09 06:00:00,1.17687,1.17702,1.17633,1.17639,-6.0,-0.00048000000000003595,1
2025-09-09 07:00:00,1.1764000000000001,1.17758,1.17637,1.17725,62.0,0.0008599999999998609,1
2025-09-09 08:00:00,1.17724,1.17803,1.1771099999999999,1.17787,4.0,0.0006200000000000649,1
2025-09-09 09:00:00,1.17784,1.1779600000000001,1.1756,1.1764999999999999,-34.0,-0.0013700000000000934,1
2025-09-09 10:00:00,1.1764999999999999,1.17686,1.17475,1.17526,-35.0,-0.0011999999999998678,1
2025-09-09 11:00:00,1.17524,1.1762299999999999,1.17441,1.17593,55.0,0.0006299999999999084,1
2025-09-09 12:00:00,1.17593,1.17723,1.17591,1.17675,13.0,0.0008200000000000429,1
2025-09-09 13:00:00,1.17673,1.17714,1.17524,1.17537,-87.0,-0.0013799999999999368,1
2025-09-09 14:00:00,1.17539,1.17547,1.1741,1.17421,-64.0,-0.0011600000000000499,1
2025-09-09 15:00:00,1.17424,1.17453,1.17275,1.17376,64.0,-0.00045000000000006146,1
2025-09-09 16:00:00,1.17377,1.1749,1.17338,1.17419,17.0,0.0004300000000001525,1
2025-09-09 17:00:00,1.17424,1.17622,1.17226,1.17305,26.0,-0.0011900000000000244,1
2025-09-09 18:00:00,1.17306,1.17315,1.17156,1.17217,-24.0,-0.0008599999999998609,1
2025-09-09 19:00:00,1.17216,1.17301,1.17185,1.17192,22.0,-0.00026999999999999247,1
2025-09-09 20:00:00,1.17193,1.17238,1.17083,1.17097,10.0,-0.0009500000000000064,1
2025-09-09 21:00:00,1.17096,1.17149,1.17039,1.17064,-12.0,-0.0003300000000001635,1
2025-09-09 22:00:00,1.17063,1.17093,1.17037,1.17069,6.0,5.0000000000105516e-05,1
2025-09-09 23:00:00,1.17061,1.17106,1.17034,1.17094,20.0,0.0002500000000000835,1
2025-09-10 00:00:00,1.17027,1.17108,1.17027,1.17108,12.0,0.00013999999999980695,1
2025-09-10 01:00:00,1.17109,1.17134,1.17076,1.17115,17.0,7.00000000000145e-05,1
2025-09-10 02:00:00,1.17122,1.17123,1.16972,1.1702,-30.0,-0.0009500000000000064,1
2025-09-10 03:00:00,1.17019,1.17026,1.16958,1.16972,-16.0,-0.0004799999999998139,1
2025-09-10 04:00:00,1.16974,1.17027,1.16892,1.16997,39.0,0.00024999999999986144,1
2025-09-10 05:00:00,1.16999,1.17085,1.16993,1.17068,19.0,0.0007099999999999884,1
2025-09-10 06:00:00,1.17069,1.17103,1.17066,1.17082,11.0,0.000140000000000029,1
2025-09-10 07:00:00,1.17084,1.17155,1.17072,1.17153,27.0,0.0007099999999999884,1
2025-09-10 08:00:00,1.17153,1.17161,1.17047,1.17081,-19.0,-0.0007200000000000539,1
2025-09-10 09:00:00,1.17081,1.17181,1.16915,1.16981,-42.0,-0.0009999999999998899,1
2025-09-10 10:00:00,1.16981,1.17079,1.16826,1.17026,-6.0,0.00045000000000006146,1
2025-09-10 11:00:00,1.17027,1.1703999999999999,1.16909,1.16998,2.0,-0.000280000000000058,1
2025-09-10 12:00:00,1.16997,1.17168,1.16982,1.17132,29.0,0.0013399999999998968,1
2025-09-10 13:00:00,1.17132,1.17147,1.16962,1.17001,-35.0,-0.0013099999999999223,1
2025-09-10 14:00:00,1.17001,1.17071,1.16951,1.17044,5.0,0.00042999999999993044,1
2025-09-10 15:00:00,1.17045,1.17275,1.16915,1.17,-117.0,-0.00043999999999999595,1
2025-09-10 16:00:00,1.17002,1.17248,1.16956,1.17199,22.0,0.0019900000000001583,1
2025-09-10 17:00:00,1.17199,1.17307,1.17148,1.17275,101.0,0.0007599999999998719,1
2025-09-10 18:00:00,1.17276,1.17303,1.17129,1.17144,-55.0,-0.0013099999999999223,1
2025-09-10 19:00:00,1.1714,1.17164,1.17023,1.17059,-1.0,-0.0008500000000000174,1
2025-09-10 20:00:00,1.17058,1.17115,1.17016,1.17056,2.0,-2.999999999997449e-05,1
2025-09-10 21:00:00,1.17054,1.17124,1.17023,1.17049,-11.0,-7.00000000000145e-05,1
2025-09-10 22:00:00,1.17047,1.17049,1.16932,1.17005,-44.0,-0.00043999999999999595,1
2025-09-10 23:00:00,1.16998,1.17007,1.16929,1.16939,-25.0,-0.000660000000000105,1
2025-09-11 00:00:00,1.1693,1.17007,1.16926,1.16996,17.0,0.0005700000000001815,1
2025-09-11 01:00:00,1.16998,1.17028,1.16975,1.17022,16.0,0.00025999999999992696,1
2025-09-11 02:00:00,1.1703000000000001,1.17071,1.1701,1.17028,7.0,5.999999999994898e-05,1
2025-09-11 03:00:00,1.17028,1.17028,1.16933,1.16939,-17.0,-0.0008900000000000574,1
2025-09-11 04:00:00,1.16938,1.1703000000000001,1.16927,1.16972,16.0,0.0003300000000001635,1
2025-09-11 05:00:00,1.16973,1.16991,1.16934,1.16968,-3.0,-4.0000000000040004e-05,1
2025-09-11 06:00:00,1.16967,1.17004,1.16944,1.1696,-23.0,-8.000000000008001e-05,1
2025-09-11 07:00:00,1.16959,1.16994,1.16938,1.1699,39.0,0.00029999999999996696,1
2025-09-11 08:00:00,1.16991,1.16997,1.16891,1.16896,-59.0,-0.0009399999999999409,1
2025-09-11 09:00:00,1.16895,1.1696900000000001,1.16835,1.16911,-7.0,0.0001500000000000945,1
2025-09-11 10:00:00,1.16909,1.16966,1.16866,1.16928,1.0,0.00017000000000000348,1
2025-09-11 11:00:00,1.16929,1.16954,1.1688399999999999,1.1692,-31.0,-8.000000000008001e-05,1
2025-09-11 12:00:00,1.16917,1.16931,1.16775,1.1685699999999999,29.0,-0.0006300000000001305,1
2025-09-11 13:00:00,1.1685699999999999,1.1688399999999999,1.16799,1.16829,-9.0,-0.00027999999999983594,1
2025-09-11 14:00:00,1.16829,1.16914,1.16782,1.1684,-20.0,0.0001100000000000545,1
2025-09-11 15:00:00,1.16839,1.17211,1.16604,1.17148,-11.0,0.0030799999999999716,1
2025-09-11 16:00:00,1.17148,1.17411,1.17138,1.17391,-4.0,0.002429999999999932,1
2025-09-11 17:00:00,1.17386,1.17445,1.17251,1.17277,-50.0,-0.0010899999999998133,1
2025-09-11 18:00:00,1.17276,1.17463,1.1726,1.17315,96.0,0.0003799999999998249,1
2025-09-11 19:00:00,1.17314,1.17398,1.1730800000000001,1.17367,12.0,0.000520000000000076,1
2025-09-11 20:00:00,1.17368,1.17389,1.17276,1.17316,-45.0,-0.0005100000000000104,1
2025-09-11 21:00:00,1.17316,1.17384,1.17303,1.17352,-15.0,0.00035999999999991594,1
2025-09-11 22:00:00,1.17352,1.17392,1.17332,1.17367,-2.0,0.0001500000000000945,1
2025-09-11 23:00:00,1.1736,1.17387,1.17352,1.17352,-55.0,-0.0001500000000000945,1
2025-09-12 00:00:00,1.17307,1.17353,1.1729,1.17342,5.0,-9.999999999998899e-05,1
2025-09-12 01:00:00,1.17346,1.17401,1.17337,1.17381,2.0,0.0003900000000001125,1
2025-09-12 02:00:00,1.17388,1.17401,1.17327,1.17333,-53.0,-0.00048000000000003595,1
2025-09-12 03:00:00,1.17333,1.17343,1.17272,1.17333,27.0,0.0,1
2025-09-12 04:00:00,1.17334,1.17346,1.1724999999999999,1.17252,-47.0,-0.0008099999999999774,1
2025-09-12 05:00:00,1.17254,1.17293,1.17235,1.1727,3.0,0.000180000000000069,1
2025-09-12 06:00:00,1.1727,1.17273,1.17225,1.17255,-50.0,-0.0001500000000000945,1
2025-09-12 07:00:00,1.17253,1.17272,1.17206,1.17258,-28.0,2.999999999997449e-05,1
2025-09-12 08:00:00,1.1726,1.17336,1.17238,1.17306,15.0,0.00048000000000003595,1
2025-09-12 09:00:00,1.17311,1.1740599999999999,1.17218,1.17394,60.0,0.0008799999999999919,1
2025-09-12 10:00:00,1.17395,1.17479,1.1736900000000001,1.17409,-5.0,0.0001500000000000945,1
2025-09-12 11:00:00,1.17409,1.17415,1.17154,1.17171,-17.0,-0.0023800000000000487,1
2025-09-12 12:00:00,1.1717,1.17253,1.17126,1.1722,-18.0,0.0004899999999998794,1
2025-09-12 13:00:00,1.17221,1.17348,1.17219,1.17337,13.0,0.0011700000000001154,1
2025-09-12 14:00:00,1.17337,1.17356,1.17205,1.17214,-88.0,-0.0012300000000000644,1
2025-09-12 15:00:00,1.17216,1.17231,1.17011,1.17126,11.0,-0.0008799999999999919,1
2025-09-12 16:00:00,1.17126,1.17171,1.17033,1.17129,13.0,2.999999999997449e-05,1
2025-09-12 17:00:00,1.1712500000000001,1.17285,1.17122,1.17248,8.0,0.0012299999999998423,1
2025-09-12 18:00:00,1.17248,1.17281,1.17132,1.17137,-31.0,-0.0011099999999999444,1
2025-09-12 19:00:00,1.17137,1.17317,1.17097,1.17266,78.0,0.0012900000000000134,1
2025-09-12 20:00:00,1.17266,1.17381,1.17266,1.17317,26.0,0.0005100000000000104,1
2025-09-12 21:00:00,1.17319,1.17418,1.17318,1.17414,37.0,0.0009699999999999154,1
2025-09-12 22:00:00,1.17415,1.17415,1.17337,1.17368,-26.0,-0.00045999999999990493,1
2025-09-12 23:00:00,1.17357,1.17357,1.1728,1.1734,-24.0,-0.000280000000000058,1
2025-09-15 00:00:00,1.17269,1.1735,1.17269,1.17319,-13.0,0.0004999999999999449,1
2025-09-15 01:00:00,1.17313,1.1734499999999999,1.17267,1.17276,6.0,-0.00042999999999993044,1
2025-09-15 02:00:00,1.17283,1.17314,1.17249,1.17256,-34.0,-0.00019999999999997797,1
2025-09-15 03:00:00,1.17254,1.1728,1.17215,1.17266,-29.0,9.999999999998899e-05,1
2025-09-15 04:00:00,1.17267,1.17295,1.17226,1.17278,22.0,0.00011999999999989797,1
2025-09-15 05:00:00,1.17278,1.17293,1.17245,1.17278,-18.0,0.0,1
2025-09-15 06:00:00,1.17279,1.1734499999999999,1.17271,1.17314,29.0,0.000360000000000138,1
2025-09-15 07:00:00,1.17315,1.17353,1.17306,1.17343,30.0,0.00028999999999990145,1
2025-09-15 08:00:00,1.1734499999999999,1.17346,1.17277,1.17287,-52.0,-0.0005599999999998939,1
2025-09-15 09:00:00,1.17287,1.17302,1.1716,1.17249,32.0,-0.00038000000000004697,1
2025-09-15 10:00:00,1.17248,1.17444,1.17241,1.17334,70.0,0.0008500000000000174,1
2025-09-15 11:00:00,1.17333,1.17438,1.17298,1.1736900000000001,8.0,0.0003500000000000725,1
2025-09-15 12:00:00,1.17367,1.17519,1.17364,1.1746,18.0,0.0009099999999999664,1
2025-09-15 13:00:00,1.1746,1.1763,1.1746,1.17524,4.0,0.0006399999999999739,1
2025-09-15 14:00:00,1.17525,1.17635,1.17525,1.17614,51.0,0.0008999999999999009,1
2025-09-15 15:00:00,1.17614,1.1771099999999999,1.1761,1.17693,-38.0,0.0007900000000000684,1
2025-09-15 16:00:00,1.17698,1.17733,1.17575,1.17586,3.0,-0.0010700000000001264,1
2025-09-15 17:00:00,1.17585,1.17608,1.17506,1.17581,71.0,-4.0000000000040004e-05,1
2025-09-15 18:00:00,1.1758,1.17724,1.17563,1.17712,123.0,0.0013099999999999223,1
2025-09-15 19:00:00,1.1771,1.17747,1.17559,1.17587,-2.0,-0.0012499999999999734,1
2025-09-15 20:00:00,1.17585,1.1773,1.17577,1.17706,88.0,0.0011900000000000244,1
2025-09-15 21:00:00,1.17706,1.17725,1.1766,1.17691,-5.0,-0.0001500000000000945,1
2025-09-15 22:00:00,1.17693,1.17717,1.1764000000000001,1.17656,6.0,-0.00034999999999985043,1
2025-09-15 23:00:00,1.17647,1.17681,1.17594,1.17605,-28.0,-0.0005100000000000104,1
2025-09-16 00:00:00,1.17593,1.17654,1.17592,1.17646,18.0,0.00041000000000002146,1
2025-09-16 01:00:00,1.17649,1.17664,1.1761,1.17627,-14.0,-0.0001900000000001345,1
2025-09-16 02:00:00,1.17628,1.1766,1.17628,1.1763,20.0,2.999999999997449e-05,1
2025-09-16 03:00:00,1.17629,1.17662,1.1757,1.17622,17.0,-7.999999999985796e-05,1
2025-09-16 04:00:00,1.17624,1.17695,1.1758,1.17672,44.0,0.0004999999999999449,1
2025-09-16 05:00:00,1.17673,1.17775,1.17671,1.1776200000000001,-30.0,0.0009000000000001229,1
2025-09-16 06:00:00,1.1776200000000001,1.17871,1.17739,1.17799,-26.0,0.00036999999999998145,1
2025-09-16 07:00:00,1.178,1.17805,1.17737,1.17765,-26.0,-0.00034000000000000696,1
2025-09-16 08:00:00,1.17764,1.17803,1.17734,1.17778,9.0,0.00012999999999996348,1
2025-09-16 09:00:00,1.17778,1.17916,1.17778,1.17872,23.0,0.0009399999999999409,1
2025-09-16 10:00:00,1.17873,1.1802,1.17866,1.17942,16.0,0.0006999999999999229,1
2025-09-16 11:00:00,1.17942,1.18042,1.179,1.17947,28.0,5.0000000000105516e-05,1
2025-09-16 12:00:00,1.17948,1.18182,1.17948,1.18139,31.0,0.0019199999999999218,1
2025-09-16 13:00:00,1.1814,1.18157,1.1804000000000001,1.18079,16.0,-0.0005999999999999339,1
2025-09-16 14:00:00,1.18079,1.18216,1.1801300000000001,1.18143,23.0,0.0006500000000000394,1
2025-09-16 15:00:00,1.18144,1.18156,1.1789399999999999,1.18043,-46.0,-0.0010099999999999554,1
2025-09-16 16:00:00,1.18044,1.18272,1.18038,1.18238,-4.0,0.0019499999999998963,1
2025-09-16 17:00:00,1.18238,1.18533,1.1821,1.18515,124.0,0.0027600000000000957,1
2025-09-16 18:00:00,1.18515,1.18534,1.18354,1.1847,-24.0,-0.00043999999999999595,1
2025-09-16 19:00:00,1.18469,1.1872,1.1846,1.18642,68.0,0.0017199999999999438,1
2025-09-16 20:00:00,1.18639,1.18787,1.18632,1.1865700000000001,41.0,0.0001500000000000945,1
2025-09-16 21:00:00,1.18659,1.18712,1.18615,1.1867,32.0,0.00012999999999996348,1
2025-09-16 22:00:00,1.18669,1.18692,1.18581,1.18606,-29.0,-0.000640000000000196,1
2025-09-16 23:00:00,1.18597,1.18682,1.1857199999999999,1.18659,34.0,0.0005300000000001415,1
2025-09-17 00:00:00,1.18588,1.18652,1.18503,1.18632,0.0,-0.00026999999999999247,1
2025-09-17 01:00:00,1.18632,1.18682,1.18627,1.18652,33.0,0.00019999999999997797,1
2025-09-17 02:00:00,1.18659,1.18731,1.18659,1.18705,46.0,0.0005299999999999194,1
2025-09-17 03:00:00,1.18708,1.18731,1.18576,1.18586,-23.0,-0.0011900000000000244,1
2025-09-17 04:00:00,1.18584,1.18595,1.18519,1.1856,8.0,-0.00025999999999992696,1
2025-09-17 05:00:00,1.18559,1.18579,1.18509,1.18555,15.0,-4.999999999988347e-05,1
2025-09-17 06:00:00,1.18554,1.18578,1.1851099999999999,1.18523,-16.0,-0.000320000000000098,1
2025-09-17 07:00:00,1.18522,1.18556,1.1851,1.1853799999999999,41.0,0.00014999999999987246,1
2025-09-17 08:00:00,1.1853799999999999,1.1859899999999999,1.1853799999999999,1.18583,24.0,0.00045000000000006146,1
2025-09-17 09:00:00,1.18583,1.186,1.18513,1.18558,-31.0,-0.00024999999999986144,1
2025-09-17 10:00:00,1.18557,1.18564,1.18381,1.18408,-12.0,-0.0015000000000000568,1
2025-09-17 11:00:00,1.18407,1.18514,1.18397,1.18484,48.0,0.0007599999999998719,1
2025-09-17 12:00:00,1.18485,1.18496,1.18412,1.18453,-5.0,-0.00030999999999981043,1
2025-09-17 13:00:00,1.18453,1.1847,1.18327,1.1836,37.0,-0.0009300000000000974,1
2025-09-17 14:00:00,1.1836,1.18461,1.18348,1.18392,82.0,0.000320000000000098,1
2025-09-17 15:00:00,1.18393,1.18452,1.18341,1.18432,-6.0,0.00039999999999995595,1
2025-09-17 16:00:00,1.18433,1.18531,1.18422,1.18497,9.0,0.0006500000000000394,1
2025-09-17 17:00:00,1.18497,1.18595,1.18458,1.18494,1.0,-2.0000000000131024e-05,1
2025-09-17 18:00:00,1.18493,1.1852800000000001,1.18434,1.18449,-8.0,-0.00045999999999990493,1
2025-09-17 19:00:00,1.18447,1.18563,1.1842,1.1852800000000001,51.0,0.0007900000000000684,1
2025-09-17 20:00:00,1.18527,1.18553,1.18468,1.1852,-17.0,2.999999999997449e-05,1
2025-09-17 21:00:00,1.18525,1.19185,1.18188,1.18346,-111.0,-0.0018500000000001293,1
2025-09-17 22:00:00,1.1835,1.18567,1.18202,1.18241,-145.0,-0.0010499999999999954,1
2025-09-17 23:00:00,1.1823299999999999,1.18269,1.18069,1.1812,-47.0,-0.0012099999999999334,1
2025-09-18 00:00:00,1.18102,1.18163,1.18095,1.18152,26.0,0.00031999999999987594,1
2025-09-18 01:00:00,1.18156,1.18217,1.18116,1.1818,11.0,0.000280000000000058,1
2025-09-18 02:00:00,1.18187,1.18289,1.1818,1.18248,82.0,0.0006800000000000139,1
2025-09-18 03:00:00,1.18254,1.18278,1.18153,1.18249,-1.0,0.0,1
2025-09-18 04:00:00,1.18248,1.18282,1.18072,1.18132,-103.0,-0.0011600000000000499,1
2025-09-18 05:00:00,1.1813500000000001,1.18227,1.18129,1.18194,-26.0,0.0006200000000000649,1
2025-09-18 06:00:00,1.18194,1.18222,1.18114,1.18118,-23.0,-0.0007600000000000939,1
2025-09-18 07:00:00,1.18119,1.18139,1.17934,1.17951,-39.0,-0.0016699999999998383,1
2025-09-18 08:00:00,1.17953,1.18004,1.17856,1.17911,10.0,-0.00039999999999995595,1
2025-09-18 09:00:00,1.17913,1.17997,1.17803,1.17946,12.0,0.00034999999999985043,1
2025-09-18 10:00:00,1.17945,1.18387,1.17936,1.18315,52.0,0.003689999999999971,1
2025-09-18 11:00:00,1.18314,1.1834500000000001,1.18207,1.1828,-97.0,-0.00034999999999985043,1
2025-09-18 12:00:00,1.1828,1.18484,1.18269,1.18381,-44.0,0.0010099999999999554,1
2025-09-18 13:00:00,1.18381,1.18404,1.18308,1.18371,-18.0,-9.999999999998899e-05,1
2025-09-18 14:00:00,1.18371,1.18373,1.18198,1.18251,-13.0,-0.0012000000000000899,1
2025-09-18 15:00:00,1.18256,1.18263,1.17951,1.17953,-65.0,-0.0029799999999999827,1
2025-09-18 16:00:00,1.17953,1.17963,1.17503,1.17669,-69.0,-0.0028399999999999537,1
2025-09-18 17:00:00,1.17668,1.17819,1.17627,1.17752,-89.0,0.0008399999999999519,1
2025-09-18 18:00:00,1.17752,1.17879,1.17693,1.17799,13.0,0.0004700000000001925,1
2025-09-18 19:00:00,1.17797,1.17881,1.17718,1.17873,-23.0,0.0007399999999999629,1
2025-09-18 20:00:00,1.17872,1.1794,1.17854,1.1788,-40.0,7.00000000000145e-05,1
2025-09-18 21:00:00,1.17879,1.17898,1.17817,1.17879,-28.0,-1.0000000000065512e-05,1
2025-09-18 22:00:00,1.17877,1.17911,1.17822,1.17846,-16.0,-0.00032999999999994145,1
2025-09-18 23:00:00,1.17838,1.1785700000000001,1.17802,1.17856,-12.0,9.999999999998899e-05,1
2025-09-19 00:00:00,1.17828,1.17886,1.17808,1.1786699999999999,-11.0,0.00010999999999983245,1
2025-09-19 01:00:00,1.17869,1.17887,1.17831,1.17861,11.0,-5.999999999994898e-05,1
2025-09-19 02:00:00,1.17868,1.17904,1.17864,1.17886,8.0,0.0002500000000000835,1
2025-09-19 03:00:00,1.17887,1.17906,1.1775,1.17864,23.0,-0.000220000000000109,1
2025-09-19 04:00:00,1.17863,1.17869,1.17744,1.17757,18.0,-0.0010699999999999044,1
2025-09-19 05:00:00,1.17754,1.17808,1.17718,1.17795,58.0,0.00038000000000004697,1
2025-09-19 06:00:00,1.17795,1.17927,1.17792,1.17815,-19.0,0.00019999999999997797,1
2025-09-19 07:00:00,1.17816,1.17897,1.177,1.17742,-89.0,-0.0007300000000001194,1
2025-09-19 08:00:00,1.17741,1.17782,1.17706,1.17733,72.0,-8.999999999992347e-05,1
2025-09-19 09:00:00,1.17734,1.17776,1.17631,1.17665,24.0,-0.0006800000000000139,1
2025-09-19 10:00:00,1.17666,1.17784,1.17574,1.1770100000000001,-49.0,0.000360000000000138,1
2025-09-19 11:00:00,1.1770100000000001,1.1771099999999999,1.17513,1.1761300000000001,11.0,-0.0008799999999999919,1
2025-09-19 12:00:00,1.17612,1.17691,1.1756199999999999,1.17599,-59.0,-0.000140000000000029,1
2025-09-19 13:00:00,1.176,1.17653,1.17583,1.17614,1.0,0.00014999999999987246,1
2025-09-19 14:00:00,1.17615,1.1762,1.17349,1.1737,-41.0,-0.0024399999999999977,1
2025-09-19 15:00:00,1.17371,1.17434,1.17286,1.17363,33.0,-7.00000000000145e-05,1
2025-09-19 16:00:00,1.17363,1.17639,1.17352,1.1757900000000001,-14.0,0.002160000000000162,1
2025-09-19 17:00:00,1.17577,1.17679,1.17556,1.17575,-45.0,-1.999999999990898e-05,1
2025-09-19 18:00:00,1.17574,1.17594,1.17371,1.17524,-13.0,-0.0005100000000000104,1
2025-09-19 19:00:00,1.17526,1.17554,1.17408,1.17534,-6.0,9.999999999998899e-05,1
2025-09-19 20:00:00,1.17533,1.17554,1.17484,1.17508,-14.0,-0.000260000000000149,1
2025-09-19 21:00:00,1.17507,1.17512,1.1746699999999999,1.17482,14.0,-0.00025999999999992696,1
2025-09-19 22:00:00,1.17481,1.17511,1.1745,1.17477,7.0,-4.999999999988347e-05,1
2025-09-19 23:00:00,1.17468,1.17471,1.17382,1.17419,33.0,-0.0005800000000000249,1
2025-09-22 00:00:00,1.17338,1.17466,1.1733500000000001,1.17465,-24.0,0.0012699999999998823,1
2025-09-22 01:00:00,1.17471,1.17479,1.17381,1.17407,-38.0,-0.0005800000000000249,1
2025-09-22 02:00:00,1.17408,1.17419,1.17358,1.17366,19.0,-0.00041000000000002146,1
2025-09-22 03:00:00,1.17361,1.1738,1.17258,1.17348,-11.0,-0.00017999999999984695,1
2025-09-22 04:00:00,1.17348,1.1741,1.17313,1.17321,-71.0,-0.00026999999999999247,1
2025-09-22 05:00:00,1.17321,1.17339,1.17271,1.17277,-7.0,-0.00043999999999999595,1
2025-09-22 06:00:00,1.17276,1.17351,1.17275,1.17326,-14.0,0.0004899999999998794,1
2025-09-22 07:00:00,1.17325,1.17325,1.17262,1.17309,-9.0,-0.00017000000000000348,1
2025-09-22 08:00:00,1.17309,1.17387,1.17296,1.17381,9.0,0.0007200000000000539,1
2025-09-22 09:00:00,1.17381,1.17489,1.17357,1.17435,-49.0,0.0005299999999999194,1
2025-09-22 10:00:00,1.17439,1.17545,1.17391,1.17482,-75.0,0.00048000000000003595,1
2025-09-22 11:00:00,1.17481,1.17693,1.17468,1.17625,-55.0,0.0014300000000000423,1
2025-09-22 12:00:00,1.17626,1.1776200000000001,1.17615,1.1776200000000001,22.0,0.0013700000000000934,1
2025-09-22 13:00:00,1.17761,1.1786,1.1773500000000001,1.17742,-15.0,-0.00020000000000020002,1
2025-09-22 14:00:00,1.17743,1.17825,1.17691,1.17778,-12.0,0.000360000000000138,1
2025-09-22 15:00:00,1.17779,1.17872,1.17733,1.17834,-36.0,0.0005599999999998939,1
2025-09-22 16:00:00,1.17835,1.17882,1.17748,1.17765,35.0,-0.0006899999999998574,1
2025-09-22 17:00:00,1.17764,1.17771,1.17625,1.1770100000000001,56.0,-0.0006299999999999084,1
2025-09-22 18:00:00,1.177,1.17757,1.1764000000000001,1.17725,44.0,0.00027999999999983594,1
2025-09-22 19:00:00,1.17724,1.17903,1.17713,1.17878,76.0,0.0014899999999999913,1
2025-09-22 20:00:00,1.17879,1.17974,1.17852,1.17968,23.0,0.0009000000000001229,1
2025-09-22 21:00:00,1.17969,1.17994,1.17919,1.17964,38.0,-4.0000000000040004e-05,1
2025-09-22 22:00:00,1.17964,1.18024,1.1795200000000001,1.17988,-9.0,0.00024000000000001798,1
2025-09-22 23:00:00,1.17984,1.18024,1.1797,1.1801,14.0,0.00021999999999988695,1
2025-09-23 00:00:00,1.17913,1.18002,1.17789,1.17988,-27.0,-0.00021999999999988695,1
2025-09-23 01:00:00,1.17988,1.18035,1.17986,1.1801,-3.0,0.00021999999999988695,1
2025-09-23 02:00:00,1.18012,1.18026,1.17994,1.18001,19.0,-8.999999999992347e-05,1
2025-09-23 03:00:00,1.18001,1.1807699999999999,1.17966,1.1806,49.0,0.0005900000000000905,1
2025-09-23 04:00:00,1.1806,1.18202,1.18039,1.18151,4.0,0.0009099999999999664,1
2025-09-23 05:00:00,1.1815,1.18169,1.18012,1.18039,-36.0,-0.0011200000000000099,1
2025-09-23 06:00:00,1.18041,1.18065,1.17964,1.1806,47.0,0.00021000000000004349,1
2025-09-23 07:00:00,1.18057,1.18081,1.17971,1.17976,-51.0,-0.0008400000000001739,1
2025-09-23 08:00:00,1.17975,1.18052,1.17945,1.17985,24.0,9.000000000014552e-05,1
2025-09-23 09:00:00,1.17984,1.18047,1.17899,1.17951,-35.0,-0.00034000000000000696,1
2025-09-23 10:00:00,1.1795200000000001,1.18001,1.17791,1.1791,-3.0,-0.00041000000000002146,1
2025-09-23 11:00:00,1.17906,1.18056,1.17838,1.1803,45.0,0.0011999999999998678,1
2025-09-23 12:00:00,1.18029,1.18126,1.18001,1.1802,-35.0,-9.999999999998899e-05,1
2025-09-23 13:00:00,1.1802,1.18069,1.17906,1.17957,-22.0,-0.0006299999999999084,1
2025-09-23 14:00:00,1.17958,1.18003,1.17913,1.1792,-11.0,-0.00036999999999998145,1
2025-09-23 15:00:00,1.17921,1.17987,1.17843,1.17966,12.0,0.00045999999999990493,1
2025-09-23 16:00:00,1.17965,1.18048,1.17841,1.17997,9.0,0.00031000000000003247,1
2025-09-23 17:00:00,1.17997,1.18055,1.17924,1.17957,-42.0,-0.00039999999999995595,1
2025-09-23 18:00:00,1.1795499999999999,1.17995,1.17879,1.17981,63.0,0.00024000000000001798,1
2025-09-23 19:00:00,1.1798,1.18096,1.17913,1.18045,50.0,0.0006399999999999739,1
2025-09-23 20:00:00,1.18043,1.18179,1.18026,1.18121,-12.0,0.0007600000000000939,1
2025-09-23 21:00:00,1.1812,1.1817,1.18081,1.18114,35.0,-7.00000000000145e-05,1
2025-09-23 22:00:00,1.18113,1.18177,1.18072,1.18168,73.0,0.0005399999999999849,1
2025-09-23 23:00:00,1.18157,1.18177,1.18112,1.18141,-42.0,-0.00026999999999999247,1
2025-09-24 00:00:00,1.18117,1.18143,1.18073,1.18128,19.0,-0.00012999999999996348,1
2025-09-24 01:00:00,1.1813,1.18184,1.1813,1.18139,-11.0,0.00010999999999983245,1
2025-09-24 02:00:00,1.18147,1.18174,1.18124,1.18153,-28.0,0.000140000000000029,1
2025-09-24 03:00:00,1.18151,1.18168,1.18034,1.18039,5.0,-0.0011399999999999189,1
2025-09-24 04:00:00,1.1804000000000001,1.18055,1.17973,1.18002,66.0,-0.00036999999999998145,1
2025-09-24 05:00:00,1.18003,1.18041,1.17959,1.1797,87.0,-0.000320000000000098,1
2025-09-24 06:00:00,1.17966,1.18001,1.17947,1.1797,40.0,0.0,1
2025-09-24 07:00:00,1.17971,1.18047,1.17954,1.1803,108.0,0.0005999999999999339,1
2025-09-24 08:00:00,1.18029,1.18054,1.17922,1.1798,-5.0,-0.0004999999999999449,1
2025-09-24 09:00:00,1.17982,1.18031,1.17859,1.17876,15.0,-0.0010399999999999299,1
2025-09-24 10:00:00,1.17875,1.1795,1.17843,1.17885,45.0,8.999999999992347e-05,1
2025-09-24 11:00:00,1.17883,1.17886,1.17662,1.1772,21.0,-0.0016499999999999293,1
2025-09-24 12:00:00,1.17718,1.17752,1.1762299999999999,1.17676,-14.0,-0.00043999999999999595,1
2025-09-24 13:00:00,1.17675,1.1770100000000001,1.17508,1.17516,-45.0,-0.0016000000000000458,1
2025-09-24 14:00:00,1.17515,1.17555,1.17463,1.1749,-52.0,-0.00025999999999992696,1
2025-09-24 15:00:00,1.17489,1.17583,1.17397,1.1743000000000001,7.0,-0.0005999999999999339,1
2025-09-24 16:00:00,1.17429,1.17438,1.173,1.17382,-46.0,-0.00048000000000003595,1
2025-09-24 17:00:00,1.17387,1.17464,1.17279,1.17426,-4.0,0.0003900000000001125,1
2025-09-24 18:00:00,1.17428,1.1746,1.17368,1.17414,-15.0,-0.00012000000000012001,1
2025-09-24 19:00:00,1.17413,1.17439,1.17299,1.17322,0.0,-0.0009200000000000319,1
2025-09-24 20:00:00,1.17323,1.17407,1.17321,1.17375,17.0,0.0005300000000001415,1
2025-09-24 21:00:00,1.17372,1.17388,1.17321,1.17362,-33.0,-0.00012999999999996348,1
2025-09-24 22:00:00,1.17363,1.17391,1.17318,1.17376,32.0,0.00015999999999993797,1
2025-09-24 23:00:00,1.17368,1.17386,1.1734,1.1737,2.0,-8.000000000008001e-05,1
2025-09-25 00:00:00,1.17358,1.17399,1.17354,1.17387,-3.0,0.00017000000000000348,1
2025-09-25 01:00:00,1.17388,1.17446,1.17384,1.17439,32.0,0.000520000000000076,1
2025-09-25 02:00:00,1.17445,1.17462,1.17424,1.17424,-5.0,-0.0001500000000000945,1
2025-09-25 03:00:00,1.17423,1.17483,1.17403,1.17476,48.0,0.000520000000000076,1
2025-09-25 04:00:00,1.17477,1.17496,1.17403,1.17446,-15.0,-0.00029999999999996696,1
2025-09-25 05:00:00,1.17443,1.1752,1.1743000000000001,1.1750099999999999,49.0,0.0005499999999998284,1
2025-09-25 06:00:00,1.175,1.17537,1.17473,1.1752,35.0,0.0001900000000001345,1
2025-09-25 07:00:00,1.17521,1.17537,1.17485,1.17519,-28.0,-1.0000000000065512e-05,1
2025-09-25 08:00:00,1.17519,1.17525,1.17403,1.17425,-39.0,-0.0009399999999999409,1
2025-09-25 09:00:00,1.17425,1.17526,1.17378,1.17461,-29.0,0.00035999999999991594,1
2025-09-25 10:00:00,1.1746,1.17482,1.17314,1.17331,-2.0,-0.0012999999999998568,1
2025-09-25 11:00:00,1.17332,1.17447,1.17304,1.1743000000000001,16.0,0.0009900000000000464,1
2025-09-25 12:00:00,1.17428,1.17519,1.17388,1.17452,-21.0,0.00021999999999988695,1
2025-09-25 13:00:00,1.17455,1.17541,1.17444,1.17465,-2.0,0.00017000000000000348,1
2025-09-25 14:00:00,1.17471,1.17474,1.17344,1.174,30.0,-0.0006900000000000794,1
2025-09-25 15:00:00,1.174,1.1745700000000001,1.16875,1.16983,76.0,-0.004170000000000007,1
2025-09-25 16:00:00,1.16985,1.17102,1.16829,1.16861,-47.0,-0.0012199999999999989,1
2025-09-25 17:00:00,1.16862,1.16948,1.16734,1.16765,-24.0,-0.0009699999999999154,1
2025-09-25 18:00:00,1.16764,1.16805,1.16665,1.1672500000000001,-29.0,-0.00039999999999995595,1
2025-09-25 19:00:00,1.16726,1.16836,1.16684,1.16703,-15.0,-0.000220000000000109,1
2025-09-25 20:00:00,1.16702,1.16723,1.16519,1.16577,2.0,-0.0012600000000000389,1
2025-09-25 21:00:00,1.16578,1.16602,1.16452,1.16523,4.0,-0.0005399999999999849,1
2025-09-25 22:00:00,1.16524,1.16631,1.1652,1.16609,20.0,0.0008600000000000829,1
2025-09-25 23:00:00,1.16601,1.16684,1.16585,1.16645,5.0,0.00035999999999991594,1
2025-09-26 00:00:00,1.1657,1.1666,1.1651,1.16583,64.0,-0.0006200000000000649,1
2025-09-26 01:00:00,1.1659,1.16682,1.16584,1.16671,-7.0,0.0008799999999999919,1
2025-09-26 02:00:00,1.16678,1.16684,1.16595,1.16619,-42.0,-0.0005199999999998539,1
2025-09-26 03:00:00,1.16618,1.16712,1.16575,1.1671,107.0,0.0009099999999999664,1
2025-09-26 04:00:00,1.16709,1.16737,1.16653,1.1668,-34.0,-0.00029999999999996696,1
2025-09-26 05:00:00,1.16681,1.16795,1.16671,1.16767,15.0,0.0008699999999999264,1
2025-09-26 06:00:00,1.16773,1.16788,1.16746,1.16782,44.0,0.0001500000000000945,1
2025-09-26 07:00:00,1.16782,1.16822,1.16742,1.16801,-2.0,0.00018999999999991246,1
2025-09-26 08:00:00,1.16801,1.16821,1.1676,1.16767,-51.0,-0.00034000000000000696,1
2025-09-26 09:00:00,1.16767,1.16841,1.16716,1.16799,-36.0,0.000320000000000098,1
2025-09-26 10:00:00,1.16798,1.16834,1.16683,1.16732,-85.0,-0.0006700000000001705,1
2025-09-26 11:00:00,1.16734,1.1688,1.16706,1.16808,-18.0,0.0007800000000000029,1
2025-09-26 12:00:00,1.16807,1.16841,1.16758,1.16787,10.0,-0.00020999999999982144,1
2025-09-26 13:00:00,1.16783,1.1681300000000001,1.16615,1.16633,-15.0,-0.0015600000000000058,1
2025-09-26 14:00:00,1.16633,1.1676,1.16626,1.16675,0.0,0.0004199999999998649,1
2025-09-26 15:00:00,1.1667399999999999,1.16864,1.16665,1.16827,67.0,0.0015199999999999658,1
2025-09-26 16:00:00,1.16828,1.16946,1.1678,1.16836,-3.0,9.000000000014552e-05,1
2025-09-26 17:00:00,1.16829,1.1705,1.16829,1.16909,25.0,0.0007999999999999119,1
2025-09-26 18:00:00,1.1690800000000001,1.17001,1.1687,1.16912,35.0,2.999999999997449e-05,1
2025-09-26 19:00:00,1.16911,1.16971,1.16863,1.1693,48.0,0.000180000000000069,1
2025-09-26 20:00:00,1.16932,1.1702,1.16905,1.16995,43.0,0.0006500000000000394,1
2025-09-26 21:00:00,1.16994,1.17061,1.16956,1.17034,17.0,0.00038999999999989043,1
2025-09-26 22:00:00,1.17034,1.1706,1.16984,1.17057,-5.0,0.0002300000000001745,1
2025-09-26 23:00:00,1.17049,1.1706699999999999,1.16977,1.1699,-6.0,-0.0006700000000001705,1
2025-09-29 00:00:00,1.16993,1.17032,1.16978,1.17016,-22.0,0.0002300000000001745,1
2025-09-29 01:00:00,1.17031,1.17055,1.17019,1.17036,-3.0,0.00019999999999997797,1
2025-09-29 02:00:00,1.17044,1.171,1.17039,1.17045,14.0,8.999999999992347e-05,1
2025-09-29 03:00:00,1.17047,1.17232,1.17042,1.17215,49.0,0.0017000000000000348,1
2025-09-29 04:00:00,1.17215,1.17256,1.17141,1.17228,9.0,0.00012999999999996348,1
2025-09-29 05:00:00,1.17226,1.17286,1.17221,1.17257,7.0,0.00028999999999990145,1
2025-09-29 06:00:00,1.17258,1.17295,1.17246,1.1724700000000001,-49.0,-9.999999999976694e-05,1
2025-09-29 07:00:00,1.17246,1.17326,1.17224,1.17266,33.0,0.00018999999999991246,1
2025-09-29 08:00:00,1.17267,1.17334,1.17237,1.1728399999999999,20.0,0.00017999999999984695,1
2025-09-29 09:00:00,1.1728399999999999,1.17288,1.17181,1.17199,-20.0,-0.0008799999999999919,1
2025-09-29 10:00:00,1.17195,1.17333,1.17175,1.1727,19.0,0.000740000000000185,1
2025-09-29 11:00:00,1.17271,1.17289,1.1708,1.17239,4.0,-0.00031000000000003247,1
2025-09-29 12:00:00,1.17239,1.17264,1.17166,1.17175,-12.0,-0.0006399999999999739,1
2025-09-29 13:00:00,1.17176,1.1722,1.17154,1.17197,15.0,0.00021999999999988695,1
2025-09-29 14:00:00,1.17197,1.17311,1.1709,1.17294,98.0,0.0009700000000001374,1
2025-09-29 15:00:00,1.17291,1.17514,1.17183,1.17498,15.0,0.0020899999999999253,1
2025-09-29 16:00:00,1.17497,1.17547,1.17366,1.17407,-23.0,-0.0009600000000000719,1
2025-09-29 17:00:00,1.17407,1.17448,1.17293,1.17305,-16.0,-0.0010200000000000209,1
2025-09-29 18:00:00,1.17299,1.17344,1.17228,1.17289,103.0,-0.00015999999999993797,1
2025-09-29 19:00:00,1.17288,1.17333,1.17253,1.1729,31.0,1.0000000000065512e-05,1
2025-09-29 20:00:00,1.1728399999999999,1.17314,1.17211,1.17212,-27.0,-0.0007800000000000029,1
2025-09-29 21:00:00,1.1721300000000001,1.17331,1.17198,1.17313,77.0,0.0010499999999999954,1
2025-09-29 22:00:00,1.17312,1.17319,1.17257,1.17276,-16.0,-0.00041000000000002146,1
2025-09-29 23:00:00,1.17267,1.17272,1.17225,1.17261,14.0,-0.0001500000000000945,1
2025-09-30 00:00:00,1.17238,1.17307,1.17141,1.17261,-9.0,9.000000000014552e-05,1
2025-09-30 01:00:00,1.17265,1.17282,1.17237,1.17267,-6.0,-2.999999999997449e-05,1
2025-09-30 02:00:00,1.17275,1.17326,1.1727,1.17302,19.0,0.00034999999999985043,1
2025-09-30 03:00:00,1.17304,1.17315,1.1712500000000001,1.17204,51.0,-0.0009799999999999809,1
2025-09-30 04:00:00,1.17206,1.17258,1.17132,1.17144,11.0,-0.0005999999999999339,1
2025-09-30 05:00:00,1.17143,1.17239,1.17119,1.1722,76.0,0.0007599999999998719,1
2025-09-30 06:00:00,1.17221,1.17266,1.17201,1.1724,9.0,0.00020000000000020002,1
2025-09-30 07:00:00,1.17238,1.17289,1.17182,1.17286,5.0,0.00045999999999990493,1
2025-09-30 08:00:00,1.17289,1.17373,1.17278,1.17329,24.0,0.00042999999999993044,1
2025-09-30 09:00:00,1.17329,1.17441,1.17307,1.1738,34.0,0.0005100000000000104,1
2025-09-30 10:00:00,1.17376,1.17486,1.17364,1.1742,40.0,0.00039999999999995595,1
2025-09-30 11:00:00,1.17422,1.17616,1.17422,1.17553,-12.0,0.0013300000000000534,1
2025-09-30 12:00:00,1.17554,1.17583,1.17449,1.1748,-47.0,-0.0007299999999998974,1
2025-09-30 13:00:00,1.1748,1.17517,1.17403,1.17459,25.0,-0.00021000000000004349,1
2025-09-30 14:00:00,1.17459,1.17488,1.17364,1.17422,-39.0,-0.00036999999999998145,1
2025-09-30 15:00:00,1.17421,1.17472,1.17329,1.17374,-40.0,-0.00048000000000003595,1
2025-09-30 16:00:00,1.1736900000000001,1.17395,1.17164,1.17306,45.0,-0.0006800000000000139,1
2025-09-30 17:00:00,1.17306,1.17525,1.17241,1.17496,198.0,0.0019000000000000128,1
2025-09-30 18:00:00,1.17495,1.17507,1.17256,1.17338,65.0,-0.0015799999999999148,1
2025-09-30 19:00:00,1.17339,1.17593,1.1733500000000001,1.17561,40.0,0.0022299999999999542,1
2025-09-30 20:00:00,1.17563,1.17615,1.17465,1.1749,12.0,-0.0007099999999999884,1
2025-09-30 21:00:00,1.17488,1.17497,1.17355,1.17403,30.0,-0.0008700000000001484,1
2025-09-30 22:00:00,1.1740599999999999,1.17414,1.17361,1.17397,5.0,-5.999999999994898e-05,1
2025-09-30 23:00:00,1.17392,1.17398,1.17321,1.1733,-32.0,-0.0006699999999999484,1
2025-10-01 00:00:00,1.17339,1.17375,1.17287,1.17349,-7.0,0.00018999999999991246,1
2025-10-01 01:00:00,1.1735,1.17419,1.17323,1.17332,4.0,-0.00017000000000000348,1
2025-10-01 02:00:00,1.1734,1.17425,1.17337,1.17346,30.0,0.000180000000000069,1
2025-10-01 03:00:00,1.17344,1.1738,1.17293,1.17356,64.0,5.999999999994898e-05,1
2025-10-01 04:00:00,1.17356,1.17405,1.173,1.17389,40.0,0.0003300000000001635,1
2025-10-01 05:00:00,1.17392,1.17398,1.17323,1.17374,53.0,-0.0001500000000000945,1
2025-10-01 06:00:00,1.17375,1.17391,1.17336,1.17375,15.0,1.0000000000065512e-05,1
2025-10-01 07:00:00,1.17376,1.17582,1.17376,1.17577,95.0,0.0020199999999999108,1
2025-10-01 08:00:00,1.1758,1.1767,1.17519,1.17521,-50.0,-0.0005599999999998939,1
2025-10-01 09:00:00,1.1752,1.17748,1.17503,1.17682,23.0,0.0016099999999998893,1
2025-10-01 10:00:00,1.1768,1.17789,1.17421,1.1750099999999999,-7.0,-0.0018100000000000893,1
2025-10-01 11:00:00,1.17504,1.17658,1.17487,1.17492,26.0,-8.999999999992347e-05,1
2025-10-01 12:00:00,1.17495,1.17544,1.17307,1.17332,-5.0,-0.0016000000000000458,1
2025-10-01 13:00:00,1.17331,1.17337,1.17158,1.17255,64.0,-0.0007699999999999374,1
2025-10-01 14:00:00,1.17256,1.17403,1.1724999999999999,1.17344,22.0,0.0008999999999999009,1
2025-10-01 15:00:00,1.17344,1.17688,1.1722299999999999,1.17489,21.0,0.0014400000000001079,1
2025-10-01 16:00:00,1.17494,1.17617,1.17463,1.1755,-35.0,0.0006099999999999994,1
2025-10-01 17:00:00,1.17545,1.17638,1.17311,1.17463,176.0,-0.0008200000000000429,1
2025-10-01 18:00:00,1.17459,1.17496,1.17211,1.17229,9.0,-0.0023400000000000087,1
2025-10-01 19:00:00,1.17229,1.17269,1.1715200000000001,1.1723,67.0,9.999999999843467e-06,1
2025-10-01 20:00:00,1.17232,1.17325,1.17226,1.1724,-67.0,0.00010000000000021103,1
2025-10-01 21:00:00,1.17241,1.17418,1.17211,1.1735,39.0,0.0010999999999998789,1
2025-10-01 22:00:00,1.17353,1.17371,1.17295,1.17306,-14.0,-0.00042999999999993044,1
2025-10-01 23:00:00,1.173,1.17305,1.17252,1.173,46.0,-7.00000000000145e-05,1
2025-10-02 00:00:00,1.17279,1.17329,1.17248,1.17315,70.0,0.00014999999999987246,1
2025-10-02 01:00:00,1.1732,1.17364,1.17311,1.1733,13.0,0.0001500000000000945,1
2025-10-02 02:00:00,1.17338,1.17372,1.17327,1.17327,-26.0,-1.999999999990898e-05,1
2025-10-02 03:00:00,1.17327,1.17348,1.17243,1.17301,19.0,-0.00026999999999999247,1
2025-10-02 04:00:00,1.17299,1.17394,1.17239,1.17384,43.0,0.0008299999999998864,1
2025-10-02 05:00:00,1.17384,1.1742,1.17368,1.17373,-6.0,-0.0001100000000000545,1
2025-10-02 06:00:00,1.17374,1.17391,1.17324,1.17344,9.0,-0.00028999999999990145,1
2025-10-02 07:00:00,1.1735,1.17361,1.17298,1.17342,12.0,-2.0000000000131024e-05,1
2025-10-02 08:00:00,1.17347,1.1737,1.17292,1.17349,13.0,7.00000000000145e-05,1
2025-10-02 09:00:00,1.17352,1.17451,1.17341,1.17424,13.0,0.0007500000000000284,1
2025-10-02 10:00:00,1.17428,1.17568,1.17408,1.17498,4.0,0.0007399999999999629,1
2025-10-02 11:00:00,1.175,1.17569,1.17447,1.17534,10.0,0.000360000000000138,1
2025-10-02 12:00:00,1.17539,1.17584,1.17505,1.17547,0.0,0.00012999999999996348,1
2025-10-02 13:00:00,1.17546,1.17547,1.17459,1.1751800000000001,-25.0,-0.00028999999999990145,1
2025-10-02 14:00:00,1.1751800000000001,1.17568,1.17471,1.17507,33.0,-0.0001100000000000545,1
2025-10-02 15:00:00,1.17506,1.17585,1.17343,1.17377,-26.0,-0.0013000000000000789,1
2025-10-02 16:00:00,1.17373,1.17441,1.17134,1.17219,44.0,-0.0015799999999999148,1
2025-10-02 17:00:00,1.17225,1.17225,1.17042,1.17131,5.0,-0.0009399999999999409,1
2025-10-02 18:00:00,1.17127,1.17136,1.1683,1.16964,12.0,-0.0016700000000000603,1
2025-10-02 19:00:00,1.16962,1.17151,1.16946,1.17145,30.0,0.0018100000000000893,1
2025-10-02 20:00:00,1.17144,1.17207,1.1712,1.17133,-5.0,-0.00012000000000012001,1
2025-10-02 21:00:00,1.17132,1.17222,1.17122,1.17208,46.0,0.0007500000000000284,1
2025-10-02 22:00:00,1.17208,1.1727,1.17173,1.17188,-11.0,-0.00019999999999997797,1
2025-10-02 23:00:00,1.1718,1.17237,1.17135,1.17161,-13.0,-0.00026999999999999247,1
2025-10-03 00:00:00,1.17123,1.17184,1.17115,1.1717,26.0,8.999999999992347e-05,1
2025-10-03 01:00:00,1.17168,1.1721,1.17158,1.17183,17.0,0.00012999999999996348,1
2025-10-03 02:00:00,1.1719,1.17257,1.1718600000000001,1.17248,28.0,0.0006500000000000394,1
2025-10-03 03:00:00,1.17249,1.1724999999999999,1.1718600000000001,1.17242,26.0,-5.999999999994898e-05,1
2025-10-03 04:00:00,1.17241,1.17295,1.1716,1.17263,74.0,0.00021000000000004349,1
2025-10-03 05:00:00,1.17264,1.17275,1.17205,1.17241,-12.0,-0.00017000000000000348,1
2025-10-03 06:00:00,1.17245,1.17269,1.17194,1.17265,7.0,0.00018999999999991246,1
2025-10-03 07:00:00,1.17264,1.17283,1.17176,1.17176,-51.0,-0.0008900000000000574,1
2025-10-03 08:00:00,1.17175,1.17214,1.17146,1.17172,43.0,-3.999999999981796e-05,1
2025-10-03 09:00:00,1.17173,1.17289,1.1716,1.17201,32.0,0.00028999999999990145,1
2025-10-03 10:00:00,1.17202,1.17343,1.17202,1.17325,71.0,0.0012399999999999078,1
2025-10-03 11:00:00,1.17325,1.17447,1.17314,1.17404,62.0,0.0007900000000000684,1
2025-10-03 12:00:00,1.174,1.1740599999999999,1.1731,1.1737,-5.0,-0.00034000000000000696,1
2025-10-03 13:00:00,1.17371,1.17397,1.17336,1.17367,28.0,-2.999999999997449e-05,1
2025-10-03 14:00:00,1.17367,1.17431,1.1731,1.17336,-50.0,-0.00031000000000003247,1
2025-10-03 15:00:00,1.17343,1.17411,1.17272,1.17392,-8.0,0.000560000000000116,1
2025-10-03 16:00:00,1.17391,1.17445,1.17325,1.17381,50.0,-0.0001100000000000545,1
2025-10-03 17:00:00,1.17385,1.17591,1.17339,1.17411,-62.0,0.00027999999999983594,1
2025-10-03 18:00:00,1.17412,1.1749,1.17367,1.17464,16.0,0.0005100000000000104,1
2025-10-03 19:00:00,1.17464,1.17486,1.17374,1.17401,-8.0,-0.0006299999999999084,1
2025-10-03 20:00:00,1.17394,1.17418,1.17316,1.17341,4.0,-0.0005999999999999339,1
2025-10-03 21:00:00,1.17342,1.17404,1.17265,1.1739600000000001,60.0,0.0005500000000000504,1
2025-10-03 22:00:00,1.17392,1.1742,1.1736900000000001,1.1740599999999999,17.0,9.999999999976694e-05,1
2025-10-03 23:00:00,1.17398,1.17439,1.17379,1.1741,47.0,4.0000000000040004e-05,1
2025-10-06 00:00:00,1.17141,1.17296,1.17137,1.17272,23.0,0.0013099999999999223,1
2025-10-06 01:00:00,1.17273,1.17285,1.17147,1.17157,-33.0,-0.0011499999999999844,1
2025-10-06 02:00:00,1.17164,1.17167,1.17061,1.1712,-38.0,-0.00036999999999998145,1
2025-10-06 03:00:00,1.17122,1.17192,1.171,1.17164,-11.0,0.00043999999999999595,1
2025-10-06 04:00:00,1.17166,1.1724999999999999,1.17098,1.17236,4.0,0.0007200000000000539,1
2025-10-06 05:00:00,1.17237,1.1731,1.17235,1.17267,4.0,0.00031000000000003247,1
2025-10-06 06:00:00,1.17266,1.17302,1.1723,1.1724,-16.0,-0.00026999999999999247,1
2025-10-06 07:00:00,1.17242,1.17276,1.17193,1.17205,-11.0,-0.0003500000000000725,1
2025-10-06 08:00:00,1.17204,1.17255,1.17136,1.17174,-28.0,-0.00031000000000003247,1
2025-10-06 09:00:00,1.17174,1.17199,1.16901,1.16937,-61.0,-0.0023699999999999832,1
2025-10-06 10:00:00,1.16938,1.17123,1.16625,1.16629,102.0,-0.0030799999999999716,1
2025-10-06 11:00:00,1.16627,1.1679599999999999,1.1652,1.16675,75.0,0.00045999999999990493,1
2025-10-06 12:00:00,1.16675,1.16699,1.16568,1.1666400000000001,-7.0,-0.00010999999999983245,1
2025-10-06 13:00:00,1.16665,1.16671,1.16524,1.16635,51.0,-0.0002900000000001235,1
2025-10-06 14:00:00,1.16635,1.16791,1.16574,1.16751,76.0,0.0011600000000000499,1
2025-10-06 15:00:00,1.1675,1.16899,1.16728,1.16894,50.0,0.0014300000000000423,1
2025-10-06 16:00:00,1.16889,1.17032,1.16838,1.16991,-10.0,0.0009699999999999154,1
2025-10-06 17:00:00,1.1699,1.17178,1.1695,1.1716199999999999,38.0,0.0017199999999999438,1
2025-10-06 18:00:00,1.17163,1.17212,1.17027,1.17068,-30.0,-0.0009399999999999409,1
2025-10-06 19:00:00,1.1706699999999999,1.17124,1.17029,1.17116,8.0,0.00048000000000003595,1
2025-10-06 20:00:00,1.17116,1.1716,1.17096,1.17106,18.0,-9.999999999998899e-05,1
2025-10-06 21:00:00,1.17105,1.17159,1.1709100000000001,1.1712500000000001,33.0,0.0001900000000001345,1
2025-10-06 22:00:00,1.17126,1.1717,1.17098,1.17103,-10.0,-0.000220000000000109,1
2025-10-06 23:00:00,1.17096,1.17133,1.17073,1.17119,7.0,0.00015999999999993797,1
2025-10-07 00:00:00,1.17088,1.1715200000000001,1.16971,1.17103,-10.0,-0.00015999999999993797,1
2025-10-07 01:00:00,1.17085,1.17141,1.17076,1.17087,62.0,-0.00015999999999993797,1
2025-10-07 02:00:00,1.17094,1.17145,1.17081,1.17096,-15.0,8.999999999992347e-05,1
2025-10-07 03:00:00,1.17097,1.17111,1.1703999999999999,1.17084,-5.0,-0.00011999999999989797,1
2025-10-07 04:00:00,1.17084,1.1709,1.16963,1.1697,-61.0,-0.001140000000000141,1
2025-10-07 05:00:00,1.16971,1.17061,1.16965,1.17013,-10.0,0.00042999999999993044,1
2025-10-07 06:00:00,1.17013,1.17073,1.16994,1.1703000000000001,42.0,0.00017000000000022553,1
2025-10-07 07:00:00,1.17029,1.17074,1.16941,1.16987,0.0,-0.0004300000000001525,1
2025-10-07 08:00:00,1.16985,1.16999,1.16871,1.16916,12.0,-0.0007099999999999884,1
2025-10-07 09:00:00,1.16916,1.16921,1.16828,1.16867,46.0,-0.0004899999999998794,1
2025-10-07 10:00:00,1.16869,1.16881,1.1670099999999999,1.1676199999999999,40.0,-0.001040000000000152,1
2025-10-07 11:00:00,1.16766,1.16833,1.16651,1.16662,-12.0,-0.0010099999999999554,1
2025-10-07 12:00:00,1.1666,1.16712,1.16604,1.16667,34.0,5.0000000000105516e-05,1
2025-10-07 13:00:00,1.16667,1.1676,1.1663000000000001,1.16744,1.0,0.0007699999999999374,1
2025-10-07 14:00:00,1.16744,1.16745,1.16537,1.16623,32.0,-0.0012099999999999334,1
2025-10-07 15:00:00,1.16623,1.16672,1.16535,1.16672,35.0,0.0004899999999998794,1
2025-10-07 16:00:00,1.16671,1.16705,1.16591,1.166,-8.0,-0.0007200000000000539,1
2025-10-07 17:00:00,1.16599,1.16658,1.16545,1.16631,117.0,0.00031999999999987594,1
2025-10-07 18:00:00,1.16632,1.16802,1.1661299999999999,1.16733,14.0,0.0010200000000000209,1
2025-10-07 19:00:00,1.16733,1.1681300000000001,1.16696,1.16697,25.0,-0.00035999999999991594,1
2025-10-07 20:00:00,1.16703,1.16793,1.16663,1.1667399999999999,-43.0,-0.0002300000000001745,1
2025-10-07 21:00:00,1.16676,1.1668,1.16564,1.16574,-33.0,-0.0009999999999998899,1
2025-10-07 22:00:00,1.16575,1.16582,1.16468,1.165,-53.0,-0.0007399999999999629,1
2025-10-07 23:00:00,1.16492,1.1657899999999999,1.16483,1.16566,41.0,0.0006599999999998829,1
2025-10-08 00:00:00,1.16528,1.16586,1.16496,1.1656900000000001,7.0,3.0000000000196536e-05,1
2025-10-08 01:00:00,1.16567,1.16607,1.16567,1.16584,3.0,0.00014999999999987246,1
2025-10-08 02:00:00,1.16591,1.16592,1.16526,1.16526,-44.0,-0.0005800000000000249,1
2025-10-08 03:00:00,1.16527,1.16531,1.16453,1.16475,13.0,-0.0005100000000000104,1
2025-10-08 04:00:00,1.16471,1.16471,1.16254,1.16263,-60.0,-0.0021199999999998997,1
2025-10-08 05:00:00,1.16263,1.16273,1.16166,1.16238,-3.0,-0.0002500000000000835,1
2025-10-08 06:00:00,1.16235,1.16249,1.16178,1.16243,7.0,5.0000000000105516e-05,1
2025-10-08 07:00:00,1.16245,1.16253,1.16157,1.16191,-7.0,-0.000520000000000076,1
2025-10-08 08:00:00,1.16191,1.16195,1.1611799999999999,1.16168,33.0,-0.00017000000000000348,1
2025-10-08 09:00:00,1.16175,1.16205,1.16069,1.16167,16.0,-7.00000000000145e-05,1
2025-10-08 10:00:00,1.1616900000000001,1.16343,1.16116,1.16313,-23.0,0.0014600000000000168,1
2025-10-08 11:00:00,1.16312,1.16355,1.16105,1.16143,-52.0,-0.0017000000000000348,1
2025-10-08 12:00:00,1.16145,1.16205,1.16054,1.16114,-23.0,-0.00028999999999990145,1
2025-10-08 13:00:00,1.16116,1.16366,1.16089,1.16334,56.0,0.0021999999999999797,1
2025-10-08 14:00:00,1.1633499999999999,1.16347,1.1625,1.16263,-83.0,-0.0007099999999999884,1
2025-10-08 15:00:00,1.16265,1.16382,1.16245,1.16328,15.0,0.0006500000000000394,1
2025-10-08 16:00:00,1.16327,1.1644700000000001,1.16272,1.16319,54.0,-9.000000000014552e-05,1
2025-10-08 17:00:00,1.16317,1.16365,1.16201,1.1622,-55.0,-0.0009700000000001374,1
2025-10-08 18:00:00,1.1622,1.16222,1.1602999999999999,1.1606,-36.0,-0.0015999999999998238,1
2025-10-08 19:00:00,1.16059,1.16072,1.15981,1.16055,30.0,-5.0000000000105516e-05,1
2025-10-08 20:00:00,1.16055,1.16094,1.16021,1.16068,4.0,0.00012999999999996348,1
2025-10-08 21:00:00,1.16069,1.16223,1.15994,1.16196,-50.0,0.0012800000000001699,1
2025-10-08 22:00:00,1.16197,1.16284,1.16197,1.16284,65.0,0.0008799999999999919,1
2025-10-08 23:00:00,1.16275,1.16318,1.16254,1.16278,-4.0,-6.000000000017103e-05,1
2025-10-09 00:00:00,1.16231,1.16284,1.16177,1.1627399999999999,-18.0,-4.0000000000040004e-05,1
2025-10-09 01:00:00,1.16276,1.16344,1.1627,1.16326,1.0,0.000520000000000076,1
2025-10-09 02:00:00,1.16332,1.16334,1.16277,1.16292,-18.0,-0.00034000000000000696,1
2025-10-09 03:00:00,1.1629,1.16413,1.16281,1.16367,27.0,0.0007500000000000284,1
2025-10-09 04:00:00,1.16367,1.16456,1.16361,1.16403,10.0,0.00035999999999991594,1
2025-10-09 05:00:00,1.16401,1.16479,1.16387,1.16442,18.0,0.0003900000000001125,1
2025-10-09 06:00:00,1.16441,1.16465,1.16402,1.16444,15.0,1.999999999990898e-05,1
2025-10-09 07:00:00,1.16445,1.16472,1.16417,1.16458,-12.0,0.000140000000000029,1
2025-10-09 08:00:00,1.16458,1.1648399999999999,1.1638,1.16382,-32.0,-0.0007599999999998719,1
2025-10-09 09:00:00,1.16383,1.16389,1.1610800000000001,1.16154,-8.0,-0.0022800000000000598,1
2025-10-09 10:00:00,1.16154,1.16235,1.16062,1.16111,-44.0,-0.00042999999999993044,1
2025-10-09 11:00:00,1.1611,1.16147,1.16029,1.16121,61.0,9.999999999998899e-05,1
2025-10-09 12:00:00,1.16122,1.1627399999999999,1.1610800000000001,1.16255,9.0,0.0013399999999998968,1
2025-10-09 13:00:00,1.16255,1.16271,1.16131,1.16182,-59.0,-0.0007299999999998974,1
2025-10-09 14:00:00,1.16183,1.16223,1.1609099999999999,1.16119,-36.0,-0.0006300000000001305,1
2025-10-09 15:00:00,1.16123,1.16164,1.16049,1.16151,31.0,0.000320000000000098,1
2025-10-09 16:00:00,1.16155,1.16233,1.15913,1.16025,-79.0,-0.0012600000000000389,1
2025-10-09 17:00:00,1.16024,1.1602999999999999,1.15765,1.1581299999999999,143.0,-0.0021100000000000563,1
2025-10-09 18:00:00,1.15812,1.1582,1.1547,1.1559,53.0,-0.0022299999999999542,1
2025-10-09 19:00:00,1.15591,1.15636,1.15522,1.15576,-111.0,-0.000140000000000029,1
2025-10-09 20:00:00,1.15577,1.15664,1.15539,1.15597,-17.0,0.00021000000000004349,1
2025-10-09 21:00:00,1.1559599999999999,1.15608,1.15418,1.15465,-85.0,-0.0013199999999999878,1
2025-10-09 22:00:00,1.1547,1.15618,1.15465,1.15595,36.0,0.0013000000000000789,1
2025-10-09 23:00:00,1.15588,1.15662,1.15581,1.15642,51.0,0.00046999999999997044,1
2025-10-10 00:00:00,1.15531,1.15652,1.15435,1.15642,37.0,0.0,1
2025-10-10 01:00:00,1.15643,1.15664,1.15609,1.15641,17.0,-1.0000000000065512e-05,1
2025-10-10 02:00:00,1.15649,1.15664,1.15567,1.15651,1.0,9.999999999998899e-05,1
2025-10-10 03:00:00,1.1565,1.15703,1.15604,1.15672,11.0,0.00021000000000004349,1
2025-10-10 04:00:00,1.15672,1.1571500000000001,1.15625,1.15625,-72.0,-0.00046999999999997044,1
2025-10-10 05:00:00,1.15627,1.15729,1.15627,1.15696,21.0,0.0007299999999998974,1
2025-10-10 06:00:00,1.15696,1.15741,1.1567,1.15732,11.0,0.00034000000000000696,1
2025-10-10 07:00:00,1.15731,1.15739,1.15672,1.15737,-18.0,5.0000000000105516e-05,1
2025-10-10 08:00:00,1.15737,1.15778,1.15692,1.15696,-6.0,-0.00041000000000002146,1
2025-10-10 09:00:00,1.15695,1.15748,1.15609,1.15706,-13.0,9.999999999998899e-05,1
2025-10-10 10:00:00,1.15706,1.15802,1.15638,1.15778,-73.0,0.0007200000000000539,1
2025-10-10 11:00:00,1.15777,1.15896,1.15753,1.15791,-65.0,0.00012999999999996348,1
2025-10-10 12:00:00,1.1579,1.15801,1.15686,1.15746,22.0,-0.00045000000000006146,1
2025-10-10 13:00:00,1.15747,1.15836,1.15702,1.15714,-17.0,-0.00031999999999987594,1
2025-10-10 14:00:00,1.15713,1.15751,1.15602,1.15607,-47.0,-0.0010700000000001264,1
2025-10-10 15:00:00,1.15607,1.15764,1.15592,1.15719,101.0,0.0011200000000000099,1
2025-10-10 16:00:00,1.15645,1.15733,1.15622,1.15694,33.0,-0.00024999999999986144,1
2025-10-10 17:00:00,1.1569099999999999,1.15826,1.15646,1.15788,-25.0,0.0009700000000001374,1
2025-10-10 18:00:00,1.15787,1.16305,1.15777,1.16123,-73.0,0.003349999999999964,1
2025-10-10 19:00:00,1.16122,1.16255,1.16039,1.16061,-17.0,-0.0006200000000000649,1
2025-10-10 20:00:00,1.1606,1.16096,1.15967,1.1601,12.0,-0.0005100000000000104,1
2025-10-10 21:00:00,1.16012,1.1613,1.15998,1.16088,58.0,0.0007200000000000539,1
2025-10-10 22:00:00,1.16087,1.16154,1.16033,1.16126,41.0,0.00043999999999999595,1
2025-10-10 23:00:00,1.1611799999999999,1.16283,1.16031,1.16227,-26.0,0.0010099999999999554,1
2025-10-13 00:00:00,1.16112,1.1615,1.16065,1.1610800000000001,13.0,-3.999999999981796e-05,1
2025-10-13 01:00:00,1.16115,1.16136,1.15911,1.16025,-13.0,-0.0008300000000001084,1
2025-10-13 02:00:00,1.16032,1.16101,1.15999,1.16012,-1.0,-0.00012999999999996348,1
2025-10-13 03:00:00,1.16013,1.16161,1.16002,1.16155,46.0,0.0014300000000000423,1
2025-10-13 04:00:00,1.16161,1.16211,1.161,1.16197,59.0,0.0004199999999998649,1
2025-10-13 05:00:00,1.16198,1.16279,1.1617,1.16197,-20.0,0.0,1
2025-10-13 06:00:00,1.16197,1.1622,1.16159,1.1620300000000001,6.0,6.000000000017103e-05,1
2025-10-13 07:00:00,1.16206,1.16252,1.16177,1.16198,6.0,-5.0000000000105516e-05,1
2025-10-13 08:00:00,1.16199,1.1623999999999999,1.16126,1.16143,6.0,-0.0005500000000000504,1
2025-10-13 09:00:00,1.16147,1.1630099999999999,1.16106,1.16143,14.0,0.0,1
2025-10-13 10:00:00,1.16144,1.1616,1.15977,1.15999,1.0,-0.0014399999999998858,1
2025-10-13 11:00:00,1.15999,1.1605,1.1581299999999999,1.15854,-42.0,-0.0014500000000001734,1
2025-10-13 12:00:00,1.15855,1.15982,1.15845,1.1594,-26.0,0.0008600000000000829,1
2025-10-13 13:00:00,1.15939,1.15958,1.1581299999999999,1.15838,1.0,-0.0010200000000000209,1
2025-10-13 14:00:00,1.15839,1.15944,1.15656,1.1568100000000001,-55.0,-0.0015699999999998493,1
2025-10-13 15:00:00,1.15682,1.15763,1.15613,1.15688,44.0,7.999999999985796e-05,1
2025-10-13 16:00:00,1.15689,1.15778,1.15644,1.1575,80.0,0.0006099999999999994,1
2025-10-13 17:00:00,1.1575,1.15753,1.15574,1.15616,10.0,-0.0014000000000000679,1
2025-10-13 18:00:00,1.15616,1.15757,1.15597,1.15743,43.0,0.0013300000000000534,1
2025-10-13 19:00:00,1.1574200000000001,1.15796,1.15694,1.15751,4.0,8.000000000008001e-05,1
2025-10-13 20:00:00,1.15753,1.15773,1.15694,1.15734,6.0,-0.00017000000000000348,1
2025-10-13 21:00:00,1.15735,1.1577600000000001,1.15656,1.15684,-47.0,-0.0004999999999999449,1
2025-10-13 22:00:00,1.15684,1.1574,1.15658,1.15664,18.0,-0.00020000000000020002,1
2025-10-13 23:00:00,1.15656,1.15701,1.15639,1.15696,19.0,0.000320000000000098,1
2025-10-14 00:00:00,1.15649,1.15728,1.15611,1.15708,1.0,0.00012000000000012001,1
2025-10-14 01:00:00,1.1571,1.15737,1.1567,1.15673,2.0,-0.0003500000000000725,1
2025-10-14 02:00:00,1.1568100000000001,1.15699,1.15633,1.1565400000000001,-19.0,-0.00018999999999991246,1
2025-10-14 03:00:00,1.15653,1.15674,1.15548,1.15608,-5.0,-0.0004700000000001925,1
2025-10-14 04:00:00,1.15609,1.15736,1.15606,1.15706,42.0,0.0009900000000000464,1
2025-10-14 05:00:00,1.15707,1.15762,1.15702,1.15737,16.0,0.00031000000000003247,1
2025-10-14 06:00:00,1.15735,1.15819,1.15713,1.15783,40.0,0.00045999999999990493,1
2025-10-14 07:00:00,1.15784,1.15924,1.1578,1.15916,4.0,0.0013300000000000534,1
2025-10-14 08:00:00,1.15915,1.15939,1.15823,1.1584,-64.0,-0.0007599999999998719,1
2025-10-14 09:00:00,1.1584,1.15895,1.15629,1.15699,-32.0,-0.0014100000000001334,1
2025-10-14 10:00:00,1.15698,1.15747,1.15427,1.15493,-14.0,-0.0020599999999999508,1
2025-10-14 11:00:00,1.15489,1.1561,1.15454,1.1559,28.0,0.0009799999999999809,1
2025-10-14 12:00:00,1.15592,1.15634,1.15517,1.15553,3.0,-0.00038000000000004697,1
2025-10-14 13:00:00,1.15552,1.15597,1.1551,1.15533,-7.0,-0.00019999999999997797,1
2025-10-14 14:00:00,1.15533,1.15586,1.15461,1.15521,3.0,-0.00011999999999989797,1
2025-10-14 15:00:00,1.15523,1.1565400000000001,1.15478,1.1555900000000001,31.0,0.00038000000000004697,1
2025-10-14 16:00:00,1.1555900000000001,1.1583,1.15542,1.1574,-89.0,0.0018099999999998673,1
2025-10-14 17:00:00,1.15741,1.15976,1.15688,1.15943,148.0,0.0020199999999999108,1
2025-10-14 18:00:00,1.15944,1.16084,1.15866,1.16073,62.0,0.0013000000000000789,1
2025-10-14 19:00:00,1.16074,1.16151,1.1601,1.16093,15.0,0.00021000000000004349,1
2025-10-14 20:00:00,1.16093,1.16123,1.16014,1.16093,41.0,-1.0000000000065512e-05,1
2025-10-14 21:00:00,1.16093,1.1611799999999999,1.16032,1.16053,5.0,-0.00039999999999995595,1
2025-10-14 22:00:00,1.16052,1.16114,1.16045,1.1605699999999999,-30.0,3.999999999981796e-05,1
2025-10-14 23:00:00,1.1605,1.16075,1.15991,1.16073,67.0,0.00016000000000016001,1
2025-10-15 00:00:00,1.16041,1.16079,1.16041,1.16071,-14.0,-2.0000000000131024e-05,1
2025-10-15 01:00:00,1.16073,1.1609099999999999,1.16026,1.16029,-2.0,-0.0004199999999998649,1
2025-10-15 02:00:00,1.16035,1.16056,1.16017,1.16032,18.0,2.999999999997449e-05,1
2025-10-15 03:00:00,1.16032,1.1614,1.16017,1.16107,28.0,0.0007500000000000284,1
2025-10-15 04:00:00,1.16107,1.16231,1.16067,1.16191,31.0,0.0008399999999999519,1
2025-10-15 05:00:00,1.16191,1.16263,1.1618,1.16228,-4.0,0.00036999999999998145,1
2025-10-15 06:00:00,1.16227,1.16244,1.16181,1.16219,19.0,-8.999999999992347e-05,1
2025-10-15 07:00:00,1.1622,1.16242,1.1616900000000001,1.16183,-1.0,-0.000360000000000138,1
2025-10-15 08:00:00,1.16183,1.16269,1.16183,1.16195,-10.0,0.00012000000000012001,1
2025-10-15 09:00:00,1.16195,1.16387,1.16178,1.16344,23.0,0.0014899999999999913,1
2025-10-15 10:00:00,1.16348,1.16444,1.16292,1.16355,-15.0,0.0001100000000000545,1
2025-10-15 11:00:00,1.1635900000000001,1.16455,1.16313,1.16324,-46.0,-0.00031000000000003247,1
2025-10-15 12:00:00,1.16323,1.16393,1.16278,1.16346,-11.0,0.00021999999999988695,1
2025-10-15 13:00:00,1.16345,1.16352,1.16202,1.16244,-44.0,-0.0010200000000000209,1
2025-10-15 14:00:00,1.16248,1.1632500000000001,1.16196,1.1620300000000001,23.0,-0.0004099999999997994,1
2025-10-15 15:00:00,1.16205,1.16279,1.16136,1.16174,8.0,-0.0002900000000001235,1
2025-10-15 16:00:00,1.16175,1.16321,1.16103,1.16277,-61.0,0.0010300000000000864,1
2025-10-15 17:00:00,1.16276,1.16303,1.16193,1.16243,25.0,-0.00032999999999994145,1
2025-10-15 18:00:00,1.16244,1.16472,1.16183,1.16367,74.0,0.0012399999999999078,1
2025-10-15 19:00:00,1.16367,1.1641,1.16283,1.1639599999999999,19.0,0.00028999999999990145,1
2025-10-15 20:00:00,1.16395,1.164,1.16271,1.16296,-10.0,-0.0009999999999998899,1
2025-10-15 21:00:00,1.16297,1.16373,1.16275,1.16332,37.0,0.00035999999999991594,1
2025-10-15 22:00:00,1.16331,1.16451,1.16331,1.1644,77.0,0.001080000000000192,1
2025-10-15 23:00:00,1.16433,1.16474,1.16418,1.16466,-4.0,0.00025999999999992696,1
2025-10-16 00:00:00,1.16418,1.16461,1.1636199999999999,1.16425,-7.0,-0.00041000000000002146,1
2025-10-16 01:00:00,1.16429,1.16515,1.16429,1.16453,0.0,0.000280000000000058,1
2025-10-16 02:00:00,1.1646,1.16472,1.1644700000000001,1.16458,5.0,4.999999999988347e-05,1
2025-10-16 03:00:00,1.16458,1.16669,1.16428,1.16635,32.0,0.0017700000000000493,1
2025-10-16 04:00:00,1.16636,1.16756,1.16608,1.1670099999999999,-4.0,0.0006599999999998829,1
2025-10-16 05:00:00,1.16702,1.16744,1.16642,1.1666400000000001,-7.0,-0.0003699999999997594,1
2025-10-16 06:00:00,1.16663,1.1667,1.16614,1.1662,-15.0,-0.000440000000000218,1
2025-10-16 07:00:00,1.16621,1.16624,1.16555,1.16556,-48.0,-0.0006399999999999739,1
2025-10-16 08:00:00,1.16557,1.16615,1.16535,1.16597,43.0,0.00041000000000002146,1
2025-10-16 09:00:00,1.16597,1.1668,1.16519,1.16541,-2.0,-0.0005599999999998939,1
2025-10-16 10:00:00,1.16543,1.16566,1.16429,1.16522,58.0,-0.00016000000000016001,1
2025-10-16 11:00:00,1.16527,1.16601,1.16488,1.16591,-8.0,0.000660000000000105,1
2025-10-16 12:00:00,1.16592,1.1663999999999999,1.16522,1.16581,-13.0,-9.999999999998899e-05,1
2025-10-16 13:00:00,1.1658,1.16632,1.16529,1.16552,-41.0,-0.00031000000000003247,1
2025-10-16 14:00:00,1.16551,1.16564,1.16461,1.1654,36.0,-9.999999999998899e-05,1
2025-10-16 15:00:00,1.1654200000000001,1.16615,1.16488,1.16608,-1.0,0.0006800000000000139,1
2025-10-16 16:00:00,1.16608,1.16645,1.16504,1.16581,7.0,-0.00026999999999999247,1
2025-10-16 17:00:00,1.16578,1.16783,1.16535,1.16773,67.0,0.0019499999999998963,1
2025-10-16 18:00:00,1.16773,1.16784,1.16609,1.16647,23.0,-0.0012600000000000389,1
2025-10-16 19:00:00,1.16646,1.16791,1.16639,1.16773,57.0,0.0012600000000000389,1
2025-10-16 20:00:00,1.16773,1.16939,1.16765,1.16879,70.0,0.001060000000000061,1
2025-10-16 21:00:00,1.16878,1.16936,1.16801,1.16895,48.0,0.00015999999999993797,1
2025-10-16 22:00:00,1.16897,1.16941,1.16869,1.16886,-6.0,-8.999999999992347e-05,1
2025-10-16 23:00:00,1.16878,1.16909,1.16838,1.16868,-6.0,-0.000180000000000069,1
2025-10-17 00:00:00,1.1682299999999999,1.169,1.1681,1.16881,26.0,0.00012999999999996348,1
2025-10-17 01:00:00,1.1688399999999999,1.16953,1.16864,1.16936,45.0,0.0005500000000000504,1
2025-10-17 02:00:00,1.16943,1.16998,1.16929,1.16991,22.0,0.0005500000000000504,1
2025-10-17 03:00:00,1.16988,1.17116,1.16951,1.17071,6.0,0.0007999999999999119,1
2025-10-17 04:00:00,1.17069,1.17099,1.16998,1.17005,1.0,-0.0006599999999998829,1
2025-10-17 05:00:00,1.1700599999999999,1.17113,1.16949,1.17051,-4.0,0.00045999999999990493,1
2025-10-17 06:00:00,1.17052,1.17126,1.17045,1.17095,11.0,0.00043999999999999595,1
2025-10-17 07:00:00,1.17096,1.17118,1.1706,1.17095,13.0,1.0000000000065512e-05,1
2025-10-17 08:00:00,1.17095,1.17281,1.17094,1.17227,-18.0,0.0013099999999999223,1
2025-10-17 09:00:00,1.17228,1.17268,1.17087,1.17106,25.0,-0.0012099999999999334,1
2025-10-17 10:00:00,1.17102,1.17156,1.1693500000000001,1.17118,75.0,0.00012000000000012001,1
2025-10-17 11:00:00,1.17119,1.17163,1.16914,1.1697,-13.0,-0.0014800000000001479,1
2025-10-17 12:00:00,1.16972,1.1708,1.16962,1.17012,27.0,0.00042000000000008697,1
2025-10-17 13:00:00,1.1701,1.17029,1.1687400000000001,1.16899,8.0,-0.0011300000000000754,1
2025-10-17 14:00:00,1.169,1.16972,1.16801,1.16853,22.0,-0.00045999999999990493,1
2025-10-17 15:00:00,1.16854,1.16865,1.16669,1.16768,9.0,-0.0008500000000000174,1
2025-10-17 16:00:00,1.16766,1.1681300000000001,1.1669,1.16708,32.0,-0.000600000000000156,1
2025-10-17 17:00:00,1.16707,1.16734,1.16565,1.16672,56.0,-0.0003500000000000725,1
2025-10-17 18:00:00,1.16673,1.16736,1.16606,1.16731,60.0,0.0005900000000000905,1
2025-10-17 19:00:00,1.16736,1.16797,1.16695,1.16706,-41.0,-0.0002500000000000835,1
2025-10-17 20:00:00,1.16705,1.16759,1.16669,1.1667399999999999,-24.0,-0.000320000000000098,1
2025-10-17 21:00:00,1.16675,1.16744,1.16635,1.16681,11.0,7.00000000000145e-05,1
2025-10-17 22:00:00,1.16683,1.16714,1.1666,1.16708,21.0,0.00026999999999999247,1
2025-10-17 23:00:00,1.167,1.167,1.16495,1.16502,0.0,-0.0020599999999999508,1
2025-10-20 00:00:00,1.16622,1.16646,1.16554,1.16566,-4.0,-0.000560000000000116,1
2025-10-20 01:00:00,1.16574,1.16585,1.16507,1.16556,34.0,-9.999999999998899e-05,1
2025-10-20 02:00:00,1.16563,1.16619,1.16545,1.16581,12.0,0.0002500000000000835,1
2025-10-20 03:00:00,1.16582,1.16661,1.16575,1.1666,27.0,0.0007900000000000684,1
2025-10-20 04:00:00,1.16661,1.1667399999999999,1.16563,1.166,-3.0,-0.000600000000000156,1
2025-10-20 05:00:00,1.16601,1.16708,1.16598,1.1666,13.0,0.000600000000000156,1
2025-10-20 06:00:00,1.16659,1.16687,1.16648,1.16681,29.0,0.00020999999999982144,1
2025-10-20 07:00:00,1.16682,1.16741,1.16654,1.16715,32.0,0.00038000000000004697,1
2025-10-20 08:00:00,1.16713,1.16757,1.16698,1.1674,60.0,0.00021000000000004349,1
2025-10-20 09:00:00,1.1673499999999999,1.1673499999999999,1.16568,1.16586,-36.0,-0.0015400000000000968,1
2025-10-20 10:00:00,1.16582,1.16683,1.16536,1.16627,102.0,0.00041000000000002146,1
2025-10-20 11:00:00,1.16629,1.16666,1.1658,1.16637,18.0,9.999999999998899e-05,1
2025-10-20 12:00:00,1.16636,1.16679,1.16592,1.16617,-25.0,-0.00019999999999997797,1
2025-10-20 13:00:00,1.16616,1.16632,1.1651,1.16536,9.0,-0.0008099999999999774,1
2025-10-20 14:00:00,1.16536,1.16564,1.16443,1.16561,16.0,0.0002500000000000835,1
2025-10-20 15:00:00,1.16563,1.16606,1.165,1.16536,-86.0,-0.0002500000000000835,1
2025-10-20 16:00:00,1.16537,1.16547,1.16462,1.16493,57.0,-0.00042999999999993044,1
2025-10-20 17:00:00,1.16495,1.16645,1.16473,1.16537,-42.0,0.0004300000000001525,1
2025-10-20 18:00:00,1.16535,1.16647,1.16528,1.16553,31.0,0.00014999999999987246,1
2025-10-20 19:00:00,1.16552,1.16583,1.16492,1.165,-5.0,-0.0005299999999999194,1
2025-10-20 20:00:00,1.16499,1.16532,1.16411,1.16437,21.0,-0.0006399999999999739,1
2025-10-20 21:00:00,1.16436,1.16487,1.16384,1.16466,38.0,0.00029999999999996696,1
2025-10-20 22:00:00,1.16467,1.16494,1.1639599999999999,1.16411,-39.0,-0.0005500000000000504,1
2025-10-20 23:00:00,1.16403,1.16443,1.16392,1.16404,-11.0,-7.00000000000145e-05,1
2025-10-21 00:00:00,1.16389,1.16445,1.16369,1.16439,28.0,0.0003500000000000725,1
2025-10-21 01:00:00,1.1644,1.1645,1.16418,1.16422,-8.0,-0.00017000000000000348,1
2025-10-21 02:00:00,1.1643,1.16455,1.1642299999999999,1.16441,18.0,0.00018999999999991246,1
2025-10-21 03:00:00,1.1644,1.16553,1.16432,1.1653,55.0,0.0008900000000000574,1
2025-10-21 04:00:00,1.16529,1.16531,1.16419,1.16452,-69.0,-0.0007800000000000029,1
2025-10-21 05:00:00,1.16453,1.16453,1.1632500000000001,1.1634,-16.0,-0.0011200000000000099,1
2025-10-21 06:00:00,1.16341,1.1636199999999999,1.16327,1.16344,13.0,4.0000000000040004e-05,1
2025-10-21 07:00:00,1.16346,1.1637,1.16317,1.16356,5.0,0.00011999999999989797,1
2025-10-21 08:00:00,1.16356,1.16379,1.16241,1.16256,-89.0,-0.0009999999999998899,1
2025-10-21 09:00:00,1.16255,1.16341,1.16184,1.16318,-24.0,0.0006200000000000649,1
2025-10-21 10:00:00,1.16316,1.16355,1.16215,1.16257,-87.0,-0.0006099999999999994,1
2025-10-21 11:00:00,1.16253,1.16277,1.16127,1.16214,20.0,-0.0004300000000001525,1
2025-10-21 12:00:00,1.16215,1.16275,1.16161,1.16202,-13.0,-0.00011999999999989797,1
2025-10-21 13:00:00,1.16204,1.16236,1.16066,1.16181,-21.0,-0.00021000000000004349,1
2025-10-21 14:00:00,1.16182,1.1626,1.16094,1.16131,-27.0,-0.0004999999999999449,1
2025-10-21 15:00:00,1.16125,1.1616900000000001,1.16018,1.16114,31.0,-0.00017000000000000348,1
2025-10-21 16:00:00,1.16113,1.16171,1.16024,1.16124,-17.0,9.999999999998899e-05,1
2025-10-21 17:00:00,1.16123,1.16184,1.15975,1.16045,-20.0,-0.0007800000000000029,1
2025-10-21 18:00:00,1.16048,1.16168,1.1604,1.16149,4.0,0.0010399999999999299,1
2025-10-21 19:00:00,1.16147,1.16248,1.16074,1.16093,-75.0,-0.0005599999999998939,1
2025-10-21 20:00:00,1.16092,1.16103,1.16014,1.16042,-15.0,-0.0005100000000000104,1
2025-10-21 21:00:00,1.16042,1.16087,1.16034,1.16046,5.0,4.0000000000040004e-05,1
2025-10-21 22:00:00,1.1604700000000001,1.16078,1.15997,1.1601,-33.0,-0.000360000000000138,1
2025-10-21 23:00:00,1.16001,1.16021,1.15979,1.15988,8.0,-0.00021999999999988695,1
2025-10-22 00:00:00,1.15965,1.16037,1.15955,1.16023,7.0,0.0003500000000000725,1
2025-10-22 01:00:00,1.1602999999999999,1.1604,1.15987,1.15993,-37.0,-0.000300000000000189,1
2025-10-22 02:00:00,1.16,1.1602000000000001,1.15987,1.15997,-39.0,4.0000000000040004e-05,1
2025-10-22 03:00:00,1.1599599999999999,1.1608100000000001,1.15994,1.16048,40.0,0.0005100000000000104,1
2025-10-22 04:00:00,1.16048,1.16094,1.16016,1.16045,-15.0,-2.999999999997449e-05,1
2025-10-22 05:00:00,1.16044,1.16107,1.16044,1.1608100000000001,-41.0,0.000360000000000138,1
2025-10-22 06:00:00,1.1608100000000001,1.1609099999999999,1.16046,1.1607,-10.0,-0.0001100000000000545,1
2025-10-22 07:00:00,1.16068,1.16097,1.1605,1.1609099999999999,15.0,0.00020999999999982144,1
2025-10-22 08:00:00,1.16094,1.16159,1.1609,1.16131,12.0,0.000400000000000178,1
2025-10-22 09:00:00,1.16132,1.1615,1.16037,1.16096,-64.0,-0.0003500000000000725,1
2025-10-22 10:00:00,1.16095,1.16131,1.15995,1.16009,-22.0,-0.0008699999999999264,1
2025-10-22 11:00:00,1.16005,1.16009,1.15897,1.15979,20.0,-0.00029999999999996696,1
2025-10-22 12:00:00,1.15978,1.16022,1.15922,1.15948,-24.0,-0.00031000000000003247,1
2025-10-22 13:00:00,1.15947,1.15972,1.15826,1.15861,-3.0,-0.0008700000000001484,1
2025-10-22 14:00:00,1.1586,1.15892,1.1582,1.15828,-10.0,-0.00034000000000000696,1
2025-10-22 15:00:00,1.15827,1.15916,1.15768,1.15833,16.0,6.000000000017103e-05,1
2025-10-22 16:00:00,1.15833,1.15977,1.15823,1.15951,-1.0,0.0011799999999999589,1
2025-10-22 17:00:00,1.1595,1.16117,1.15924,1.16109,60.0,0.0015899999999999803,1
2025-10-22 18:00:00,1.1611,1.16171,1.16083,1.16113,44.0,4.0000000000040004e-05,1
2025-10-22 19:00:00,1.16112,1.16224,1.16101,1.16191,-28.0,0.0007800000000000029,1
2025-10-22 20:00:00,1.16192,1.16202,1.16123,1.1614200000000001,25.0,-0.0004899999999998794,1
2025-10-22 21:00:00,1.1614200000000001,1.16156,1.16072,1.16097,-9.0,-0.00045000000000006146,1
2025-10-22 22:00:00,1.16093,1.16114,1.1604700000000001,1.16055,-31.0,-0.00042000000000008697,1
2025-10-22 23:00:00,1.1604700000000001,1.16107,1.1604700000000001,1.16089,26.0,0.00034000000000000696,1
2025-10-23 00:00:00,1.16079,1.16122,1.16058,1.16114,12.0,0.00024000000000001798,1
2025-10-23 01:00:00,1.1611,1.16138,1.16101,1.16115,5.0,1.999999999990898e-05,1
2025-10-23 02:00:00,1.16123,1.16128,1.16065,1.16071,-35.0,-0.00043999999999999595,1
2025-10-23 03:00:00,1.1607,1.16074,1.15974,1.16045,-17.0,-0.00025999999999992696,1
2025-10-23 04:00:00,1.16044,1.1605699999999999,1.15975,1.15978,-62.0,-0.0006699999999999484,1
2025-10-23 05:00:00,1.15978,1.1599599999999999,1.15949,1.15966,-19.0,-0.00012000000000012001,1
2025-10-23 06:00:00,1.15966,1.15987,1.15917,1.1593,-8.0,-0.00035999999999991594,1
2025-10-23 07:00:00,1.15931,1.15993,1.15902,1.15992,53.0,0.0006200000000000649,1
2025-10-23 08:00:00,1.15989,1.1604,1.1596899999999999,1.16015,1.0,0.00021000000000004349,1
2025-10-23 09:00:00,1.16013,1.16035,1.15905,1.15944,-15.0,-0.0006700000000001705,1
2025-10-23 10:00:00,1.15942,1.16017,1.15907,1.16003,-3.0,0.0005699999999999594,1
2025-10-23 11:00:00,1.16003,1.16064,1.1593,1.15965,-42.0,-0.0003799999999998249,1
2025-10-23 12:00:00,1.15964,1.16005,1.1593,1.15936,-26.0,-0.0002900000000001235,1
2025-10-23 13:00:00,1.15934,1.15951,1.15854,1.15882,-72.0,-0.0005399999999999849,1
2025-10-23 14:00:00,1.15882,1.15932,1.15852,1.15871,-15.0,-0.0001100000000000545,1
2025-10-23 15:00:00,1.15872,1.16062,1.15865,1.1601,86.0,0.0013900000000000023,1
2025-10-23 16:00:00,1.1601,1.16109,1.1598,1.1607,95.0,0.000600000000000156,1
2025-10-23 17:00:00,1.16071,1.16201,1.1605699999999999,1.1613,-18.0,0.0005900000000000905,1
2025-10-23 18:00:00,1.16128,1.1616,1.16061,1.16119,55.0,-0.0001100000000000545,1
2025-10-23 19:00:00,1.16119,1.16162,1.16061,1.16065,-2.0,-0.0005399999999999849,1
2025-10-23 20:00:00,1.16064,1.16076,1.16041,1.16066,52.0,0.00046999999999997044,1
2025-10-23 22:00:00,1.16176,1.16185,1.16151,1.16161,-10.0,-9.999999999998899e-05,1
2025-10-23 23:00:00,1.16154,1.16188,1.16126,1.16175,-7.0,0.000140000000000029,1
2025-10-24 00:00:00,1.1615199999999999,1.16178,1.16126,1.16147,18.0,-0.000280000000000058,1
2025-10-24 01:00:00,1.16146,1.16211,1.16146,1.16172,-15.0,0.0002500000000000835,1
2025-10-24 02:00:00,1.1618,1.16189,1.16147,1.16168,-10.0,-4.0000000000040004e-05,1
2025-10-24 03:00:00,1.16168,1.16217,1.16165,1.16178,16.0,9.999999999998899e-05,1
2025-10-24 04:00:00,1.1617899999999999,1.16189,1.1609,1.16098,-32.0,-0.0008000000000001339,1
2025-10-24 05:00:00,1.16097,1.16124,1.16074,1.16079,-18.0,-0.00019999999999997797,1
2025-10-24 06:00:00,1.16078,1.16119,1.1607,1.1609099999999999,-3.0,0.00012999999999996348,1
2025-10-24 07:00:00,1.1609099999999999,1.16094,1.16054,1.16076,-27.0,-0.00014999999999987246,1
2025-10-24 08:00:00,1.16072,1.16079,1.16014,1.16051,-25.0,-0.0002500000000000835,1
2025-10-24 09:00:00,1.16048,1.16141,1.16008,1.16137,26.0,0.0008600000000000829,1
2025-10-24 10:00:00,1.16134,1.16281,1.16017,1.16185,-117.0,0.00045999999999990493,1
2025-10-24 11:00:00,1.16185,1.16239,1.16062,1.16099,-61.0,-0.0008399999999999519,1
2025-10-24 12:00:00,1.16097,1.16127,1.16051,1.16115,25.0,0.00015999999999993797,1
2025-10-24 13:00:00,1.16116,1.16166,1.1610800000000001,1.16125,23.0,9.999999999998899e-05,1
2025-10-24 14:00:00,1.16126,1.16159,1.16067,1.16147,-4.0,0.000220000000000109,1
2025-10-24 15:00:00,1.16149,1.16489,1.1609,1.16339,-11.0,0.0019199999999999218,1
2025-10-24 16:00:00,1.1634,1.16434,1.16207,1.16272,61.0,-0.0006699999999999484,1
2025-10-24 17:00:00,1.16273,1.1636,1.1618,1.16257,24.0,-0.00015999999999993797,1
2025-10-24 18:00:00,1.16261,1.16358,1.16212,1.16254,33.0,-3.0000000000196536e-05,1
2025-10-24 19:00:00,1.16254,1.16279,1.16211,1.16259,0.0,5.0000000000105516e-05,1
2025-10-24 20:00:00,1.16258,1.16321,1.16241,1.1627399999999999,-20.0,0.00014999999999987246,1
2025-10-24 21:00:00,1.1627399999999999,1.16282,1.16246,1.16257,0.0,-0.00016999999999978144,1
2025-10-24 22:00:00,1.16258,1.1633,1.16257,1.16311,20.0,0.0005399999999999849,1
2025-10-24 23:00:00,1.16304,1.16356,1.16198,1.16253,-10.0,-0.0005800000000000249,1
2025-10-27 00:00:00,1.1629,1.16345,1.16252,1.16277,1.0,-0.00012999999999996348,1
2025-10-27 01:00:00,1.16284,1.16327,1.16257,1.16308,32.0,0.00030999999999981043,1
2025-10-27 02:00:00,1.16307,1.16378,1.16278,1.16345,25.0,0.0003700000000002035,1
2025-10-27 03:00:00,1.16344,1.16478,1.16332,1.16387,-22.0,0.0004199999999998649,1
2025-10-27 04:00:00,1.16388,1.16394,1.16299,1.16313,-26.0,-0.0007399999999999629,1
2025-10-27 05:00:00,1.1631,1.1632500000000001,1.16267,1.1627399999999999,10.0,-0.0003900000000001125,1
2025-10-27 06:00:00,1.16273,1.1628,1.16204,1.16243,14.0,-0.00030999999999981043,1
2025-10-27 07:00:00,1.16245,1.16273,1.16205,1.16259,-8.0,0.00015999999999993797,1
2025-10-27 08:00:00,1.1626,1.16326,1.16244,1.16266,-12.0,7.00000000000145e-05,1
2025-10-27 09:00:00,1.16267,1.16281,1.16196,1.16197,-2.0,-0.0006900000000000794,1
2025-10-27 10:00:00,1.16196,1.16331,1.16175,1.16285,70.0,0.0008799999999999919,1
2025-10-27 11:00:00,1.16284,1.16401,1.16261,1.1638,28.0,0.0009500000000000064,1
2025-10-27 12:00:00,1.16381,1.16448,1.16352,1.16413,40.0,0.0003300000000001635,1
2025-10-27 13:00:00,1.16412,1.16474,1.16358,1.1645699999999999,3.0,0.0004399999999997739,1
2025-10-27 14:00:00,1.1645699999999999,1.1651799999999999,1.16375,1.16417,-23.0,-0.00039999999999995595,1
2025-10-27 15:00:00,1.16415,1.16432,1.16313,1.16356,5.0,-0.0005999999999999339,1
2025-10-27 16:00:00,1.16357,1.16426,1.16322,1.16407,28.0,0.0004999999999999449,1
2025-10-27 17:00:00,1.16407,1.16414,1.16327,1.16354,-76.0,-0.0005299999999999194,1
2025-10-27 18:00:00,1.16354,1.16413,1.16323,1.16387,37.0,0.00032999999999994145,1
2025-10-27 19:00:00,1.16387,1.16418,1.16352,1.16382,18.0,-4.999999999988347e-05,1
2025-10-27 20:00:00,1.16383,1.1652,1.16349,1.16506,54.0,0.0012399999999999078,1
2025-10-27 21:00:00,1.16507,1.16507,1.16438,1.16472,16.0,-0.00034000000000000696,1
2025-10-27 22:00:00,1.16464,1.16487,1.1642299999999999,1.16438,5.0,-0.00034000000000000696,1
2025-10-27 23:00:00,1.16422,1.1646,1.1642000000000001,1.1644700000000001,21.0,9.000000000014552e-05,1
2025-10-28 00:00:00,1.16467,1.16499,1.16449,1.1649,23.0,0.00042999999999993044,1
2025-10-28 01:00:00,1.16497,1.1655,1.16495,1.16507,2.0,0.00017000000000000348,1
2025-10-28 02:00:00,1.16507,1.1659,1.16462,1.16555,27.0,0.00048000000000003595,1
2025-10-28 03:00:00,1.16556,1.16638,1.16551,1.16571,72.0,0.00015999999999993797,1
2025-10-28 04:00:00,1.16571,1.16632,1.16535,1.1654,-3.0,-0.00031000000000003247,1
2025-10-28 05:00:00,1.1654,1.1663000000000001,1.16538,1.16595,30.0,0.0005500000000000504,1
2025-10-28 06:00:00,1.16596,1.16677,1.16591,1.16665,31.0,0.0006999999999999229,1
2025-10-28 07:00:00,1.1666400000000001,1.16684,1.16624,1.16634,7.0,-0.00031000000000003247,1
2025-10-28 08:00:00,1.16633,1.16668,1.16547,1.1656,-77.0,-0.0007399999999999629,1
2025-10-28 09:00:00,1.16559,1.16612,1.16509,1.16554,41.0,-5.999999999994898e-05,1
2025-10-28 10:00:00,1.1655,1.16629,1.16486,1.16521,-4.0,-0.00034000000000000696,1
2025-10-28 11:00:00,1.16519,1.16589,1.16448,1.16571,21.0,0.0005100000000000104,1
2025-10-28 12:00:00,1.16573,1.16651,1.16548,1.16639,24.0,0.0006800000000000139,1
2025-10-28 13:00:00,1.16643,1.16644,1.16547,1.16594,-45.0,-0.00045000000000006146,1
2025-10-28 14:00:00,1.16594,1.16602,1.16346,1.16405,-65.0,-0.0018899999999999473,1
2025-10-28 15:00:00,1.164,1.16407,1.16254,1.16393,-36.0,-0.00012000000000012001,1
2025-10-28 16:00:00,1.16392,1.16638,1.16371,1.16604,-55.0,0.0021100000000000563,1
2025-10-28 17:00:00,1.16604,1.16675,1.16551,1.16586,-11.0,-0.000180000000000069,1
2025-10-28 18:00:00,1.16587,1.16681,1.16526,1.16681,80.0,0.0009500000000000064,1
2025-10-28 19:00:00,1.16682,1.16689,1.16596,1.16627,24.0,-0.0005399999999999849,1
2025-10-28 20:00:00,1.16628,1.16637,1.16557,1.16619,29.0,-7.999999999985796e-05,1
2025-10-28 21:00:00,1.1662,1.16654,1.16514,1.16526,-52.0,-0.0009300000000000974,1
2025-10-28 22:00:00,1.16517,1.1657,1.16499,1.16513,22.0,-0.00012999999999996348,1
2025-10-28 23:00:00,1.16495,1.16522,1.16493,1.1651,15.0,-2.999999999997449e-05,1
2025-10-29 00:00:00,1.16519,1.16535,1.16489,1.16498,-3.0,-0.00012000000000012001,1
2025-10-29 01:00:00,1.16505,1.16574,1.16482,1.16573,16.0,0.0007500000000000284,1
2025-10-29 02:00:00,1.16573,1.16608,1.16528,1.1654200000000001,-11.0,-0.00030999999999981043,1
2025-10-29 03:00:00,1.1654,1.16561,1.16463,1.1647,57.0,-0.0007200000000000539,1
2025-10-29 04:00:00,1.16469,1.1648,1.16412,1.16466,17.0,-4.0000000000040004e-05,1
2025-10-29 05:00:00,1.16467,1.16469,1.16365,1.16367,-72.0,-0.0009900000000000464,1
2025-10-29 06:00:00,1.16366,1.16377,1.16313,1.16343,0.0,-0.00024000000000001798,1
2025-10-29 07:00:00,1.16344,1.16356,1.16269,1.16316,-61.0,-0.00026999999999999247,1
2025-10-29 08:00:00,1.16316,1.16328,1.16248,1.1630099999999999,-6.0,-0.0001500000000000945,1
2025-10-29 09:00:00,1.1630099999999999,1.1638,1.16283,1.16328,-10.0,0.0002700000000002145,1
2025-10-29 10:00:00,1.16328,1.16343,1.1623,1.1623,-91.0,-0.0009799999999999809,1
2025-10-29 11:00:00,1.16234,1.16472,1.16186,1.16411,16.0,0.0018099999999998673,1
2025-10-29 12:00:00,1.1641,1.16489,1.16367,1.16471,26.0,0.0005999999999999339,1
2025-10-29 13:00:00,1.16472,1.16488,1.16328,1.16394,-31.0,-0.0007699999999999374,1
2025-10-29 14:00:00,1.16394,1.16452,1.16276,1.16336,16.0,-0.0005399999999999849,1
2025-10-29 15:00:00,1.16336,1.16461,1.16333,1.16369,2.0,0.00028999999999990145,1
2025-10-29 16:00:00,1.16369,1.16517,1.16317,1.1650800000000001,59.0,0.0013900000000002244,1
2025-10-29 17:00:00,1.16507,1.16648,1.16449,1.16634,95.0,0.0012699999999998823,1
2025-10-29 18:00:00,1.16635,1.16661,1.16554,1.16572,-45.0,-0.0006199999999998429,1
2025-10-29 19:00:00,1.16571,1.16591,1.1645699999999999,1.1647,-47.0,-0.0010200000000000209,1
2025-10-29 20:00:00,1.16472,1.16512,1.15842,1.15947,-66.0,-0.005270000000000108,1
2025-10-29 21:00:00,1.15946,1.16002,1.15774,1.15991,-25.0,0.00048000000000003595,1
2025-10-29 22:00:00,1.15982,1.16067,1.15897,1.16,8.0,8.999999999992347e-05,1
2025-10-29 23:00:00,1.1599,1.16037,1.1599,1.16019,16.0,0.0001900000000001345,1
2025-10-30 00:00:00,1.16016,1.16051,1.1599599999999999,1.16034,-10.0,0.00014999999999987246,1
2025-10-30 01:00:00,1.16042,1.16053,1.16014,1.16032,50.0,-1.999999999990898e-05,1
2025-10-30 02:00:00,1.16031,1.16156,1.15965,1.1612,37.0,0.0008799999999999919,1
2025-10-30 03:00:00,1.16117,1.16153,1.16085,1.16137,13.0,0.00017000000000000348,1
2025-10-30 04:00:00,1.16136,1.16201,1.16119,1.16175,27.0,0.00038000000000004697,1
2025-10-30 05:00:00,1.16176,1.162,1.16065,1.1615199999999999,31.0,-0.0002300000000001745,1
2025-10-30 06:00:00,1.16151,1.16375,1.16132,1.16318,13.0,0.0016600000000002169,1
2025-10-30 07:00:00,1.16316,1.16337,1.16231,1.16243,16.0,-0.0007500000000000284,1
2025-10-30 08:00:00,1.16242,1.16299,1.1617899999999999,1.16198,-51.0,-0.00045000000000006146,1
2025-10-30 09:00:00,1.16197,1.1623,1.16093,1.16184,-8.0,-0.000140000000000029,1
2025-10-30 10:00:00,1.16183,1.16204,1.16071,1.16174,0.0,-9.999999999998899e-05,1
2025-10-30 11:00:00,1.16174,1.16285,1.16141,1.16168,-9.0,-5.999999999994898e-05,1
2025-10-30 12:00:00,1.1617,1.162,1.16058,1.16066,-63.0,-0.0010200000000000209,1
2025-10-30 13:00:00,1.16066,1.16113,1.1596,1.15982,-10.0,-0.0008399999999999519,1
2025-10-30 14:00:00,1.15981,1.1599599999999999,1.1553,1.15553,-9.0,-0.004290000000000127,1
2025-10-30 15:00:00,1.15553,1.15796,1.1547,1.15796,-51.0,0.0024300000000001543,1
2025-10-30 16:00:00,1.15797,1.15863,1.15677,1.15727,-86.0,-0.0006900000000000794,1
2025-10-30 17:00:00,1.1573,1.15772,1.15604,1.15638,8.0,-0.0009200000000000319,1
2025-10-30 18:00:00,1.15637,1.15716,1.15591,1.15695,12.0,0.0005699999999999594,1
2025-10-30 19:00:00,1.15695,1.15699,1.15601,1.15662,19.0,-0.00032999999999994145,1
2025-10-30 20:00:00,1.15663,1.15703,1.15643,1.1568100000000001,23.0,0.0001900000000001345,1
2025-10-30 21:00:00,1.1568100000000001,1.15712,1.15618,1.15644,-33.0,-0.0003700000000002035,1
2025-10-30 22:00:00,1.15637,1.1571500000000001,1.15625,1.15642,9.0,-1.999999999990898e-05,1
2025-10-30 23:00:00,1.15627,1.1569,1.15627,1.15684,8.0,0.00042000000000008697,1
2025-10-31 00:00:00,1.15683,1.1569,1.15648,1.15673,19.0,-0.0001100000000000545,1
2025-10-31 01:00:00,1.1568,1.15734,1.15656,1.15716,73.0,0.00042999999999993044,1
2025-10-31 02:00:00,1.15717,1.15772,1.15701,1.15738,-1.0,0.000220000000000109,1
2025-10-31 03:00:00,1.15737,1.15775,1.15661,1.15672,19.0,-0.000660000000000105,1
2025-10-31 04:00:00,1.15673,1.15747,1.15646,1.1568,-7.0,8.000000000008001e-05,1
2025-10-31 05:00:00,1.1568,1.1571,1.1565699999999999,1.15674,29.0,-5.999999999994898e-05,1
2025-10-31 06:00:00,1.15674,1.15735,1.1566,1.1571799999999999,44.0,0.0004399999999997739,1
2025-10-31 07:00:00,1.1572,1.15723,1.15659,1.1568,-14.0,-0.0003799999999998249,1
2025-10-31 08:00:00,1.1568100000000001,1.15736,1.15605,1.15615,-36.0,-0.0006500000000000394,1
2025-10-31 09:00:00,1.15615,1.15661,1.15546,1.1565,9.0,0.0003500000000000725,1
2025-10-31 10:00:00,1.15649,1.15716,1.15597,1.15709,8.0,0.0005899999999998684,1
2025-10-31 11:00:00,1.1571,1.1577,1.15648,1.15763,99.0,0.0004999999999999449,1
2025-10-31 12:00:00,1.15763,1.15764,1.15672,1.15708,7.0,-0.0005099999999997884,1
2025-10-31 13:00:00,1.15711,1.15745,1.15577,1.15668,-7.0,-0.000400000000000178,1
2025-10-31 14:00:00,1.15666,1.15666,1.15538,1.15556,-63.0,-0.0011200000000000099,1
2025-10-31 15:00:00,1.15557,1.15565,1.15303,1.15387,-4.0,-0.0016899999999999693,1
2025-10-31 16:00:00,1.15387,1.15428,1.15218,1.15343,24.0,-0.00043999999999999595,1
2025-10-31 17:00:00,1.15338,1.15433,1.15235,1.15407,4.0,0.0006899999999998574,1
2025-10-31 18:00:00,1.15405,1.1543700000000001,1.15279,1.15304,-29.0,-0.0010299999999998644,1
2025-10-31 19:00:00,1.15304,1.15314,1.1522000000000001,1.15243,8.0,-0.0006099999999999994,1
2025-10-31 20:00:00,1.1524,1.1527,1.15211,1.15246,-19.0,2.999999999997449e-05,1
2025-10-31 21:00:00,1.15248,1.1531500000000001,1.1522999999999999,1.15258,14.0,0.00011999999999989797,1
2025-10-31 22:00:00,1.15259,1.15388,1.15242,1.15361,5.0,0.0010300000000000864,1
2025-11-03 00:00:00,1.1529099999999999,1.15369,1.15278,1.15332,22.0,0.00041000000000002146,1
2025-11-03 01:00:00,1.15337,1.15388,1.1525400000000001,1.15274,14.0,-0.0005799999999998029,1
2025-11-03 02:00:00,1.15274,1.15311,1.15238,1.1526,25.0,-0.000140000000000029,1
2025-11-03 03:00:00,1.1526,1.15292,1.15211,1.15275,62.0,0.00014999999999987246,1
2025-11-03 04:00:00,1.15274,1.1534200000000001,1.1526,1.1531500000000001,22.0,0.000400000000000178,1
2025-11-03 05:00:00,1.15314,1.15343,1.15304,1.15337,39.0,0.00021999999999988695,1
2025-11-03 06:00:00,1.15337,1.15374,1.15317,1.15339,-49.0,1.999999999990898e-05,1
2025-11-03 07:00:00,1.15339,1.15378,1.15322,1.15354,-70.0,0.0001500000000000945,1
2025-11-03 08:00:00,1.1535199999999999,1.1541299999999999,1.1534200000000001,1.15381,-24.0,0.00026999999999999247,1
2025-11-03 09:00:00,1.15378,1.1541299999999999,1.15335,1.15394,-11.0,0.00012999999999996348,1
2025-11-03 10:00:00,1.15395,1.154,1.15094,1.15136,-60.0,-0.0025800000000000267,1
2025-11-03 11:00:00,1.15136,1.1521,1.15109,1.15147,5.0,0.0001100000000000545,1
2025-11-03 12:00:00,1.15143,1.15201,1.15078,1.15155,24.0,8.000000000008001e-05,1
2025-11-03 13:00:00,1.15157,1.15201,1.15123,1.15156,-1.0,9.999999999843467e-06,1
2025-11-03 14:00:00,1.15157,1.15224,1.15139,1.15175,-12.0,0.0001900000000001345,1
2025-11-03 15:00:00,1.15174,1.1518,1.15056,1.15113,-14.0,-0.0006200000000000649,1
2025-11-03 16:00:00,1.15113,1.15131,1.15049,1.15102,-11.0,-0.0001100000000000545,1
2025-11-03 17:00:00,1.1510799999999999,1.1525400000000001,1.15059,1.15249,-25.0,0.0014100000000001334,1
2025-11-03 18:00:00,1.15248,1.15321,1.15213,1.15306,41.0,0.0005699999999999594,1
2025-11-03 19:00:00,1.15305,1.1538,1.1526399999999999,1.15274,29.0,-0.00031999999999987594,1
2025-11-03 20:00:00,1.15277,1.15313,1.15202,1.15234,8.0,-0.000400000000000178,1
2025-11-03 21:00:00,1.15235,1.15252,1.15165,1.15198,-53.0,-0.00035999999999991594,1
2025-11-03 22:00:00,1.15197,1.15236,1.15175,1.15194,9.0,-4.0000000000040004e-05,1
2025-11-03 23:00:00,1.15186,1.15198,1.1515,1.15187,12.0,-7.00000000000145e-05,1
2025-11-04 00:00:00,1.15158,1.15204,1.15158,1.15198,15.0,0.0001100000000000545,1
2025-11-04 01:00:00,1.15196,1.15211,1.15182,1.15188,-4.0,-9.999999999998899e-05,1
2025-11-04 02:00:00,1.15188,1.15188,1.15057,1.15084,-46.0,-0.0010399999999999299,1
2025-11-04 03:00:00,1.15083,1.15103,1.14975,1.15102,93.0,0.00017999999999984695,1
2025-11-04 04:00:00,1.15102,1.15113,1.1504699999999999,1.15107,24.0,5.0000000000105516e-05,1
2025-11-04 05:00:00,1.15107,1.15179,1.15106,1.15137,43.0,0.00029999999999996696,1
2025-11-04 06:00:00,1.15136,1.15178,1.15089,1.15097,-22.0,-0.00039999999999995595,1
2025-11-04 07:00:00,1.15091,1.1514199999999999,1.1507100000000001,1.15127,-21.0,0.00029999999999996696,1
2025-11-04 08:00:00,1.15128,1.15269,1.15111,1.15234,67.0,0.0010699999999999044,1
2025-11-04 09:00:00,1.15233,1.15339,1.15222,1.15269,-19.0,0.0003500000000000725,1
2025-11-04 10:00:00,1.15268,1.15289,1.15135,1.15139,33.0,-0.0013000000000000789,1
2025-11-04 11:00:00,1.15136,1.15172,1.14999,1.15011,25.0,-0.0012799999999999478,1
2025-11-04 12:00:00,1.15012,1.15101,1.1498599999999999,1.15042,17.0,0.00031000000000003247,1
2025-11-04 13:00:00,1.15038,1.15058,1.1489099999999999,1.14903,0.0,-0.0013900000000000023,1
2025-11-04 14:00:00,1.14904,1.14933,1.14767,1.14895,66.0,-8.000000000008001e-05,1
2025-11-04 15:00:00,1.14896,1.14971,1.1488,1.1492,45.0,0.0002500000000000835,1
2025-11-04 16:00:00,1.14919,1.1495,1.14728,1.14813,-69.0,-0.0010699999999999044,1
2025-11-04 17:00:00,1.14809,1.14926,1.14744,1.14917,-2.0,0.0010799999999999699,1
2025-11-04 18:00:00,1.14918,1.14971,1.14872,1.14897,-13.0,-0.00019999999999997797,1
2025-11-04 19:00:00,1.14896,1.14904,1.14832,1.14842,-22.0,-0.0005500000000000504,1
2025-11-04 20:00:00,1.14836,1.14865,1.14807,1.14843,2.0,1.0000000000065512e-05,1
2025-11-04 21:00:00,1.14841,1.14873,1.14787,1.14787,-23.0,-0.000560000000000116,1
2025-11-04 22:00:00,1.14787,1.14836,1.14749,1.14798,14.0,0.0001100000000000545,1
2025-11-04 23:00:00,1.14789,1.14822,1.14779,1.14821,55.0,0.00022999999999995246,1
2025-11-05 00:00:00,1.1480299999999999,1.14843,1.14778,1.14822,-1.0,1.0000000000065512e-05,1
2025-11-05 01:00:00,1.14824,1.14862,1.14824,1.14852,55.0,0.00029999999999996696,1
2025-11-05 02:00:00,1.14852,1.14853,1.14804,1.14838,-19.0,-0.000140000000000029,1
2025-11-05 03:00:00,1.14838,1.14981,1.14794,1.14893,-6.0,0.0005500000000000504,1
2025-11-05 04:00:00,1.14894,1.14921,1.14849,1.14884,23.0,-8.999999999992347e-05,1
2025-11-05 05:00:00,1.14884,1.14927,1.14856,1.1489099999999999,23.0,6.999999999979245e-05,1
2025-11-05 06:00:00,1.14889,1.14921,1.14875,1.14904,-2.0,0.00013000000000018552,1
2025-11-05 07:00:00,1.14904,1.14944,1.1489099999999999,1.14914,20.0,9.999999999998899e-05,1
2025-11-05 08:00:00,1.1491500000000001,1.14942,1.14868,1.14879,2.0,-0.0003500000000000725,1
2025-11-05 09:00:00,1.14879,1.14912,1.1482999999999999,1.14866,-20.0,-0.00012999999999996348,1
2025-11-05 10:00:00,1.14866,1.14956,1.14857,1.1489,36.0,0.00024000000000001798,1
2025-11-05 11:00:00,1.14887,1.14928,1.14812,1.14847,-26.0,-0.00042999999999993044,1
2025-11-05 12:00:00,1.14847,1.1485400000000001,1.1476,1.14831,-28.0,-0.00019999999999997797,1
2025-11-05 13:00:00,1.14831,1.14894,1.14786,1.14882,30.0,0.0005499999999998284,1
2025-11-05 14:00:00,1.14884,1.14924,1.14868,1.14913,1.0,0.00031000000000003247,1
2025-11-05 15:00:00,1.14912,1.14938,1.14727,1.14738,-85.0,-0.0017499999999999183,1
2025-11-05 16:00:00,1.14738,1.14934,1.14688,1.14876,34.0,0.0013799999999999368,1
2025-11-05 17:00:00,1.14869,1.14875,1.14698,1.14789,-6.0,-0.0007999999999999119,1
2025-11-05 18:00:00,1.1479,1.14859,1.14698,1.14837,119.0,0.0004799999999998139,1
2025-11-05 19:00:00,1.14835,1.14861,1.14761,1.14807,-3.0,-0.00029999999999996696,1
2025-11-05 20:00:00,1.14804,1.1484,1.14787,1.1482,11.0,0.00013000000000018552,1
2025-11-05 21:00:00,1.14821,1.14879,1.14801,1.14862,-10.0,0.0004199999999998649,1
2025-11-05 22:00:00,1.14865,1.1492,1.14858,1.14884,-30.0,0.000220000000000109,1
2025-11-05 23:00:00,1.14875,1.14935,1.14866,1.14924,58.0,0.00039999999999995595,1
2025-11-06 00:00:00,1.14895,1.14927,1.14893,1.14912,-3.0,-0.00012000000000012001,1
2025-11-06 01:00:00,1.14913,1.14972,1.14909,1.14954,41.0,0.00042000000000008697,1
2025-11-06 02:00:00,1.14954,1.15021,1.14929,1.15004,25.0,0.0004999999999999449,1
2025-11-06 03:00:00,1.15006,1.15091,1.15005,1.15072,19.0,0.0006800000000000139,1
2025-11-06 04:00:00,1.1507100000000001,1.15088,1.15029,1.15049,-38.0,-0.00022999999999995246,1
2025-11-06 05:00:00,1.1505,1.1508099999999999,1.15031,1.15066,-6.0,0.00017000000000000348,1
2025-11-06 06:00:00,1.15066,1.15085,1.15036,1.15066,-2.0,0.0,1
2025-11-06 07:00:00,1.15066,1.15112,1.15034,1.15104,11.0,0.00039999999999995595,1
2025-11-06 08:00:00,1.15101,1.1514,1.15054,1.15067,-23.0,-0.00038999999999989043,1
2025-11-06 09:00:00,1.15066,1.15135,1.15065,1.15085,4.0,0.00017999999999984695,1
2025-11-06 10:00:00,1.15086,1.15234,1.15057,1.15209,29.0,0.0012400000000001299,1
2025-11-06 11:00:00,1.15209,1.15241,1.1511,1.15134,15.0,-0.0007500000000000284,1
2025-11-06 12:00:00,1.15133,1.15176,1.151,1.15106,7.0,-0.000280000000000058,1
2025-11-06 13:00:00,1.15105,1.1521,1.15105,1.15201,24.0,0.0009500000000000064,1
2025-11-06 14:00:00,1.15201,1.15328,1.15141,1.15311,42.0,0.001100000000000101,1
2025-11-06 15:00:00,1.15311,1.15443,1.15288,1.15359,-42.0,0.0004799999999998139,1
2025-11-06 16:00:00,1.1536,1.15377,1.1520299999999999,1.15207,-49.0,-0.0015199999999999658,1
2025-11-06 17:00:00,1.152,1.15428,1.15189,1.15398,45.0,0.001980000000000093,1
2025-11-06 18:00:00,1.15398,1.15417,1.15314,1.1538,-49.0,-0.000180000000000069,1
2025-11-06 19:00:00,1.15381,1.15429,1.15297,1.15409,43.0,0.0002900000000001235,1
2025-11-06 20:00:00,1.15411,1.15502,1.1539,1.1547399999999999,46.0,0.0006499999999998174,1
2025-11-06 21:00:00,1.15473,1.15523,1.15418,1.1544,4.0,-0.0003399999999997849,1
2025-11-06 22:00:00,1.15439,1.15492,1.15426,1.15473,25.0,0.00032999999999994145,1
2025-11-06 23:00:00,1.15465,1.15484,1.15436,1.15465,-1.0,-8.000000000008001e-05,1
2025-11-07 00:00:00,1.15357,1.15479,1.15357,1.15443,29.0,-0.00021999999999988695,1
2025-11-07 01:00:00,1.15448,1.15517,1.15443,1.15485,21.0,0.0004199999999998649,1
2025-11-07 02:00:00,1.15488,1.15492,1.15374,1.15391,-40.0,-0.0009399999999999409,1
2025-11-07 03:00:00,1.15397,1.15415,1.1536,1.15377,-20.0,-0.000140000000000029,1
2025-11-07 04:00:00,1.15378,1.15431,1.15378,1.15402,15.0,0.0002500000000000835,1
2025-11-07 05:00:00,1.1540300000000001,1.1541299999999999,1.15347,1.15382,-1.0,-0.00019999999999997797,1
2025-11-07 06:00:00,1.15379,1.15383,1.15321,1.15362,20.0,-0.00019999999999997797,1
2025-11-07 07:00:00,1.15368,1.15387,1.1532499999999999,1.15343,-19.0,-0.0001900000000001345,1
2025-11-07 08:00:00,1.15344,1.15359,1.15293,1.15313,5.0,-0.00029999999999996696,1
2025-11-07 09:00:00,1.15312,1.15363,1.15306,1.1533,48.0,0.00017000000000000348,1
2025-11-07 10:00:00,1.15328,1.1540300000000001,1.15294,1.15346,28.0,0.00015999999999993797,1
2025-11-07 11:00:00,1.15345,1.15424,1.15344,1.15384,-32.0,0.00038000000000004697,1
2025-11-07 12:00:00,1.15383,1.15518,1.15372,1.15499,59.0,0.0011499999999999844,1
2025-11-07 13:00:00,1.1549800000000001,1.15611,1.15493,1.15578,9.0,0.0008300000000001084,1
2025-11-07 14:00:00,1.15578,1.15655,1.15537,1.15561,3.0,-0.00021000000000004349,1
2025-11-07 15:00:00,1.15562,1.15699,1.15555,1.15673,19.0,0.0011200000000000099,1
2025-11-07 16:00:00,1.15674,1.1579,1.15652,1.15728,-17.0,0.0005500000000000504,1
2025-11-07 17:00:00,1.15732,1.15912,1.15713,1.15719,5.0,-0.00012999999999996348,1
2025-11-07 18:00:00,1.1572,1.15823,1.15711,1.1578,21.0,0.0006099999999999994,1
2025-11-07 19:00:00,1.15778,1.15823,1.1571500000000001,1.15801,63.0,0.00021000000000004349,1
2025-11-07 20:00:00,1.15799,1.1583700000000001,1.15673,1.15685,15.0,-0.0011600000000000499,1
2025-11-07 21:00:00,1.15684,1.15723,1.15554,1.15597,-49.0,-0.0008799999999999919,1
2025-11-07 22:00:00,1.15597,1.1567,1.15573,1.1564,-12.0,0.00045000000000006146,1
2025-11-07 23:00:00,1.15633,1.15663,1.15586,1.15637,24.0,-5.0000000000105516e-05,1
2025-11-10 00:00:00,1.15545,1.15599,1.15541,1.15567,-19.0,0.00021999999999988695,1
2025-11-10 01:00:00,1.15573,1.1559599999999999,1.15415,1.15436,-60.0,-0.0013099999999999223,1
2025-11-10 02:00:00,1.15436,1.15594,1.1543,1.15546,-1.0,0.0010999999999998789,1
2025-11-10 03:00:00,1.1555,1.15606,1.15467,1.15583,91.0,0.00036999999999998145,1
2025-11-10 04:00:00,1.15582,1.15603,1.15548,1.15583,-7.0,0.0,1
2025-11-10 05:00:00,1.15582,1.15589,1.15511,1.15548,-7.0,-0.00034999999999985043,1
2025-11-10 06:00:00,1.15549,1.15627,1.15549,1.15612,62.0,0.0006399999999999739,1
2025-11-10 07:00:00,1.15613,1.15667,1.15576,1.15616,17.0,4.0000000000040004e-05,1
2025-11-10 08:00:00,1.15615,1.1565,1.15511,1.15543,-26.0,-0.0007300000000001194,1
2025-11-10 09:00:00,1.15542,1.1571799999999999,1.15534,1.15679,58.0,0.0013600000000000279,1
2025-11-10 10:00:00,1.15679,1.15831,1.1565,1.15725,19.0,0.00045999999999990493,1
2025-11-10 11:00:00,1.15726,1.1574,1.15639,1.1568,-3.0,-0.0004499999999998394,1
2025-11-10 12:00:00,1.15679,1.15717,1.15609,1.15629,-13.0,-0.0005100000000000104,1
2025-11-10 13:00:00,1.15628,1.15644,1.1554,1.15631,14.0,1.999999999990898e-05,1
2025-11-10 14:00:00,1.1562999999999999,1.15758,1.15625,1.15678,-12.0,0.00046999999999997044,1
2025-11-10 15:00:00,1.15683,1.15782,1.15668,1.15677,-15.0,-9.999999999843467e-06,1
2025-11-10 16:00:00,1.15678,1.15687,1.15591,1.15648,36.0,-0.0002900000000001235,1
2025-11-10 17:00:00,1.15643,1.15672,1.15449,1.15456,-63.0,-0.0018700000000000383,1
2025-11-10 18:00:00,1.15457,1.15549,1.15428,1.15452,69.0,-4.0000000000040004e-05,1
2025-11-10 19:00:00,1.15453,1.15612,1.15408,1.15609,52.0,0.0015700000000000713,1
2025-11-10 20:00:00,1.15608,1.1565,1.15577,1.15587,-15.0,-0.000220000000000109,1
2025-11-10 21:00:00,1.15586,1.15632,1.15576,1.15609,34.0,0.000220000000000109,1
2025-11-10 22:00:00,1.15605,1.15649,1.15601,1.15636,21.0,0.00026999999999999247,1
2025-11-10 23:00:00,1.15628,1.15629,1.15542,1.15564,-36.0,-0.0007200000000000539,1
2025-11-11 00:00:00,1.15531,1.1559,1.15464,1.15578,-14.0,0.000140000000000029,1
2025-11-11 01:00:00,1.15574,1.15605,1.15562,1.15564,-27.0,-0.0001500000000000945,1
2025-11-11 02:00:00,1.15568,1.15598,1.15516,1.15525,-35.0,-0.0003799999999998249,1
2025-11-11 03:00:00,1.15525,1.1555,1.15467,1.15544,35.0,0.00018999999999991246,1
2025-11-11 04:00:00,1.15544,1.15572,1.15515,1.15533,5.0,-0.0001100000000000545,1
2025-11-11 05:00:00,1.1553200000000001,1.15583,1.15529,1.15563,58.0,0.00029999999999996696,1
2025-11-11 06:00:00,1.15563,1.15594,1.15551,1.15582,2.0,0.0001900000000001345,1
2025-11-11 07:00:00,1.15583,1.1565400000000001,1.15576,1.15612,-7.0,0.00029999999999996696,1
2025-11-11 08:00:00,1.15613,1.15631,1.15502,1.15523,-53.0,-0.0008900000000000574,1
2025-11-11 09:00:00,1.15526,1.15608,1.15493,1.15602,7.0,0.0007900000000000684,1
2025-11-11 10:00:00,1.15603,1.15684,1.15544,1.15544,-59.0,-0.0005800000000000249,1
2025-11-11 11:00:00,1.15542,1.15686,1.1553499999999999,1.15647,36.0,0.0010300000000000864,1
2025-11-11 12:00:00,1.15645,1.15749,1.15623,1.15732,35.0,0.0007999999999999119,1
2025-11-11 13:00:00,1.15734,1.15779,1.15698,1.15717,7.0,-9.999999999998899e-05,1
2025-11-11 14:00:00,1.15717,1.15773,1.15683,1.15707,7.0,-0.0001100000000000545,1
2025-11-11 15:00:00,1.15711,1.16061,1.15709,1.16006,-12.0,0.0030000000000001137,1
2025-11-11 16:00:00,1.16007,1.16052,1.15933,1.16009,32.0,2.999999999997449e-05,1
2025-11-11 17:00:00,1.16008,1.16034,1.15912,1.15947,-2.0,-0.0006099999999999994,1
2025-11-11 18:00:00,1.15947,1.15998,1.15905,1.1593499999999999,-29.0,-0.00012000000000012001,1
2025-11-11 19:00:00,1.1593499999999999,1.15994,1.15905,1.15947,35.0,0.00012000000000012001,1
2025-11-11 20:00:00,1.15945,1.1595900000000001,1.1591,1.15928,-29.0,-0.00018999999999991246,1
2025-11-11 21:00:00,1.15927,1.15931,1.15834,1.1584699999999999,-3.0,-0.0008100000000001994,1
2025-11-11 22:00:00,1.1584,1.15892,1.15829,1.1583,11.0,-0.00016999999999978144,1
2025-11-11 23:00:00,1.15822,1.1585,1.158,1.15818,21.0,-0.00012000000000012001,1
2025-11-12 00:00:00,1.15809,1.15854,1.15809,1.15851,-10.0,0.00032999999999994145,1
2025-11-12 01:00:00,1.1586,1.1587399999999999,1.15818,1.15867,22.0,0.00016000000000016001,1
2025-11-12 02:00:00,1.15867,1.1587,1.15788,1.15796,-32.0,-0.0007099999999999884,1
2025-11-12 03:00:00,1.15797,1.15821,1.1574200000000001,1.15756,30.0,-0.000400000000000178,1
2025-11-12 04:00:00,1.15756,1.15799,1.15751,1.15791,2.0,0.0003500000000000725,1
2025-11-12 05:00:00,1.15792,1.15816,1.15754,1.15775,-2.0,-0.00015999999999993797,1
2025-11-12 06:00:00,1.15772,1.15787,1.15698,1.15723,-36.0,-0.000520000000000076,1
2025-11-12 07:00:00,1.15722,1.15787,1.15708,1.1576,9.0,0.00036999999999998145,1
2025-11-12 08:00:00,1.15757,1.15826,1.15749,1.15824,27.0,0.0006399999999999739,1
2025-11-12 09:00:00,1.15824,1.15886,1.1581,1.15838,-7.0,0.000140000000000029,1
2025-11-12 10:00:00,1.15842,1.15878,1.15768,1.15775,1.0,-0.0006299999999999084,1
2025-11-12 11:00:00,1.1577600000000001,1.15807,1.15678,1.15702,-34.0,-0.0007300000000001194,1
2025-11-12 12:00:00,1.15698,1.15756,1.15649,1.157,33.0,-1.999999999990898e-05,1
2025-11-12 13:00:00,1.157,1.15779,1.1565400000000001,1.15778,42.0,0.0007800000000000029,1
2025-11-12 14:00:00,1.15777,1.15805,1.15717,1.15766,-27.0,-0.000180000000000069,1
2025-11-12 15:00:00,1.15766,1.15797,1.1566,1.15724,-17.0,-0.00035999999999991594,1
2025-11-12 16:00:00,1.15722,1.15759,1.15627,1.15757,-31.0,0.00032999999999994145,1
2025-11-12 17:00:00,1.15756,1.15956,1.15727,1.15943,40.0,0.0018700000000000383,1
2025-11-12 18:00:00,1.15942,1.15981,1.15882,1.1591,-19.0,-0.00032999999999994145,1
2025-11-12 19:00:00,1.1590799999999999,1.15973,1.1590799999999999,1.15933,31.0,0.00022999999999995246,1
2025-11-12 20:00:00,1.15933,1.15945,1.15886,1.15897,7.0,-0.00035999999999991594,1
2025-11-12 21:00:00,1.15896,1.15905,1.15844,1.15863,-22.0,-0.00034000000000000696,1
2025-11-12 22:00:00,1.15861,1.1590799999999999,1.15851,1.15896,46.0,0.00032999999999994145,1
2025-11-12 23:00:00,1.15888,1.15926,1.15838,1.1592500000000001,0.0,0.0002900000000001235,1
2025-11-13 00:00:00,1.15907,1.15921,1.15888,1.15891,2.0,-0.0003500000000000725,1
2025-11-13 01:00:00,1.159,1.15944,1.15892,1.15919,5.0,0.00028999999999990145,1
2025-11-13 02:00:00,1.15919,1.15922,1.158,1.15802,-18.0,-0.0011699999999998933,1
2025-11-13 03:00:00,1.158,1.15897,1.15789,1.1589,75.0,0.0008799999999999919,1
2025-11-13 04:00:00,1.15891,1.15931,1.1585,1.15895,-33.0,4.999999999988347e-05,1
2025-11-13 05:00:00,1.15897,1.15918,1.1586400000000001,1.15894,-1.0,-9.999999999843467e-06,1
2025-11-13 06:00:00,1.15897,1.15919,1.1587,1.15904,0.0,9.999999999998899e-05,1
2025-11-13 07:00:00,1.15903,1.1591,1.15801,1.15821,-22.0,-0.0008300000000001084,1
2025-11-13 08:00:00,1.1582,1.15861,1.1581,1.15861,43.0,0.00039999999999995595,1
2025-11-13 09:00:00,1.15859,1.16125,1.15829,1.16112,114.0,0.0025100000000000122,1
2025-11-13 10:00:00,1.16116,1.16296,1.16099,1.16284,71.0,0.0017200000000001658,1
2025-11-13 11:00:00,1.16284,1.1635,1.16105,1.16168,-51.0,-0.0011600000000000499,1
2025-11-13 12:00:00,1.16167,1.16237,1.16112,1.1616,-18.0,-8.000000000008001e-05,1
2025-11-13 13:00:00,1.1616,1.16206,1.16048,1.16065,-7.0,-0.0009500000000000064,1
2025-11-13 14:00:00,1.16065,1.16233,1.16059,1.16225,95.0,0.0016000000000000458,1
2025-11-13 15:00:00,1.16226,1.16252,1.16113,1.16202,-22.0,-0.00022999999999995246,1
2025-11-13 16:00:00,1.1620300000000001,1.16313,1.16168,1.16283,-50.0,0.0008099999999999774,1
2025-11-13 17:00:00,1.16281,1.16432,1.1623,1.1639,81.0,0.0010900000000000354,1
2025-11-13 18:00:00,1.16389,1.16491,1.16364,1.16486,77.0,0.0009600000000000719,1
2025-11-13 19:00:00,1.16486,1.16564,1.16455,1.1650800000000001,98.0,0.00022999999999995246,1
2025-11-13 20:00:00,1.16509,1.1652,1.16367,1.16385,-5.0,-0.0012499999999999734,1
2025-11-13 21:00:00,1.16384,1.16415,1.16352,1.16353,-21.0,-0.00031000000000003247,1
2025-11-13 22:00:00,1.16352,1.1639599999999999,1.1632500000000001,1.16332,-26.0,-0.00021000000000004349,1
2025-11-13 23:00:00,1.1632500000000001,1.16373,1.16296,1.16338,-15.0,6.000000000017103e-05,1
2025-11-14 00:00:00,1.16296,1.16373,1.16296,1.16352,-79.0,0.000140000000000029,1
2025-11-14 01:00:00,1.16354,1.16378,1.16235,1.16299,13.0,-0.0005300000000001415,1
2025-11-14 02:00:00,1.16297,1.16339,1.16266,1.16331,77.0,0.000320000000000098,1
2025-11-14 03:00:00,1.16332,1.16392,1.1629800000000001,1.16336,12.0,4.999999999988347e-05,1
2025-11-14 04:00:00,1.1633499999999999,1.16376,1.16294,1.1635900000000001,43.0,0.0002300000000001745,1
2025-11-14 05:00:00,1.1636,1.16451,1.16351,1.1638,22.0,0.00020999999999982144,1
2025-11-14 06:00:00,1.16379,1.16431,1.16376,1.1642299999999999,-7.0,0.00042999999999993044,1
2025-11-14 07:00:00,1.16421,1.16482,1.1639,1.16474,28.0,0.0005100000000002325,1
2025-11-14 08:00:00,1.16475,1.16489,1.1633,1.16371,-4.0,-0.0010300000000000864,1
2025-11-14 09:00:00,1.16374,1.16459,1.16316,1.16327,9.0,-0.00043999999999999595,1
2025-11-14 10:00:00,1.16327,1.16372,1.16204,1.16297,139.0,-0.00029999999999996696,1
2025-11-14 11:00:00,1.16296,1.16316,1.16201,1.16221,24.0,-0.0007600000000000939,1
2025-11-14 12:00:00,1.16217,1.16221,1.16124,1.16135,10.0,-0.0008599999999998609,1
2025-11-14 13:00:00,1.16133,1.16201,1.16086,1.16197,58.0,0.0006199999999998429,1
2025-11-14 14:00:00,1.16197,1.16528,1.16171,1.16528,100.0,0.003310000000000146,1
2025-11-14 15:00:00,1.1653,1.16539,1.16342,1.16379,-88.0,-0.0014899999999999913,1
2025-11-14 16:00:00,1.1638,1.1638600000000001,1.16208,1.16231,-63.0,-0.0014800000000001479,1
2025-11-14 17:00:00,1.1623,1.16258,1.16062,1.16129,-41.0,-0.0010200000000000209,1
2025-11-14 18:00:00,1.16127,1.16228,1.16097,1.16167,51.0,0.00038999999999989043,1
2025-11-14 19:00:00,1.16165,1.16181,1.16075,1.16143,4.0,-0.00024000000000001798,1
2025-11-14 20:00:00,1.16144,1.16182,1.16094,1.16166,-27.0,0.00022999999999995246,1
2025-11-14 21:00:00,1.16168,1.16198,1.16155,1.16182,11.0,0.00016000000000016001,1
2025-11-14 22:00:00,1.16183,1.16232,1.16168,1.162,12.0,0.00017999999999984695,1
2025-11-14 23:00:00,1.16193,1.1623,1.16164,1.16201,26.0,1.0000000000065512e-05,1
2025-11-17 00:00:00,1.16109,1.16234,1.16109,1.16226,-8.0,0.0011700000000001154,1
2025-11-17 01:00:00,1.16228,1.16248,1.16111,1.16149,-40.0,-0.0007700000000001594,1
2025-11-17 02:00:00,1.16149,1.1615,1.1604700000000001,1.16066,-25.0,-0.0008899999999998354,1
2025-11-17 03:00:00,1.16067,1.16102,1.1605,1.16061,52.0,9.999999999843467e-06,1
2025-11-17 04:00:00,1.16061,1.16068,1.16012,1.16024,-32.0,-0.00036999999999998145,1
2025-11-17 05:00:00,1.16018,1.16023,1.1596,1.15989,-30.0,-0.00034999999999985043,1
2025-11-17 06:00:00,1.15988,1.16036,1.15974,1.1602999999999999,42.0,0.0004099999999997994,1
2025-11-17 07:00:00,1.1602999999999999,1.16053,1.15988,1.16006,1.0,-0.00023999999999979593,1
2025-11-17 08:00:00,1.16007,1.16089,1.15949,1.16077,17.0,0.0007099999999999884,1
2025-11-17 09:00:00,1.16071,1.1615199999999999,1.16063,1.1613,6.0,0.0005299999999999194,1
2025-11-17 10:00:00,1.1613,1.1615199999999999,1.15994,1.16034,-21.0,-0.0009600000000000719,1
2025-11-17 11:00:00,1.16034,1.16045,1.1596899999999999,1.16016,-37.0,-0.00017999999999984695,1
2025-11-17 12:00:00,1.16015,1.16083,1.1595900000000001,1.15963,-27.0,-0.0004700000000001925,1
2025-11-17 13:00:00,1.15964,1.16032,1.15948,1.16014,44.0,0.00045000000000006146,1
2025-11-17 14:00:00,1.16009,1.16049,1.15955,1.15991,-25.0,-0.00022999999999995246,1
2025-11-17 15:00:00,1.15992,1.15998,1.15886,1.15915,24.0,-0.0007600000000000939,1
2025-11-17 16:00:00,1.15916,1.15952,1.1583,1.1586,38.0,-0.0005499999999998284,1
2025-11-17 17:00:00,1.1586,1.15983,1.15822,1.15974,61.0,0.0011399999999999189,1
2025-11-17 18:00:00,1.15972,1.16021,1.1593499999999999,1.15971,-54.0,-2.999999999997449e-05,1
2025-11-17 19:00:00,1.1597,1.15995,1.1591,1.1593499999999999,-29.0,-0.000360000000000138,1
2025-11-17 20:00:00,1.15941,1.15949,1.15878,1.15907,-2.0,-0.00027999999999983594,1
2025-11-17 21:00:00,1.15905,1.15953,1.15834,1.15836,8.0,-0.0007099999999999884,1
2025-11-17 22:00:00,1.1583700000000001,1.15911,1.15822,1.15885,12.0,0.0004899999999998794,1
2025-11-17 23:00:00,1.15877,1.1592,1.1586,1.15916,14.0,0.00031000000000003247,1
2025-11-18 00:00:00,1.1589,1.15921,1.15871,1.1589,-16.0,-0.00025999999999992696,1
2025-11-18 01:00:00,1.15892,1.15942,1.15886,1.15901,-15.0,0.0001100000000000545,1
2025-11-18 02:00:00,1.159,1.159,1.15848,1.1587399999999999,-19.0,-0.0002700000000002145,1
2025-11-18 03:00:00,1.15872,1.15934,1.15843,1.15905,0.0,0.00031000000000003247,1
2025-11-18 04:00:00,1.15904,1.15941,1.15878,1.15933,6.0,0.000280000000000058,1
2025-11-18 05:00:00,1.15934,1.15961,1.1590799999999999,1.15923,-25.0,-9.999999999998899e-05,1
2025-11-18 06:00:00,1.15921,1.16033,1.15885,1.15998,-5.0,0.0007500000000000284,1
2025-11-18 07:00:00,1.15992,1.16007,1.15949,1.15982,-14.0,-0.00015999999999993797,1
2025-11-18 08:00:00,1.15981,1.16007,1.15928,1.15939,-23.0,-0.0004300000000001525,1
2025-11-18 09:00:00,1.1594,1.15998,1.1590799999999999,1.15912,-48.0,-0.00026999999999999247,1
2025-11-18 10:00:00,1.15912,1.16064,1.15896,1.15917,70.0,5.0000000000105516e-05,1
2025-11-18 11:00:00,1.15916,1.15956,1.15871,1.15892,-9.0,-0.0002500000000000835,1
2025-11-18 12:00:00,1.15893,1.15911,1.15797,1.15816,3.0,-0.0007599999999998719,1
2025-11-18 13:00:00,1.15818,1.15888,1.15799,1.15845,-16.0,0.00028999999999990145,1
2025-11-18 14:00:00,1.15845,1.15927,1.15829,1.15917,-16.0,0.0007200000000000539,1
2025-11-18 15:00:00,1.15923,1.16022,1.15883,1.1597,46.0,0.0005299999999999194,1
2025-11-18 16:00:00,1.15971,1.16025,1.15928,1.16005,0.0,0.0003500000000000725,1
2025-11-18 17:00:00,1.16004,1.1608,1.15815,1.15823,-106.0,-0.0018099999999998673,1
2025-11-18 18:00:00,1.15823,1.15842,1.15723,1.15787,112.0,-0.000360000000000138,1
2025-11-18 19:00:00,1.15787,1.15808,1.15712,1.15751,-38.0,-0.00035999999999991594,1
2025-11-18 20:00:00,1.15753,1.15856,1.15747,1.15817,17.0,0.0006599999999998829,1
2025-11-18 21:00:00,1.15816,1.15873,1.15801,1.15853,37.0,0.000360000000000138,1
2025-11-18 22:00:00,1.15851,1.15872,1.15785,1.15802,-28.0,-0.0005100000000000104,1
2025-11-18 23:00:00,1.15795,1.1583,1.1577,1.15797,-22.0,-4.0000000000040004e-05,1
2025-11-19 00:00:00,1.15737,1.15827,1.15732,1.15775,-18.0,-0.00022999999999995246,1
2025-11-19 01:00:00,1.1577600000000001,1.15819,1.1577600000000001,1.15804,-21.0,0.00028999999999990145,1
2025-11-19 02:00:00,1.15804,1.15843,1.15783,1.15819,19.0,0.0001500000000000945,1
2025-11-19 03:00:00,1.15817,1.15851,1.15757,1.15763,-68.0,-0.000560000000000116,1
2025-11-19 04:00:00,1.15765,1.15819,1.15728,1.15791,-23.0,0.000280000000000058,1
2025-11-19 05:00:00,1.15791,1.15842,1.15767,1.15835,59.0,0.00043999999999999595,1
2025-11-19 06:00:00,1.15834,1.15841,1.15777,1.15839,-2.0,4.0000000000040004e-05,1
2025-11-19 07:00:00,1.15838,1.1591,1.15829,1.15893,16.0,0.0005399999999999849,1
2025-11-19 08:00:00,1.15893,1.15917,1.1586400000000001,1.15871,-17.0,-0.000220000000000109,1
2025-11-19 09:00:00,1.1587,1.15975,1.15772,1.15812,-49.0,-0.0005899999999998684,1
2025-11-19 10:00:00,1.15816,1.15888,1.1571,1.15735,-36.0,-0.0007699999999999374,1
2025-11-19 11:00:00,1.15731,1.15801,1.15656,1.15735,11.0,9.999999999843467e-06,1
2025-11-19 12:00:00,1.15735,1.1577600000000001,1.15675,1.15695,-5.0,-0.00041000000000002146,1
2025-11-19 13:00:00,1.15694,1.15878,1.15683,1.15866,-40.0,0.0017100000000001003,1
2025-11-19 14:00:00,1.15869,1.15894,1.15757,1.1578,-45.0,-0.0008600000000000829,1
2025-11-19 15:00:00,1.15781,1.15911,1.15706,1.15726,13.0,-0.0005399999999999849,1
2025-11-19 16:00:00,1.15725,1.15741,1.15546,1.15557,-38.0,-0.0016899999999999693,1
2025-11-19 17:00:00,1.15556,1.15564,1.15402,1.15467,39.0,-0.0008899999999998354,1
2025-11-19 18:00:00,1.15465,1.15478,1.15346,1.15399,8.0,-0.0006800000000000139,1
2025-11-19 19:00:00,1.15401,1.15424,1.15256,1.15334,-8.0,-0.0006500000000000394,1
2025-11-19 20:00:00,1.15328,1.15374,1.15288,1.15295,-33.0,-0.0003900000000001125,1
2025-11-19 21:00:00,1.15295,1.1531500000000001,1.15181,1.15213,-35.0,-0.0008199999999998209,1
2025-11-19 22:00:00,1.15214,1.15288,1.15202,1.15259,36.0,0.00045999999999990493,1
2025-11-19 23:00:00,1.15251,1.15381,1.15221,1.15378,37.0,0.0011900000000000244,1
2025-11-20 00:00:00,1.15365,1.15384,1.15363,1.15373,4.0,-5.0000000000105516e-05,1
2025-11-20 01:00:00,1.15382,1.1542,1.15363,1.1539,34.0,0.00017000000000000348,1
2025-11-20 02:00:00,1.15389,1.15395,1.15286,1.15347,-15.0,-0.00042999999999993044,1
2025-11-20 03:00:00,1.15345,1.15356,1.15222,1.15231,-59.0,-0.0011600000000000499,1
2025-11-20 04:00:00,1.1522999999999999,1.15237,1.15149,1.15204,20.0,-0.00026999999999999247,1
2025-11-20 05:00:00,1.1520299999999999,1.15228,1.15097,1.15138,-19.0,-0.0006599999999998829,1
2025-11-20 06:00:00,1.15137,1.15208,1.15128,1.15195,29.0,0.0005699999999999594,1
2025-11-20 07:00:00,1.15192,1.15199,1.15138,1.1515900000000001,-57.0,-0.00035999999999991594,1
2025-11-20 08:00:00,1.15158,1.15236,1.15134,1.15201,11.0,0.0004199999999998649,1
2025-11-20 09:00:00,1.152,1.15231,1.15149,1.15194,-53.0,-7.00000000000145e-05,1
2025-11-20 10:00:00,1.15189,1.15233,1.15112,1.15212,-36.0,0.000180000000000069,1
2025-11-20 11:00:00,1.15209,1.15279,1.15171,1.15273,-24.0,0.0006099999999999994,1
2025-11-20 12:00:00,1.15277,1.15295,1.15241,1.15271,6.0,-2.0000000000131024e-05,1
2025-11-20 13:00:00,1.15271,1.15273,1.15133,1.15145,-35.0,-0.0012599999999998168,1
2025-11-20 14:00:00,1.15145,1.1517,1.1507,1.15112,-15.0,-0.0003300000000001635,1
2025-11-20 15:00:00,1.15111,1.15395,1.15013,1.1528,-6.0,0.0016800000000001258,1
2025-11-20 16:00:00,1.15274,1.15501,1.15229,1.1535,-70.0,0.0006999999999999229,1
2025-11-20 17:00:00,1.15346,1.15372,1.1520299999999999,1.15274,-15.0,-0.0007199999999998319,1
2025-11-20 18:00:00,1.15276,1.15412,1.15272,1.15339,44.0,0.0006499999999998174,1
2025-11-20 19:00:00,1.15339,1.15382,1.15248,1.15289,14.0,-0.0004999999999999449,1
2025-11-20 20:00:00,1.15288,1.1537,1.15265,1.15361,59.0,0.0007200000000000539,1
2025-11-20 21:00:00,1.15362,1.15408,1.15351,1.15377,-7.0,0.00015999999999993797,1
2025-11-20 22:00:00,1.15378,1.15384,1.15256,1.15263,-45.0,-0.0011399999999999189,1
2025-11-20 23:00:00,1.15256,1.15282,1.15229,1.15279,20.0,0.00015999999999993797,1
2025-11-21 00:00:00,1.15243,1.15304,1.15154,1.15278,-12.0,-1.0000000000065512e-05,1
2025-11-21 01:00:00,1.15279,1.15345,1.15234,1.15339,32.0,0.0006099999999999994,1
2025-11-21 02:00:00,1.15339,1.15362,1.15283,1.15349,26.0,9.999999999998899e-05,1
2025-11-21 03:00:00,1.15348,1.15385,1.1532,1.15324,15.0,-0.00024999999999986144,1
2025-11-21 04:00:00,1.1532499999999999,1.15391,1.15319,1.15356,-19.0,0.00031999999999987594,1
2025-11-21 05:00:00,1.15357,1.15378,1.15332,1.1536,9.0,4.0000000000040004e-05,1
2025-11-21 06:00:00,1.15361,1.15419,1.15357,1.15385,35.0,0.0002500000000000835,1
2025-11-21 07:00:00,1.15384,1.15421,1.15343,1.15354,-36.0,-0.00031000000000003247,1
2025-11-21 08:00:00,1.15355,1.15466,1.15347,1.1541299999999999,70.0,0.0005899999999998684,1
2025-11-21 09:00:00,1.15412,1.15481,1.15385,1.15414,-6.0,1.0000000000065512e-05,1
2025-11-21 10:00:00,1.15417,1.15526,1.15343,1.15412,22.0,-1.999999999990898e-05,1
2025-11-21 11:00:00,1.1541299999999999,1.15431,1.15249,1.15249,-21.0,-0.0016300000000000203,1
2025-11-21 12:00:00,1.15248,1.15273,1.15122,1.15198,48.0,-0.00048000000000003595,1
2025-11-21 13:00:00,1.152,1.15229,1.15042,1.15061,-51.0,-0.0014000000000000679,1
2025-11-21 14:00:00,1.15061,1.1526,1.14968,1.15244,2.0,0.0018800000000001038,1
2025-11-21 15:00:00,1.15243,1.1527,1.15154,1.1521,-130.0,-0.00039999999999995595,1
2025-11-21 16:00:00,1.15209,1.15231,1.15052,1.1514199999999999,-38.0,-0.0006700000000001705,1
2025-11-21 17:00:00,1.15141,1.15235,1.14988,1.15032,-68.0,-0.001100000000000101,1
2025-11-21 18:00:00,1.1503,1.15055,1.14909,1.1504699999999999,23.0,0.00015999999999993797,1
2025-11-21 19:00:00,1.15046,1.15131,1.15003,1.15067,-16.0,0.00020000000000020002,1
2025-11-21 20:00:00,1.15069,1.15085,1.15016,1.15045,-39.0,-0.000220000000000109,1
2025-11-21 21:00:00,1.15046,1.15176,1.15038,1.15129,51.0,0.0008399999999999519,1
2025-11-21 22:00:00,1.15128,1.15181,1.15088,1.15171,38.0,0.00042000000000008697,1
2025-11-21 23:00:00,1.15164,1.152,1.15119,1.15136,-32.0,-0.0003500000000000725,1
2025-11-24 00:00:00,1.15097,1.15135,1.15084,1.15117,-15.0,0.00019999999999997797,1
2025-11-24 01:00:00,1.15122,1.15152,1.15058,1.15069,5.0,-0.00048000000000003595,1
2025-11-24 02:00:00,1.15069,1.15083,1.15021,1.15065,19.0,-4.0000000000040004e-05,1
2025-11-24 03:00:00,1.15065,1.15133,1.15046,1.15104,-38.0,0.0003900000000001125,1
2025-11-24 04:00:00,1.15105,1.15186,1.151,1.1515900000000001,41.0,0.0005500000000000504,1
2025-11-24 05:00:00,1.1516,1.15192,1.1513200000000001,1.15162,-14.0,2.999999999997449e-05,1
2025-11-24 06:00:00,1.1515900000000001,1.15219,1.15154,1.15207,19.0,0.0004499999999998394,1
2025-11-24 07:00:00,1.1521,1.1528100000000001,1.15208,1.15221,-17.0,0.000140000000000029,1
2025-11-24 08:00:00,1.15221,1.15272,1.15198,1.1521,7.0,-0.00011999999999989797,1
2025-11-24 09:00:00,1.15204,1.15226,1.15111,1.15121,-54.0,-0.0008799999999999919,1
2025-11-24 10:00:00,1.15123,1.15346,1.15095,1.15276,32.0,0.0015499999999999403,1
2025-11-24 11:00:00,1.15279,1.15346,1.15244,1.153,16.0,0.00024000000000001798,1
2025-11-24 12:00:00,1.15301,1.15421,1.15297,1.15408,41.0,0.0010799999999999699,1
2025-11-24 13:00:00,1.15409,1.15468,1.1536,1.15451,14.0,0.00042999999999993044,1
2025-11-24 14:00:00,1.15452,1.15507,1.15365,1.15477,-62.0,0.0002500000000000835,1
2025-11-24 15:00:00,1.15478,1.15499,1.15372,1.15388,-19.0,-0.0008799999999999919,1
2025-11-24 16:00:00,1.15387,1.15414,1.15261,1.15272,-30.0,-0.0011600000000000499,1
2025-11-24 17:00:00,1.15266,1.15299,1.15171,1.15293,19.0,0.00026999999999999247,1
2025-11-24 18:00:00,1.15287,1.15309,1.15173,1.15179,-54.0,-0.0011399999999999189,1
2025-11-24 19:00:00,1.15181,1.15199,1.15113,1.15176,-16.0,-3.0000000000196536e-05,1
2025-11-24 20:00:00,1.15176,1.15282,1.1516899999999999,1.15274,50.0,0.000980000000000203,1
2025-11-24 21:00:00,1.15275,1.15293,1.15227,1.15273,19.0,-1.0000000000065512e-05,1
2025-11-24 22:00:00,1.15274,1.15286,1.15215,1.15227,-31.0,-0.000460000000000127,1
2025-11-24 23:00:00,1.15219,1.15228,1.15182,1.15206,-21.0,-0.00020999999999982144,1
2025-11-25 00:00:00,1.1518,1.1525400000000001,1.15153,1.15239,-10.0,0.00032999999999994145,1
2025-11-25 01:00:00,1.1525,1.1525400000000001,1.15188,1.15201,-5.0,-0.00038000000000004697,1
2025-11-25 02:00:00,1.15202,1.15237,1.15186,1.15235,27.0,0.00034000000000000696,1
2025-11-25 03:00:00,1.15234,1.15302,1.15217,1.15253,61.0,0.000180000000000069,1
2025-11-25 04:00:00,1.1525400000000001,1.1528100000000001,1.1522000000000001,1.1528,4.0,0.00026999999999999247,1
2025-11-25 05:00:00,1.1528100000000001,1.15304,1.15167,1.15181,-63.0,-0.0009900000000000464,1
2025-11-25 06:00:00,1.15181,1.15181,1.1514,1.15145,22.0,-0.00035999999999991594,1
2025-11-25 07:00:00,1.15145,1.15187,1.15114,1.15166,27.0,0.00020999999999982144,1
2025-11-25 08:00:00,1.15165,1.15217,1.15144,1.15182,5.0,0.00016000000000016001,1
2025-11-25 09:00:00,1.15181,1.15305,1.15176,1.15224,-56.0,0.0004199999999998649,1
2025-11-25 10:00:00,1.15226,1.15337,1.15205,1.15284,23.0,0.000600000000000156,1
2025-11-25 11:00:00,1.15286,1.15367,1.1527,1.15339,6.0,0.0005499999999998284,1
2025-11-25 12:00:00,1.15338,1.15412,1.15323,1.15392,-16.0,0.0005300000000001415,1
2025-11-25 13:00:00,1.15391,1.15391,1.15246,1.1527,-33.0,-0.0012199999999999989,1
2025-11-25 14:00:00,1.1527,1.15572,1.15252,1.15443,17.0,0.0017300000000000093,1
2025-11-25 15:00:00,1.15444,1.15627,1.15427,1.15581,30.0,0.0013799999999999368,1
2025-11-25 16:00:00,1.15581,1.15719,1.15523,1.15668,20.0,0.0008699999999999264,1
2025-11-25 17:00:00,1.15674,1.15843,1.15617,1.15627,-14.0,-0.0004700000000001925,1
2025-11-25 18:00:00,1.15629,1.15721,1.15499,1.1553200000000001,-71.0,-0.0009499999999997844,1
2025-11-25 19:00:00,1.15531,1.1584,1.15519,1.1582,-25.0,0.0028799999999997716,1
2025-11-25 20:00:00,1.15824,1.1586,1.15769,1.15792,26.0,-0.00027999999999983594,1
2025-11-25 21:00:00,1.15791,1.15855,1.15741,1.15834,29.0,0.0004199999999998649,1
2025-11-25 22:00:00,1.15835,1.15846,1.15582,1.15653,-38.0,-0.0018099999999998673,1
2025-11-25 23:00:00,1.15644,1.15716,1.15635,1.15688,10.0,0.00034999999999985043,1
2025-11-26 00:00:00,1.15675,1.15711,1.15665,1.15696,26.0,8.000000000008001e-05,1
2025-11-26 01:00:00,1.15697,1.15733,1.15641,1.15647,-13.0,-0.0004899999999998794,1
2025-11-26 02:00:00,1.15647,1.1572,1.15631,1.15684,-14.0,0.00036999999999998145,1
2025-11-26 03:00:00,1.1568100000000001,1.15827,1.15651,1.1577,40.0,0.0008599999999998609,1
2025-11-26 04:00:00,1.15768,1.15868,1.15744,1.1581299999999999,6.0,0.00042999999999993044,1
2025-11-26 05:00:00,1.15814,1.15918,1.15806,1.15909,49.0,0.0009600000000000719,1
2025-11-26 06:00:00,1.1590799999999999,1.15915,1.15821,1.15833,10.0,-0.0007599999999998719,1
2025-11-26 07:00:00,1.15834,1.15914,1.15823,1.15905,66.0,0.0007199999999998319,1
2025-11-26 08:00:00,1.15904,1.1595900000000001,1.1583700000000001,1.1586,-25.0,-0.0004499999999998394,1
2025-11-26 09:00:00,1.15861,1.15924,1.1575,1.15791,-33.0,-0.0006900000000000794,1
2025-11-26 10:00:00,1.15791,1.15812,1.1565699999999999,1.15717,11.0,-0.0007399999999999629,1
2025-11-26 11:00:00,1.15717,1.158,1.1568,1.15721,-12.0,4.0000000000040004e-05,1
2025-11-26 12:00:00,1.15724,1.1578,1.1568100000000001,1.15738,17.0,0.00017000000000000348,1
2025-11-26 13:00:00,1.15737,1.1581,1.15679,1.15741,48.0,2.999999999997449e-05,1
2025-11-26 14:00:00,1.1574,1.15801,1.1569,1.15722,53.0,-0.0001900000000001345,1
2025-11-26 15:00:00,1.15725,1.15842,1.15485,1.15527,-27.0,-0.0019499999999998963,1
2025-11-26 16:00:00,1.15526,1.1582,1.15469,1.15792,67.0,0.002650000000000041,1
2025-11-26 17:00:00,1.15792,1.15951,1.15781,1.1589800000000001,25.0,0.001060000000000061,1
2025-11-26 18:00:00,1.15901,1.1601,1.15886,1.159,-32.0,1.999999999990898e-05,1
2025-11-26 19:00:00,1.1589800000000001,1.15941,1.15853,1.15926,22.0,0.00025999999999992696,1
2025-11-26 20:00:00,1.15932,1.15967,1.15888,1.1593,5.0,4.0000000000040004e-05,1
2025-11-26 21:00:00,1.15931,1.15966,1.15901,1.15933,7.0,2.999999999997449e-05,1
2025-11-26 22:00:00,1.15933,1.15976,1.15922,1.15944,-20.0,0.0001100000000000545,1
2025-11-26 23:00:00,1.15937,1.1596899999999999,1.1592500000000001,1.15967,-21.0,0.00022999999999995246,1
2025-11-27 00:00:00,1.15887,1.15963,1.15814,1.1595,9.0,-0.00017000000000000348,1
2025-11-27 01:00:00,1.15948,1.16023,1.15943,1.16016,42.0,0.000660000000000105,1
2025-11-27 02:00:00,1.16015,1.1605,1.15997,1.16019,37.0,2.999999999997449e-05,1
2025-11-27 03:00:00,1.16018,1.16128,1.16009,1.16087,16.0,0.0006800000000000139,1
2025-11-27 04:00:00,1.16089,1.16136,1.16006,1.16033,2.0,-0.0005399999999999849,1
2025-11-27 05:00:00,1.16036,1.16067,1.15997,1.16021,13.0,-0.00012000000000012001,1
2025-11-27 06:00:00,1.16021,1.16054,1.16,1.16009,-10.0,-9.999999999998899e-05,1
2025-11-27 07:00:00,1.1601,1.16065,1.16004,1.16018,0.0,7.00000000000145e-05,1
2025-11-27 08:00:00,1.16021,1.16055,1.15909,1.1592,-41.0,-0.0009799999999999809,1
2025-11-27 09:00:00,1.15922,1.15939,1.15856,1.15919,17.0,-1.0000000000065512e-05,1
2025-11-27 10:00:00,1.15923,1.15958,1.15865,1.15931,1.0,0.00012000000000012001,1
2025-11-27 11:00:00,1.15929,1.1594,1.15764,1.15778,-29.0,-0.0015300000000000313,1
2025-11-27 12:00:00,1.15778,1.15853,1.15769,1.15838,77.0,0.0005999999999999339,1
2025-11-27 13:00:00,1.15841,1.15877,1.15785,1.15859,29.0,0.00021000000000004349,1
2025-11-27 14:00:00,1.15859,1.15907,1.15823,1.15835,-73.0,-0.00024000000000001798,1
2025-11-27 15:00:00,1.15834,1.15967,1.15829,1.15947,34.0,0.0011200000000000099,1
2025-11-27 16:00:00,1.15948,1.15981,1.15904,1.15946,15.0,-1.0000000000065512e-05,1
2025-11-27 17:00:00,1.15942,1.15997,1.15924,1.15944,-3.0,2.0000000000131024e-05,1
2025-11-27 18:00:00,1.15945,1.16005,1.15921,1.15992,85.0,0.00048000000000003595,1
2025-11-27 19:00:00,1.15992,1.16016,1.15915,1.15946,-4.0,-0.000460000000000127,1
2025-11-27 20:00:00,1.15946,1.15957,1.15912,1.15921,-2.0,-0.00029999999999996696,1
2025-11-27 21:00:00,1.1592,1.15964,1.15919,1.15951,28.0,0.0003500000000000725,1
2025-11-27 22:00:00,1.15951,1.15966,1.1594,1.15945,2.0,-5.999999999994898e-05,1
2025-11-27 23:00:00,1.15937,1.15967,1.15937,1.15951,-13.0,5.999999999994898e-05,1
2025-11-28 00:00:00,1.15923,1.15967,1.15904,1.1595,0.0,-1.0000000000065512e-05,1
2025-11-28 01:00:00,1.15951,1.16013,1.15951,1.15993,18.0,0.00042999999999993044,1
2025-11-28 02:00:00,1.15993,1.16022,1.15918,1.15942,-34.0,-0.0005100000000000104,1
2025-11-28 03:00:00,1.15944,1.15989,1.15819,1.15833,-29.0,-0.0010899999999998133,1
2025-11-28 04:00:00,1.15832,1.15884,1.158,1.15841,-87.0,7.999999999985796e-05,1
2025-11-28 05:00:00,1.15841,1.1590799999999999,1.15819,1.15869,-15.0,0.000280000000000058,1
2025-11-28 06:00:00,1.15871,1.15924,1.15857,1.15891,5.0,0.00019999999999997797,1
2025-11-28 07:00:00,1.1589,1.1594,1.1582,1.15895,-80.0,5.999999999994898e-05,1
2025-11-28 08:00:00,1.15891,1.15905,1.1581,1.15835,-150.0,-0.0005999999999999339,1
2025-11-28 09:00:00,1.15834,1.15901,1.15755,1.15798,-74.0,-0.00036999999999998145,1
2025-11-28 10:00:00,1.15798,1.15815,1.15667,1.157,-131.0,-0.0010499999999999954,1
2025-11-28 11:00:00,1.15694,1.15798,1.15669,1.1569,-196.0,-2.999999999997449e-05,1
2025-11-28 12:00:00,1.15684,1.15704,1.15553,1.1559,-57.0,-0.001000000000000112,1
2025-11-28 13:00:00,1.15589,1.1569099999999999,1.1555900000000001,1.15679,44.0,0.0009300000000000974,1
2025-11-28 14:00:00,1.1568,1.15729,1.15618,1.15665,-159.0,-0.000180000000000069,1
2025-11-28 15:00:00,1.15666,1.15785,1.15624,1.1575,-120.0,0.0008500000000000174,1
2025-11-28 16:00:00,1.15749,1.15852,1.1571,1.15848,-9.0,0.0009799999999999809,1
2025-11-28 17:00:00,1.15848,1.16077,1.15797,1.16072,71.0,0.0022400000000000198,1
2025-11-28 18:00:00,1.16071,1.16076,1.1592500000000001,1.15988,34.0,-0.0008399999999999519,1
2025-11-28 19:00:00,1.15987,1.16046,1.15932,1.16024,32.0,0.00035999999999991594,1
2025-11-28 20:00:00,1.16026,1.16048,1.15954,1.16017,19.0,-9.999999999998899e-05,1
2025-11-28 21:00:00,1.16015,1.1604,1.16004,1.1602000000000001,1.0,7.00000000000145e-05,1
2025-11-28 22:00:00,1.1602000000000001,1.16043,1.16008,1.16008,-13.0,-0.00012999999999996348,1
2025-11-28 23:00:00,1.16,1.16023,1.15934,1.15983,-7.0,-0.0002500000000000835,1
2025-12-01 00:00:00,1.15891,1.1598600000000001,1.15891,1.15977,34.0,0.0008199999999998209,1
2025-12-01 01:00:00,1.15981,1.16082,1.15956,1.16009,-36.0,0.000360000000000138,1
2025-12-01 02:00:00,1.16011,1.16074,1.15973,1.16027,-28.0,0.00017999999999984695,1
2025-12-01 03:00:00,1.16031,1.16161,1.16,1.16053,36.0,0.000260000000000149,1
2025-12-01 04:00:00,1.16053,1.1606,1.15927,1.15952,10.0,-0.0010099999999999554,1
2025-12-01 05:00:00,1.15951,1.15977,1.15891,1.15971,43.0,0.00018999999999991246,1
2025-12-01 06:00:00,1.15972,1.16021,1.15943,1.15983,7.0,0.00011999999999989797,1
2025-12-01 07:00:00,1.15983,1.16016,1.15946,1.15974,20.0,-8.999999999992347e-05,1
2025-12-01 08:00:00,1.15975,1.15991,1.15901,1.15965,50.0,-8.999999999992347e-05,1
2025-12-01 09:00:00,1.15966,1.16131,1.15958,1.16072,67.0,0.0010699999999999044,1
2025-12-01 10:00:00,1.16072,1.1622,1.16044,1.16131,28.0,0.0005900000000000905,1
2025-12-01 11:00:00,1.16134,1.16238,1.16134,1.16224,100.0,0.0009299999999998754,1
2025-12-01 12:00:00,1.16224,1.16284,1.16189,1.16275,6.0,0.0005100000000000104,1
2025-12-01 13:00:00,1.1627399999999999,1.1632,1.16244,1.16276,39.0,1.0000000000065512e-05,1
2025-12-01 14:00:00,1.16275,1.16489,1.1626400000000001,1.16485,135.0,0.0020899999999999253,1
2025-12-01 15:00:00,1.1648399999999999,1.1652,1.16393,1.1644700000000001,-18.0,-0.0003799999999998249,1
2025-12-01 16:00:00,1.16445,1.16453,1.163,1.16322,-55.0,-0.0012500000000001954,1
2025-12-01 17:00:00,1.16327,1.16409,1.16225,1.16291,22.0,-0.00035999999999991594,1
2025-12-01 18:00:00,1.16292,1.16345,1.16208,1.16225,48.0,-0.000660000000000105,1
2025-12-01 19:00:00,1.16224,1.16289,1.16177,1.16209,0.0,-0.00015999999999993797,1
2025-12-01 20:00:00,1.1621,1.16237,1.16112,1.16121,5.0,-0.0008799999999999919,1
2025-12-01 21:00:00,1.16121,1.16125,1.16068,1.16089,-11.0,-0.000320000000000098,1
2025-12-01 22:00:00,1.16088,1.16101,1.16059,1.16096,-19.0,8.000000000008001e-05,1
2025-12-01 23:00:00,1.16088,1.16104,1.16068,1.16085,-10.0,-0.00012000000000012001,1
2025-12-02 00:00:00,1.1606,1.1609,1.1605,1.16075,-7.0,-9.999999999998899e-05,1
2025-12-02 01:00:00,1.16084,1.16103,1.16062,1.16062,-16.0,-0.00011999999999989797,1
2025-12-02 02:00:00,1.16063,1.16095,1.16036,1.16059,-37.0,-4.0000000000040004e-05,1
2025-12-02 03:00:00,1.16058,1.16114,1.16035,1.16088,29.0,0.00028999999999990145,1
2025-12-02 04:00:00,1.16094,1.16121,1.16088,1.16121,49.0,0.0003300000000001635,1
2025-12-02 05:00:00,1.16121,1.16126,1.16086,1.16125,30.0,3.999999999981796e-05,1
2025-12-02 06:00:00,1.16126,1.16143,1.16086,1.1609099999999999,-10.0,-0.00034000000000000696,1
2025-12-02 07:00:00,1.16092,1.16112,1.16068,1.16102,42.0,0.0001100000000000545,1
2025-12-02 08:00:00,1.16102,1.16113,1.16046,1.16093,-30.0,-8.999999999992347e-05,1
2025-12-02 09:00:00,1.16094,1.16164,1.16085,1.16125,-1.0,0.00031999999999987594,1
2025-12-02 10:00:00,1.16125,1.16164,1.16088,1.16103,57.0,-0.00021999999999988695,1
2025-12-02 11:00:00,1.1610800000000001,1.16145,1.16021,1.16102,9.0,-1.0000000000065512e-05,1
2025-12-02 12:00:00,1.16103,1.16124,1.15984,1.16064,-4.0,-0.00038000000000004697,1
2025-12-02 13:00:00,1.16068,1.16131,1.16034,1.16116,12.0,0.000520000000000076,1
2025-12-02 14:00:00,1.16115,1.16196,1.16072,1.1618,26.0,0.0006399999999999739,1
2025-12-02 15:00:00,1.16181,1.16198,1.1611,1.1617899999999999,-31.0,-1.0000000000065512e-05,1
2025-12-02 16:00:00,1.1617899999999999,1.16235,1.16134,1.16175,16.0,-3.999999999981796e-05,1
2025-12-02 17:00:00,1.16176,1.16187,1.1593,1.16059,-23.0,-0.0011699999999998933,1
2025-12-02 18:00:00,1.16064,1.161,1.15914,1.15951,-92.0,-0.0010799999999999699,1
2025-12-02 19:00:00,1.15951,1.1608,1.15926,1.16075,-8.0,0.0012399999999999078,1
2025-12-02 20:00:00,1.16076,1.16135,1.16056,1.16083,17.0,9.000000000014552e-05,1
2025-12-02 21:00:00,1.16084,1.1625,1.16084,1.16202,24.0,0.0011799999999999589,1
2025-12-02 22:00:00,1.16202,1.16262,1.16195,1.16248,-8.0,0.00045999999999990493,1
2025-12-02 23:00:00,1.1623999999999999,1.16253,1.162,1.16243,5.0,-4.999999999988347e-05,1
2025-12-03 00:00:00,1.16178,1.16247,1.16178,1.16231,-2.0,-0.00012000000000012001,1
2025-12-03 01:00:00,1.16231,1.1629,1.16231,1.16282,62.0,0.0005100000000000104,1
2025-12-03 02:00:00,1.16286,1.16332,1.16275,1.16305,38.0,0.00022999999999995246,1
2025-12-03 03:00:00,1.16304,1.16379,1.16303,1.16366,74.0,0.0006200000000000649,1
2025-12-03 04:00:00,1.16367,1.16389,1.16352,1.1638,7.0,0.00012999999999996348,1
2025-12-03 05:00:00,1.16383,1.16391,1.16366,1.16377,5.0,-2.999999999997449e-05,1
2025-12-03 06:00:00,1.16376,1.1642299999999999,1.16358,1.16408,16.0,0.00031000000000003247,1
2025-12-03 07:00:00,1.16409,1.1644,1.16405,1.16422,16.0,0.000140000000000029,1
2025-12-03 08:00:00,1.16422,1.16479,1.16413,1.16426,8.0,4.0000000000040004e-05,1
2025-12-03 09:00:00,1.16432,1.1653,1.16395,1.16409,43.0,-0.00017000000000000348,1
2025-12-03 10:00:00,1.1641,1.1646,1.16355,1.16444,34.0,0.00034999999999985043,1
2025-12-03 11:00:00,1.16443,1.1648100000000001,1.16398,1.16454,40.0,9.999999999998899e-05,1
2025-12-03 12:00:00,1.16454,1.16639,1.16448,1.1660300000000001,40.0,0.0014900000000002134,1
2025-12-03 13:00:00,1.16604,1.16661,1.16551,1.16654,38.0,0.0005099999999997884,1
2025-12-03 14:00:00,1.16653,1.16696,1.1662,1.16632,-9.0,-0.00021999999999988695,1
2025-12-03 15:00:00,1.16633,1.16756,1.16618,1.16661,24.0,0.00028999999999990145,1
2025-12-03 16:00:00,1.16661,1.16672,1.16555,1.16621,31.0,-0.00039999999999995595,1
2025-12-03 17:00:00,1.16615,1.16684,1.16543,1.16594,114.0,-0.00021000000000004349,1
2025-12-03 18:00:00,1.16593,1.16666,1.16585,1.16597,32.0,2.999999999997449e-05,1
2025-12-03 19:00:00,1.16597,1.1671,1.16572,1.16682,87.0,0.0008500000000000174,1
2025-12-03 20:00:00,1.16683,1.16759,1.16683,1.1672,9.0,0.00038000000000004697,1
2025-12-03 21:00:00,1.16721,1.16781,1.16708,1.16731,42.0,0.0001100000000000545,1
2025-12-03 22:00:00,1.16728,1.16732,1.16649,1.16654,-48.0,-0.0007700000000001594,1
2025-12-03 23:00:00,1.16646,1.16713,1.16632,1.16703,14.0,0.0004900000000001015,1
2025-12-04 00:00:00,1.1665,1.16741,1.16631,1.16695,42.0,-8.000000000008001e-05,1
2025-12-04 01:00:00,1.16704,1.16724,1.16631,1.16666,-1.0,-0.00028999999999990145,1
2025-12-04 02:00:00,1.16665,1.16675,1.16593,1.16627,-37.0,-0.0003900000000001125,1
2025-12-04 03:00:00,1.16627,1.1665,1.16587,1.16632,19.0,5.0000000000105516e-05,1
2025-12-04 04:00:00,1.16632,1.1663999999999999,1.16586,1.16605,-34.0,-0.00026999999999999247,1
2025-12-04 05:00:00,1.16605,1.16605,1.16533,1.16561,-2.0,-0.00043999999999999595,1
2025-12-04 06:00:00,1.1656,1.16586,1.16551,1.16572,29.0,0.0001100000000000545,1
2025-12-04 07:00:00,1.16575,1.16624,1.16559,1.16596,-11.0,0.00024000000000001798,1
2025-12-04 08:00:00,1.16597,1.166,1.16528,1.16577,-9.0,-0.0001900000000001345,1
2025-12-04 09:00:00,1.16578,1.16656,1.16552,1.16656,81.0,0.0007900000000000684,1
2025-12-04 10:00:00,1.16655,1.16822,1.16633,1.16769,-4.0,0.0011299999999998533,1
2025-12-04 11:00:00,1.1677,1.16804,1.16733,1.16773,19.0,4.0000000000040004e-05,1
2025-12-04 12:00:00,1.16774,1.16799,1.16638,1.16668,12.0,-0.0010499999999999954,1
2025-12-04 13:00:00,1.16669,1.1681,1.1665,1.168,93.0,0.0013199999999999878,1
2025-12-04 14:00:00,1.16799,1.1681,1.16654,1.1670099999999999,20.0,-0.0009900000000000464,1
2025-12-04 15:00:00,1.16703,1.16715,1.16517,1.16651,101.0,-0.0004999999999999449,1
2025-12-04 16:00:00,1.16651,1.16771,1.16643,1.16698,41.0,0.00046999999999997044,1
2025-12-04 17:00:00,1.16697,1.16749,1.1657899999999999,1.16736,55.0,0.00038999999999989043,1
2025-12-04 18:00:00,1.1673499999999999,1.16737,1.16535,1.16586,-10.0,-0.0015000000000000568,1
2025-12-04 19:00:00,1.16585,1.166,1.16528,1.16565,-37.0,-0.00019999999999997797,1
2025-12-04 20:00:00,1.16563,1.16599,1.16533,1.16546,-21.0,-0.00019999999999997797,1
2025-12-04 21:00:00,1.16545,1.16558,1.16502,1.16529,38.0,-0.00017000000000000348,1
2025-12-04 22:00:00,1.16528,1.16528,1.16413,1.16444,-8.0,-0.0008500000000000174,1
2025-12-04 23:00:00,1.16436,1.16454,1.16403,1.16443,-40.0,-9.999999999843467e-06,1
2025-12-05 00:00:00,1.16388,1.16448,1.16388,1.16435,-23.0,-8.000000000008001e-05,1
2025-12-05 01:00:00,1.16436,1.16456,1.1641,1.16436,6.0,1.0000000000065512e-05,1
2025-12-05 02:00:00,1.16436,1.16502,1.16436,1.16496,20.0,0.0005999999999999339,1
2025-12-05 03:00:00,1.16496,1.16539,1.16494,1.16537,46.0,0.00041000000000002146,1
2025-12-05 04:00:00,1.16539,1.16544,1.16509,1.16516,-6.0,-0.00021000000000004349,1
2025-12-05 05:00:00,1.16515,1.16521,1.16461,1.16492,-5.0,-0.00024000000000001798,1
2025-12-05 06:00:00,1.16491,1.16544,1.16485,1.16531,19.0,0.0003900000000001125,1
2025-12-05 07:00:00,1.1653,1.16591,1.16529,1.16588,12.0,0.0005699999999999594,1
2025-12-05 08:00:00,1.16587,1.16616,1.16549,1.16591,7.0,2.999999999997449e-05,1
2025-12-05 09:00:00,1.16591,1.16718,1.16584,1.16631,5.0,0.00039999999999995595,1
2025-12-05 10:00:00,1.16632,1.16642,1.16517,1.1654,-49.0,-0.0009099999999999664,1
2025-12-05 11:00:00,1.16541,1.16555,1.1648100000000001,1.16543,1.0,2.999999999997449e-05,1
2025-12-05 12:00:00,1.16544,1.1656900000000001,1.16476,1.16513,-59.0,-0.00029999999999996696,1
2025-12-05 13:00:00,1.16513,1.16526,1.16415,1.16467,-2.0,-0.00045999999999990493,1
2025-12-05 14:00:00,1.16467,1.16536,1.16434,1.16515,-15.0,0.0004799999999998139,1
2025-12-05 15:00:00,1.1652,1.16541,1.16435,1.16514,-42.0,-9.999999999843467e-06,1
2025-12-05 16:00:00,1.16515,1.16599,1.16453,1.16502,19.0,-0.00012000000000012001,1
2025-12-05 17:00:00,1.165,1.16592,1.1644,1.16483,-6.0,-0.00017000000000000348,1
2025-12-05 18:00:00,1.1648399999999999,1.16492,1.16279,1.16345,2.0,-0.0013799999999999368,1
2025-12-05 19:00:00,1.16344,1.16442,1.16322,1.16438,49.0,0.0008899999999998354,1
2025-12-05 20:00:00,1.16438,1.16487,1.16418,1.16429,15.0,-4.999999999988347e-05,1
2025-12-05 21:00:00,1.16431,1.16443,1.16398,1.16433,-9.0,4.0000000000040004e-05,1
2025-12-05 22:00:00,1.16432,1.16446,1.1639599999999999,1.16438,18.0,4.999999999988347e-05,1
2025-12-05 23:00:00,1.1643,1.16466,1.16394,1.16424,20.0,-0.000140000000000029,1
2025-12-08 00:00:00,1.16332,1.16454,1.16332,1.1645,12.0,0.001180000000000181,1
2025-12-08 01:00:00,1.16456,1.16464,1.1639,1.16403,29.0,-0.0004700000000001925,1
2025-12-08 02:00:00,1.16406,1.16516,1.16397,1.16511,24.0,0.001080000000000192,1
2025-12-08 03:00:00,1.16514,1.16535,1.16454,1.16517,4.0,5.999999999994898e-05,1
2025-12-08 04:00:00,1.1651799999999999,1.16545,1.1648399999999999,1.16539,22.0,0.00021999999999988695,1
2025-12-08 05:00:00,1.1654,1.16556,1.16495,1.16498,-36.0,-0.00041000000000002146,1
2025-12-08 06:00:00,1.16497,1.16557,1.16494,1.16541,-5.0,0.0004300000000001525,1
2025-12-08 07:00:00,1.1654,1.16564,1.16522,1.16563,9.0,0.00021999999999988695,1
2025-12-08 08:00:00,1.16563,1.16722,1.16557,1.1661,-53.0,0.00046999999999997044,1
2025-12-08 09:00:00,1.1661299999999999,1.16682,1.16549,1.1658,8.0,-0.00029999999999996696,1
2025-12-08 10:00:00,1.16581,1.16625,1.16479,1.16563,21.0,-0.00017000000000000348,1
2025-12-08 11:00:00,1.16562,1.16578,1.16477,1.16485,-40.0,-0.0007800000000000029,1
2025-12-08 12:00:00,1.1648399999999999,1.16558,1.16476,1.16506,-26.0,0.00021000000000004349,1
2025-12-08 13:00:00,1.16505,1.16538,1.16465,1.16506,-13.0,0.0,1
2025-12-08 14:00:00,1.16505,1.1654200000000001,1.16474,1.16529,31.0,0.00022999999999995246,1
2025-12-08 15:00:00,1.16531,1.16576,1.16455,1.1648100000000001,-28.0,-0.0004799999999998139,1
2025-12-08 16:00:00,1.1648,1.16549,1.16376,1.16405,-6.0,-0.0007600000000000939,1
2025-12-08 17:00:00,1.16405,1.16405,1.1616900000000001,1.16248,-56.0,-0.0015899999999999803,1
2025-12-08 18:00:00,1.16247,1.16285,1.16162,1.16252,38.0,5.999999999994898e-05,1
2025-12-08 19:00:00,1.16251,1.16388,1.16197,1.16388,42.0,0.0013600000000000279,1
2025-12-08 20:00:00,1.16388,1.16419,1.16342,1.16376,7.0,-0.00012000000000012001,1
2025-12-08 21:00:00,1.16375,1.1642000000000001,1.16363,1.16397,7.0,0.00021000000000004349,1
2025-12-08 22:00:00,1.16398,1.1642000000000001,1.16371,1.16384,-12.0,-0.00012999999999996348,1
2025-12-08 23:00:00,1.16376,1.16383,1.1634,1.16366,2.0,-0.000180000000000069,1
2025-12-09 00:00:00,1.16314,1.16374,1.16314,1.16349,-4.0,-0.00017000000000000348,1
2025-12-09 01:00:00,1.16351,1.16406,1.16351,1.16405,27.0,0.000560000000000116,1
2025-12-09 02:00:00,1.16404,1.16431,1.16366,1.1638,-25.0,-0.0002500000000000835,1
2025-12-09 03:00:00,1.16382,1.16477,1.16357,1.16468,91.0,0.0008799999999999919,1
2025-12-09 04:00:00,1.16469,1.16485,1.16434,1.16453,-16.0,-0.00014999999999987246,1
2025-12-09 05:00:00,1.16454,1.1649,1.16433,1.16458,9.0,4.999999999988347e-05,1
2025-12-09 06:00:00,1.16459,1.1647,1.16434,1.16464,16.0,5.999999999994898e-05,1
2025-12-09 07:00:00,1.16465,1.16506,1.16438,1.16486,31.0,0.000220000000000109,1
2025-12-09 08:00:00,1.1648399999999999,1.16493,1.1642000000000001,1.16443,-42.0,-0.00042999999999993044,1
2025-12-09 09:00:00,1.16442,1.16463,1.1638,1.1639599999999999,-32.0,-0.0004700000000001925,1
2025-12-09 10:00:00,1.16397,1.16496,1.1633499999999999,1.16448,-6.0,0.000520000000000076,1
2025-12-09 11:00:00,1.1644700000000001,1.16571,1.16434,1.16521,-13.0,0.0007300000000001194,1
2025-12-09 12:00:00,1.1652,1.16539,1.16407,1.16444,-47.0,-0.0007700000000001594,1
2025-12-09 13:00:00,1.16445,1.16476,1.16378,1.16438,-35.0,-5.999999999994898e-05,1
2025-12-09 14:00:00,1.16438,1.16442,1.16341,1.16379,-48.0,-0.0005899999999998684,1
2025-12-09 15:00:00,1.1638,1.16401,1.16288,1.16342,0.0,-0.0003700000000002035,1
2025-12-09 16:00:00,1.16341,1.16388,1.16282,1.16383,-36.0,0.00041000000000002146,1
2025-12-09 17:00:00,1.16373,1.16379,1.16149,1.1629,105.0,-0.0008399999999999519,1
2025-12-09 18:00:00,1.16291,1.16414,1.16288,1.16384,43.0,0.0009500000000000064,1
2025-12-09 19:00:00,1.16385,1.16398,1.16219,1.16244,-34.0,-0.0014000000000000679,1
2025-12-09 20:00:00,1.16242,1.16251,1.16166,1.16247,0.0,2.999999999997449e-05,1
2025-12-09 21:00:00,1.16248,1.163,1.16219,1.16287,23.0,0.000400000000000178,1
2025-12-09 22:00:00,1.16283,1.16321,1.16262,1.16267,-30.0,-0.00019999999999997797,1
2025-12-09 23:00:00,1.16259,1.16288,1.16226,1.16257,-1.0,-9.999999999998899e-05,1
2025-12-10 00:00:00,1.1626,1.16284,1.16187,1.16265,-1.0,2.999999999997449e-05,1
2025-12-10 01:00:00,1.16267,1.16288,1.16249,1.16282,19.0,0.00021999999999988695,1
2025-12-10 02:00:00,1.16281,1.1629,1.16244,1.1626400000000001,-38.0,-0.00017999999999984695,1
2025-12-10 03:00:00,1.1626400000000001,1.16289,1.16222,1.1623999999999999,-55.0,-0.00024000000000024002,1
2025-12-10 04:00:00,1.16237,1.16287,1.1623,1.1623999999999999,23.0,0.0,1
2025-12-10 05:00:00,1.1623999999999999,1.16273,1.16216,1.1626400000000001,-25.0,0.00024000000000024002,1
2025-12-10 06:00:00,1.16265,1.16295,1.16247,1.1628,15.0,0.00015999999999993797,1
2025-12-10 07:00:00,1.16277,1.16311,1.16262,1.16294,10.0,0.000140000000000029,1
2025-12-10 08:00:00,1.16294,1.16357,1.16283,1.16349,25.0,0.0005499999999998284,1
2025-12-10 09:00:00,1.16349,1.16497,1.16342,1.16483,74.0,0.0013400000000001189,1
2025-12-10 10:00:00,1.1648,1.1658,1.16435,1.16524,-11.0,0.00041000000000002146,1
2025-12-10 11:00:00,1.16525,1.16531,1.16358,1.1637,-53.0,-0.0015400000000000968,1
2025-12-10 12:00:00,1.16366,1.16397,1.16275,1.16347,-48.0,-0.00022999999999995246,1
2025-12-10 13:00:00,1.16347,1.16382,1.1629800000000001,1.16349,10.0,1.999999999990898e-05,1
2025-12-10 14:00:00,1.1635,1.16426,1.16329,1.16391,16.0,0.00042000000000008697,1
2025-12-10 15:00:00,1.16392,1.16421,1.16279,1.16404,33.0,0.00012999999999996348,1
2025-12-10 16:00:00,1.16404,1.16453,1.16336,1.16434,16.0,0.00029999999999996696,1
2025-12-10 17:00:00,1.16436,1.16511,1.16345,1.16417,-39.0,-0.0001900000000001345,1
2025-12-10 18:00:00,1.16415,1.16498,1.1637,1.16496,62.0,0.0007900000000000684,1
2025-12-10 19:00:00,1.16496,1.16604,1.1645699999999999,1.16584,30.0,0.0008799999999999919,1
2025-12-10 20:00:00,1.16585,1.16607,1.16534,1.16557,-34.0,-0.00026999999999999247,1
2025-12-10 21:00:00,1.16557,1.16812,1.16443,1.16785,62.0,0.0022800000000000598,1
2025-12-10 22:00:00,1.16779,1.16999,1.1673499999999999,1.16936,-21.0,0.0015099999999999003,1
2025-12-10 23:00:00,1.16928,1.16952,1.1688399999999999,1.1695,-2.0,0.000140000000000029,1
2025-12-11 00:00:00,1.16934,1.16944,1.16789,1.16937,-13.0,-0.00012999999999996348,1
2025-12-11 01:00:00,1.1694499999999999,1.1703000000000001,1.1694499999999999,1.17014,55.0,0.0007699999999999374,1
2025-12-11 02:00:00,1.17015,1.17049,1.1696900000000001,1.17018,57.0,4.0000000000040004e-05,1
2025-12-11 03:00:00,1.17022,1.17075,1.17,1.17013,-11.0,-5.0000000000105516e-05,1
2025-12-11 04:00:00,1.17014,1.1706,1.16931,1.16936,-83.0,-0.0007699999999999374,1
2025-12-11 05:00:00,1.1693500000000001,1.16976,1.16898,1.16905,17.0,-0.00031000000000003247,1
2025-12-11 06:00:00,1.16906,1.16919,1.16851,1.16906,14.0,1.0000000000065512e-05,1
2025-12-11 07:00:00,1.16905,1.16922,1.1684700000000001,1.16852,-40.0,-0.0005399999999999849,1
2025-12-11 08:00:00,1.16851,1.16898,1.16819,1.16887,1.0,0.0003500000000000725,1
2025-12-11 09:00:00,1.16888,1.1701,1.16876,1.16939,-17.0,0.0005199999999998539,1
2025-12-11 10:00:00,1.1694,1.17069,1.1693500000000001,1.16974,1.0,0.0003500000000000725,1
2025-12-11 11:00:00,1.16975,1.17031,1.16872,1.17022,35.0,0.00048000000000003595,1
2025-12-11 12:00:00,1.17023,1.17078,1.16986,1.17075,35.0,0.0005299999999999194,1
2025-12-11 13:00:00,1.17074,1.1718,1.17059,1.17133,26.0,0.0005800000000000249,1
2025-12-11 14:00:00,1.17134,1.17195,1.17096,1.17166,13.0,0.00032999999999994145,1
2025-12-11 15:00:00,1.1717,1.17365,1.17133,1.17314,103.0,0.0014800000000001479,1
2025-12-11 16:00:00,1.17313,1.17487,1.17301,1.17374,-9.0,0.0005999999999999339,1
2025-12-11 17:00:00,1.17375,1.17575,1.1732,1.1756,94.0,0.0018499999999999073,1
2025-12-11 18:00:00,1.17561,1.17597,1.17462,1.1755200000000001,3.0,-7.999999999985796e-05,1
2025-12-11 19:00:00,1.1755,1.1763,1.17494,1.17548,-6.0,-4.0000000000040004e-05,1
2025-12-11 20:00:00,1.17554,1.17596,1.17514,1.17535,-4.0,-0.00013000000000018552,1
2025-12-11 21:00:00,1.17535,1.17539,1.17404,1.1741,-32.0,-0.0012499999999999734,1
2025-12-11 22:00:00,1.17411,1.17459,1.17368,1.17413,11.0,2.999999999997449e-05,1
2025-12-11 23:00:00,1.17405,1.1743000000000001,1.17364,1.17381,21.0,-0.00031999999999987594,1
2025-12-12 00:00:00,1.17353,1.17394,1.17353,1.17383,-6.0,1.999999999990898e-05,1
2025-12-12 01:00:00,1.17393,1.17421,1.1736900000000001,1.17405,-26.0,0.000220000000000109,1
2025-12-12 02:00:00,1.17405,1.17447,1.1739,1.17401,-2.0,-4.0000000000040004e-05,1
2025-12-12 03:00:00,1.17402,1.17465,1.17324,1.1734499999999999,-9.0,-0.000560000000000116,1
2025-12-12 04:00:00,1.17351,1.1738,1.17314,1.17366,68.0,0.00021000000000004349,1
2025-12-12 05:00:00,1.17364,1.17378,1.17328,1.17346,6.0,-0.00019999999999997797,1
2025-12-12 06:00:00,1.17346,1.17358,1.17313,1.1732,-29.0,-0.00025999999999992696,1
2025-12-12 07:00:00,1.17319,1.1739600000000001,1.17316,1.17389,51.0,0.0006900000000000794,1
2025-12-12 08:00:00,1.17388,1.17421,1.17338,1.17391,2.0,1.999999999990898e-05,1
2025-12-12 09:00:00,1.1739,1.17434,1.17355,1.17376,5.0,-0.0001500000000000945,1
2025-12-12 10:00:00,1.17378,1.17424,1.1728,1.17281,-72.0,-0.0009599999999998499,1
2025-12-12 11:00:00,1.1728,1.17347,1.17268,1.17328,74.0,0.00048000000000003595,1
2025-12-12 12:00:00,1.17328,1.1733,1.17245,1.17272,-18.0,-0.000560000000000116,1
2025-12-12 13:00:00,1.17272,1.1729,1.17222,1.17267,-18.0,-4.999999999988347e-05,1
2025-12-12 14:00:00,1.17267,1.17279,1.17193,1.17248,-44.0,-0.0001900000000001345,1
2025-12-12 15:00:00,1.17249,1.1735,1.17238,1.17272,45.0,0.00024000000000001798,1
2025-12-12 16:00:00,1.17272,1.17434,1.1723,1.17419,-42.0,0.0014700000000000824,1
2025-12-12 17:00:00,1.17419,1.17449,1.17295,1.1738,-189.0,-0.0003900000000001125,1
2025-12-12 18:00:00,1.1738,1.17432,1.17261,1.17311,-42.0,-0.0006999999999999229,1
2025-12-12 19:00:00,1.1731,1.1748,1.17301,1.17476,32.0,0.0016599999999999948,1
2025-12-12 20:00:00,1.17476,1.17497,1.17404,1.17413,-53.0,-0.0006300000000001305,1
2025-12-12 21:00:00,1.17413,1.17413,1.17352,1.17403,59.0,-9.999999999998899e-05,1
2025-12-12 22:00:00,1.17403,1.17464,1.17367,1.1739,50.0,-0.00012999999999996348,1
2025-12-12 23:00:00,1.1739,1.17448,1.1738,1.17402,-12.0,0.00012000000000012001,1
2025-12-15 00:00:00,1.17276,1.17372,1.17237,1.17372,1.0,0.0009600000000000719,1
2025-12-15 01:00:00,1.17388,1.17407,1.17364,1.17367,-15.0,-5.0000000000105516e-05,1
2025-12-15 02:00:00,1.17368,1.1737,1.17283,1.17331,18.0,-0.00035999999999991594,1
2025-12-15 03:00:00,1.17331,1.17423,1.17293,1.17413,84.0,0.0008199999999998209,1
2025-12-15 04:00:00,1.17414,1.17446,1.1737,1.17412,14.0,-9.999999999843467e-06,1
2025-12-15 05:00:00,1.17413,1.17446,1.17317,1.17341,-9.0,-0.0007099999999999884,1
2025-12-15 06:00:00,1.17341,1.17355,1.17318,1.17321,25.0,-0.00019999999999997797,1
2025-12-15 07:00:00,1.17321,1.17357,1.1732,1.17342,20.0,0.00021999999999988695,1
2025-12-15 08:00:00,1.17342,1.17363,1.17286,1.17352,18.0,7.00000000000145e-05,1
2025-12-15 09:00:00,1.17352,1.17379,1.17278,1.17283,-96.0,-0.0006699999999999484,1
2025-12-15 10:00:00,1.17283,1.17386,1.17263,1.17311,-37.0,0.000280000000000058,1
2025-12-15 11:00:00,1.17311,1.17434,1.17304,1.17431,-34.0,0.0011999999999998678,1
2025-12-15 12:00:00,1.17431,1.17465,1.1739,1.17426,74.0,-4.999999999988347e-05,1
2025-12-15 13:00:00,1.17426,1.17499,1.17413,1.17486,24.0,0.0005999999999999339,1
2025-12-15 14:00:00,1.17486,1.17592,1.17483,1.17529,-10.0,0.00043999999999999595,1
2025-12-15 15:00:00,1.17529,1.17597,1.17471,1.17474,-107.0,-0.000560000000000116,1
2025-12-15 16:00:00,1.17473,1.1764000000000001,1.1743999999999999,1.17636,96.0,0.0016200000000001769,1
2025-12-15 17:00:00,1.17636,1.17688,1.17546,1.17628,154.0,-8.000000000008001e-05,1
2025-12-15 18:00:00,1.17628,1.17647,1.17521,1.17555,-84.0,-0.0007299999999998974,1
2025-12-15 19:00:00,1.17555,1.17556,1.17449,1.17458,34.0,-0.0009700000000001374,1
2025-12-15 20:00:00,1.17458,1.17481,1.1739,1.17431,-3.0,-0.00026999999999999247,1
2025-12-15 21:00:00,1.17431,1.17499,1.17383,1.17487,61.0,0.000560000000000116,1
2025-12-15 22:00:00,1.17487,1.1751800000000001,1.17473,1.17503,31.0,0.00015999999999993797,1
2025-12-15 23:00:00,1.17503,1.17536,1.17487,1.17515,37.0,0.000280000000000058,1
2025-12-16 00:00:00,1.17506,1.1752799999999999,1.17461,1.17513,0.0,-0.000180000000000069,1
2025-12-16 01:00:00,1.17543,1.17545,1.17521,1.17534,-14.0,0.00021000000000004349,1
2025-12-16 02:00:00,1.17534,1.1757900000000001,1.17481,1.17496,-13.0,-0.00038000000000004697,1
2025-12-16 03:00:00,1.17496,1.17551,1.17464,1.1751800000000001,-47.0,0.000220000000000109,1
2025-12-16 04:00:00,1.1751800000000001,1.17563,1.175,1.17554,33.0,0.00035999999999991594,1
2025-12-16 05:00:00,1.17554,1.1759,1.17499,1.17516,14.0,-0.00038000000000004697,1
2025-12-16 06:00:00,1.17516,1.17537,1.17499,1.17509,-24.0,-7.00000000000145e-05,1
2025-12-16 07:00:00,1.17509,1.1754,1.1749100000000001,1.17504,53.0,-4.999999999988347e-05,1
2025-12-16 08:00:00,1.17503,1.17536,1.17463,1.17525,3.0,0.00020999999999982144,1
2025-12-16 09:00:00,1.17525,1.1754,1.17442,1.17522,-91.0,-4.999999999988347e-05,1
2025-12-16 10:00:00,1.17524,1.17639,1.17465,1.1754,98.0,0.00018999999999991246,1
2025-12-16 11:00:00,1.1754,1.17619,1.175,1.17566,-30.0,0.000260000000000149,1
2025-12-16 12:00:00,1.17564,1.17617,1.17539,1.17573,99.0,7.999999999985796e-05,1
2025-12-16 13:00:00,1.17573,1.17636,1.17516,1.17636,36.0,0.0006300000000001305,1
2025-12-16 14:00:00,1.17636,1.17784,1.17606,1.17778,92.0,0.0014199999999999768,1
2025-12-16 15:00:00,1.17779,1.17947,1.17569,1.17756,-3.0,-0.000220000000000109,1
2025-12-16 16:00:00,1.17756,1.18001,1.17687,1.17997,65.0,0.0024100000000000232,1
2025-12-16 17:00:00,1.17997,1.1804000000000001,1.17672,1.177,-87.0,-0.002969999999999917,1
2025-12-16 18:00:00,1.177,1.17757,1.17611,1.17691,-49.0,-9.000000000014552e-05,1
2025-12-16 19:00:00,1.17691,1.17779,1.17624,1.17637,-44.0,-0.0005399999999999849,1
2025-12-16 20:00:00,1.17638,1.17638,1.1745,1.17529,33.0,-0.0010699999999999044,1
2025-12-16 21:00:00,1.17529,1.17622,1.17346,1.17576,184.0,0.00045999999999990493,1
2025-12-16 22:00:00,1.17576,1.17628,1.17463,1.17475,-32.0,-0.0010099999999999554,1
2025-12-16 23:00:00,1.17475,1.1751,1.17455,1.17462,-12.0,-0.00012999999999996348,1
2025-12-17 00:00:00,1.17462,1.1748,1.17452,1.17475,-8.0,0.00012999999999996348,1
2025-12-17 01:00:00,1.17489,1.17512,1.17486,1.1749100000000001,6.0,0.00016000000000016001,1
2025-12-17 02:00:00,1.1749100000000001,1.17514,1.17451,1.175,20.0,8.999999999992347e-05,1
2025-12-17 03:00:00,1.175,1.17521,1.1745,1.17471,50.0,-0.0002900000000001235,1
2025-12-17 04:00:00,1.17471,1.17478,1.17371,1.17397,-127.0,-0.0007399999999999629,1
2025-12-17 05:00:00,1.17397,1.17404,1.17367,1.1739,8.0,-8.999999999992347e-05,1
2025-12-17 06:00:00,1.1739,1.1739600000000001,1.17275,1.17294,-21.0,-0.0009399999999999409,1
2025-12-17 07:00:00,1.17294,1.17306,1.1724700000000001,1.17289,25.0,-5.0000000000105516e-05,1
2025-12-17 08:00:00,1.17289,1.17304,1.17064,1.17098,-112.0,-0.0019499999999998963,1
2025-12-17 09:00:00,1.17098,1.17135,1.1703000000000001,1.17135,77.0,0.0004099999999997994,1
2025-12-17 10:00:00,1.17137,1.17209,1.17058,1.1718600000000001,159.0,0.0005100000000002325,1
2025-12-17 11:00:00,1.1718600000000001,1.17205,1.17114,1.17158,31.0,-0.0002700000000002145,1
2025-12-17 12:00:00,1.17158,1.17251,1.17127,1.17251,-27.0,0.0009200000000000319,1
2025-12-17 13:00:00,1.17251,1.1727400000000001,1.17076,1.1709100000000001,-84.0,-0.0016099999999998893,1
2025-12-17 14:00:00,1.1709100000000001,1.17276,1.17084,1.17267,39.0,0.0017700000000000493,1
2025-12-17 15:00:00,1.17267,1.17332,1.17197,1.17317,-78.0,0.0004999999999999449,1
2025-12-17 16:00:00,1.17317,1.17442,1.1728,1.17409,27.0,0.0009200000000000319,1
2025-12-17 17:00:00,1.17409,1.1758,1.17403,1.1752799999999999,46.0,0.0011899999999998023,1
2025-12-17 18:00:00,1.1752799999999999,1.17561,1.17454,1.17469,-96.0,-0.0005899999999998684,1
2025-12-17 19:00:00,1.17469,1.17547,1.17455,1.17492,2.0,0.00022999999999995246,1
2025-12-17 20:00:00,1.17492,1.17555,1.17424,1.1743999999999999,16.0,-0.000520000000000076,1
2025-12-17 21:00:00,1.1743999999999999,1.17472,1.17414,1.17449,12.0,9.000000000014552e-05,1
2025-12-17 22:00:00,1.17449,1.17462,1.17385,1.1739600000000001,-71.0,-0.0005399999999999849,1
2025-12-17 23:00:00,1.1739600000000001,1.17412,1.17383,1.17399,27.0,4.0000000000040004e-05,1
2025-12-18 00:00:00,1.17398,1.17436,1.17376,1.17386,-12.0,-0.00013000000000018552,1
2025-12-18 01:00:00,1.17414,1.17433,1.17405,1.17415,18.0,0.0002900000000001235,1
2025-12-18 02:00:00,1.17415,1.17456,1.17402,1.17439,51.0,0.00024000000000001798,1
2025-12-18 03:00:00,1.17439,1.17453,1.1735,1.17384,-29.0,-0.0005500000000000504,1
2025-12-18 04:00:00,1.17383,1.17424,1.17367,1.1740599999999999,69.0,0.00021999999999988695,1
2025-12-18 05:00:00,1.1740599999999999,1.17418,1.17373,1.1739,2.0,-0.00015999999999993797,1
2025-12-18 06:00:00,1.1739,1.17428,1.17382,1.17427,17.0,0.00036999999999998145,1
2025-12-18 07:00:00,1.17427,1.1746699999999999,1.17411,1.1745700000000001,55.0,0.000300000000000189,1
2025-12-18 08:00:00,1.1745700000000001,1.17471,1.17387,1.17441,33.0,-0.00016000000000016001,1
2025-12-18 09:00:00,1.1743999999999999,1.17494,1.1733500000000001,1.17336,-89.0,-0.0010499999999999954,1
2025-12-18 10:00:00,1.17336,1.1737,1.1728,1.17322,-19.0,-0.000140000000000029,1
2025-12-18 11:00:00,1.17322,1.17326,1.17172,1.17219,47.0,-0.0010299999999998644,1
2025-12-18 12:00:00,1.17219,1.17268,1.17175,1.17246,62.0,0.00026999999999999247,1
2025-12-18 13:00:00,1.17246,1.17273,1.17202,1.17204,9.0,-0.00042000000000008697,1
2025-12-18 14:00:00,1.17204,1.17232,1.17122,1.17138,-12.0,-0.0006399999999999739,1
2025-12-18 15:00:00,1.17138,1.17628,1.1713,1.1746699999999999,-24.0,0.003269999999999884,1
2025-12-18 16:00:00,1.1746699999999999,1.17556,1.17325,1.1734499999999999,-147.0,-0.0012199999999999989,1
2025-12-18 17:00:00,1.1734499999999999,1.17401,1.17159,1.17269,11.0,-0.0007499999999998064,1
2025-12-18 18:00:00,1.17269,1.17458,1.17254,1.1728,5.0,9.999999999998899e-05,1
2025-12-18 19:00:00,1.1728,1.17287,1.1715,1.17187,-12.0,-0.0009700000000001374,1
2025-12-18 20:00:00,1.17187,1.17248,1.1715200000000001,1.17195,-42.0,0.00012000000000012001,1
2025-12-18 21:00:00,1.17194,1.17275,1.17177,1.17251,41.0,0.0005599999999998939,1
2025-12-18 22:00:00,1.17251,1.17276,1.17203,1.1722,-14.0,-0.00031000000000003247,1
2025-12-18 23:00:00,1.17218,1.17248,1.172,1.17216,5.0,-0.00019999999999997797,1
2025-12-19 00:00:00,1.1721,1.17249,1.17176,1.17245,29.0,0.00045000000000006146,1
2025-12-19 01:00:00,1.17245,1.17261,1.17235,1.17245,4.0,0.0,1
2025-12-19 02:00:00,1.17245,1.17266,1.17215,1.17262,8.0,0.00017000000000000348,1
2025-12-19 03:00:00,1.17263,1.17286,1.17202,1.17241,-12.0,-0.00021000000000004349,1
2025-12-19 04:00:00,1.17241,1.17283,1.17211,1.17224,-36.0,-0.00017000000000000348,1
2025-12-19 05:00:00,1.17225,1.17257,1.17182,1.17211,-47.0,-0.00012999999999996348,1
2025-12-19 06:00:00,1.17211,1.17227,1.17154,1.17178,-45.0,-0.00032999999999994145,1
2025-12-19 07:00:00,1.17178,1.17207,1.17177,1.17198,13.0,0.00019999999999997797,1
2025-12-19 08:00:00,1.17198,1.1721300000000001,1.17117,1.17196,53.0,-2.0000000000131024e-05,1
2025-12-19 09:00:00,1.17196,1.17204,1.17032,1.17075,-116.0,-0.0012099999999999334,1
2025-12-19 10:00:00,1.17076,1.17163,1.17061,1.17124,69.0,0.0005100000000000104,1
2025-12-19 11:00:00,1.17123,1.17178,1.17087,1.1712,-17.0,-5.999999999994898e-05,1
2025-12-19 12:00:00,1.17121,1.17177,1.17088,1.17163,-3.0,0.00042999999999993044,1
2025-12-19 13:00:00,1.17163,1.17176,1.17076,1.17111,-15.0,-0.0005199999999998539,1
2025-12-19 14:00:00,1.17111,1.1715200000000001,1.17076,1.17099,-35.0,-0.00012000000000012001,1
2025-12-19 15:00:00,1.17099,1.17194,1.17026,1.17192,113.0,0.0009300000000000974,1
2025-12-19 16:00:00,1.17193,1.17377,1.1718899999999999,1.17265,-108.0,0.0007299999999998974,1
2025-12-19 17:00:00,1.17265,1.17282,1.17093,1.17095,-90.0,-0.0017000000000000348,1
2025-12-19 18:00:00,1.17095,1.1721,1.17083,1.17208,207.0,0.0011200000000000099,1
2025-12-19 19:00:00,1.17208,1.17209,1.17134,1.17192,22.0,-0.00014999999999987246,1
2025-12-19 20:00:00,1.17192,1.17272,1.17181,1.17198,53.0,5.999999999994898e-05,1
2025-12-19 21:00:00,1.17198,1.1724999999999999,1.1716199999999999,1.17235,106.0,0.00036999999999998145,1
2025-12-19 22:00:00,1.17235,1.17255,1.17063,1.17097,-58.0,-0.0013799999999999368,1
2025-12-19 23:00:00,1.17096,1.17136,1.17058,1.1709100000000001,-10.0,-5.999999999994898e-05,1
2025-12-22 00:00:00,1.1712,1.17153,1.17093,1.17106,-2.0,-0.000140000000000029,1
2025-12-22 01:00:00,1.17114,1.17146,1.1706,1.171,-28.0,-7.00000000000145e-05,1
2025-12-22 02:00:00,1.171,1.1716,1.17093,1.17157,68.0,0.0005800000000000249,1
2025-12-22 03:00:00,1.17157,1.17192,1.17135,1.17171,-27.0,0.000140000000000029,1
2025-12-22 04:00:00,1.17172,1.17191,1.1715,1.17163,-11.0,-8.000000000008001e-05,1
2025-12-22 05:00:00,1.17163,1.17181,1.17134,1.17175,40.0,0.00012000000000012001,1
2025-12-22 06:00:00,1.17175,1.17216,1.1716199999999999,1.172,21.0,0.00024999999999986144,1
2025-12-22 07:00:00,1.172,1.1722,1.17155,1.17172,-12.0,-0.00027999999999983594,1
2025-12-22 08:00:00,1.17172,1.1719,1.17127,1.17158,-12.0,-0.000140000000000029,1
2025-12-22 09:00:00,1.17158,1.17309,1.17148,1.17288,98.0,0.0012999999999998568,1
2025-12-22 10:00:00,1.17288,1.17381,1.1723,1.17356,28.0,0.000700000000000145,1
2025-12-22 11:00:00,1.17357,1.17363,1.17272,1.173,109.0,-0.0005800000000000249,1
2025-12-22 12:00:00,1.173,1.17378,1.1729,1.17329,71.0,0.00028999999999990145,1
2025-12-22 13:00:00,1.1733,1.17365,1.17286,1.17333,12.0,4.0000000000040004e-05,1
2025-12-22 14:00:00,1.17333,1.17432,1.17333,1.17416,0.0,0.0008300000000001084,1
2025-12-22 15:00:00,1.17416,1.17543,1.17416,1.17505,2.0,0.0008899999999998354,1
2025-12-22 16:00:00,1.17505,1.17664,1.17449,1.176,15.0,0.0009500000000000064,1
2025-12-22 17:00:00,1.176,1.17692,1.17576,1.17638,15.0,0.00038000000000004697,1
2025-12-22 18:00:00,1.17638,1.1764000000000001,1.17481,1.17495,-70.0,-0.0014300000000000423,1
2025-12-22 19:00:00,1.17495,1.17645,1.1749,1.17581,141.0,0.0008600000000000829,1
2025-12-22 20:00:00,1.17581,1.17582,1.17493,1.1752799999999999,51.0,-0.0005300000000001415,1
2025-12-22 21:00:00,1.1752799999999999,1.1756,1.17487,1.1755200000000001,101.0,0.00024000000000024002,1
2025-12-22 22:00:00,1.1755200000000001,1.1758899999999999,1.17522,1.17551,32.0,-1.0000000000065512e-05,1
2025-12-22 23:00:00,1.17551,1.17621,1.17543,1.176,28.0,0.0004899999999998794,1
2025-12-23 00:00:00,1.176,1.17611,1.1755200000000001,1.17593,76.0,-7.00000000000145e-05,1
2025-12-23 00:00:00,1.176,1.17611,1.1755200000000001,1.17593,76.0,-7.00000000000145e-05,1
2025-12-23 01:00:00,1.17624,1.17655,1.17624,1.17635,-13.0,0.00045000000000006146,1
2025-12-23 02:00:00,1.17635,1.1770100000000001,1.17627,1.17688,-1.0,0.0004999999999999449,1
2025-12-23 03:00:00,1.17688,1.17759,1.17657,1.17728,21.0,0.000400000000000178,1
2025-12-23 04:00:00,1.17728,1.17803,1.17723,1.17775,42.0,0.00046999999999997044,1
2025-12-23 05:00:00,1.17775,1.17791,1.17729,1.17763,15.0,-0.00012000000000012001,1
2025-12-23 06:00:00,1.17764,1.1779,1.1773500000000001,1.17751,54.0,-0.00011999999999989797,1
2025-12-23 07:00:00,1.17751,1.1779600000000001,1.17741,1.17748,-38.0,-2.999999999997449e-05,1
2025-12-23 08:00:00,1.17748,1.1776200000000001,1.1768399999999999,1.1771,-61.0,-0.00038000000000004697,1
2025-12-23 09:00:00,1.1771,1.17812,1.17689,1.17785,78.0,0.0007500000000000284,1
2025-12-23 10:00:00,1.17785,1.17844,1.17752,1.17844,154.0,0.0005899999999998684,1
2025-12-23 11:00:00,1.17844,1.1792799999999999,1.17816,1.17926,39.0,0.0008200000000000429,1
2025-12-23 12:00:00,1.17926,1.18002,1.17917,1.17988,6.0,0.0006200000000000649,1
2025-12-23 13:00:00,1.17988,1.17997,1.17922,1.17957,17.0,-0.00031000000000003247,1
2025-12-23 14:00:00,1.17957,1.18019,1.17887,1.17895,-88.0,-0.0006200000000000649,1
2025-12-23 15:00:00,1.17895,1.17939,1.17742,1.17747,26.0,-0.0014799999999999258,1
2025-12-23 16:00:00,1.17747,1.17793,1.1768399999999999,1.17694,54.0,-0.0005299999999999194,1
2025-12-23 17:00:00,1.17693,1.1779,1.17639,1.17742,27.0,0.0004899999999998794,1
2025-12-23 18:00:00,1.17742,1.17803,1.17732,1.17755,79.0,0.00013000000000018552,1
2025-12-23 19:00:00,1.17755,1.17787,1.17689,1.17708,-100.0,-0.0004700000000001925,1
2025-12-23 20:00:00,1.17708,1.1783,1.17695,1.17828,10.0,0.0011900000000000244,1
2025-12-23 21:00:00,1.17829,1.17913,1.1782,1.17899,62.0,0.0007200000000000539,1
2025-12-23 22:00:00,1.17899,1.17935,1.17869,1.1789399999999999,-1.0,-5.0000000000105516e-05,1
2025-12-23 23:00:00,1.17892,1.17967,1.17881,1.17942,-10.0,0.000520000000000076,1
2025-12-24 00:00:00,1.17941,1.1795200000000001,1.17801,1.17937,41.0,-8.999999999992347e-05,1
2025-12-24 01:00:00,1.1795499999999999,1.1797,1.17933,1.17945,-10.0,0.0001100000000000545,1
2025-12-24 02:00:00,1.17946,1.1798899999999999,1.17901,1.17988,2.0,0.00039999999999995595,1
2025-12-24 03:00:00,1.17988,1.18062,1.17967,1.1804999999999999,42.0,0.0006199999999998429,1
2025-12-24 04:00:00,1.1804999999999999,1.1807699999999999,1.1798,1.17981,-33.0,-0.0006899999999998574,1
2025-12-24 05:00:00,1.17981,1.17983,1.17868,1.17873,4.0,-0.0010799999999999699,1
2025-12-24 06:00:00,1.17873,1.17933,1.1785700000000001,1.17912,48.0,0.00038999999999989043,1
2025-12-24 07:00:00,1.17912,1.18019,1.17906,1.1798899999999999,42.0,0.0007699999999999374,1
2025-12-24 08:00:00,1.1798899999999999,1.18038,1.17976,1.17996,4.0,7.00000000000145e-05,1
2025-12-24 09:00:00,1.17996,1.1801599999999999,1.17863,1.1789,-106.0,-0.0010499999999997733,1
2025-12-24 10:00:00,1.1789,1.17994,1.1779600000000001,1.17992,170.0,0.0010099999999999554,1
2025-12-24 11:00:00,1.17993,1.18008,1.17944,1.17995,62.0,2.999999999997449e-05,1
2025-12-24 12:00:00,1.17995,1.17999,1.17907,1.17962,-29.0,-0.000320000000000098,1
2025-12-24 13:00:00,1.17963,1.17984,1.17909,1.17926,49.0,-0.00036999999999998145,1
2025-12-24 14:00:00,1.17926,1.17931,1.17839,1.17841,-30.0,-0.0008500000000000174,1
2025-12-24 15:00:00,1.17841,1.1791,1.17837,1.17852,93.0,0.0001100000000000545,1
2025-12-24 16:00:00,1.17852,1.17868,1.1777199999999999,1.17804,-54.0,-0.00048000000000003595,1
2025-12-24 17:00:00,1.17804,1.17823,1.17753,1.17781,-9.0,-0.00022999999999995246,1
2025-12-24 18:00:00,1.17781,1.17809,1.17729,1.17792,-94.0,0.0001100000000000545,1
2025-12-24 19:00:00,1.17792,1.17831,1.17726,1.17765,24.0,-0.000260000000000149,1
2025-12-24 20:00:00,1.17765,1.17797,1.17742,1.17788,13.0,0.000220000000000109,1
2025-12-24 21:00:00,1.17788,1.1782,1.1778,1.17817,10.0,0.00028999999999990145,1
2025-12-24 22:00:00,1.17814,1.17821,1.17788,1.1779,4.0,-0.00026999999999999247,1
2025-12-24 23:00:00,1.17791,1.17791,1.17757,1.17764,-38.0,-0.00025999999999992696,1
2025-12-26 00:00:00,1.17769,1.1783,1.17764,1.17791,28.0,0.000220000000000109,1
2025-12-26 01:00:00,1.17791,1.17838,1.1777,1.17837,-10.0,0.00045999999999990493,1
2025-12-26 02:00:00,1.17837,1.17919,1.17764,1.17859,48.0,0.000220000000000109,1
2025-12-26 03:00:00,1.1786,1.17914,1.17827,1.1787,6.0,0.0001100000000000545,1
2025-12-26 04:00:00,1.1787,1.17934,1.17835,1.1792,18.0,0.0004999999999999449,1
2025-12-26 05:00:00,1.17921,1.17925,1.17832,1.17841,-7.0,-0.0007900000000000684,1
2025-12-26 06:00:00,1.17839,1.17869,1.17797,1.1783,-9.0,-0.0001100000000000545,1
2025-12-26 07:00:00,1.1783,1.17869,1.178,1.17859,50.0,0.0002900000000001235,1
2025-12-26 08:00:00,1.17859,1.17876,1.17714,1.17765,-1.0,-0.0009399999999999409,1
2025-12-26 09:00:00,1.17765,1.17778,1.177,1.17727,-84.0,-0.00038000000000004697,1
2025-12-26 10:00:00,1.17728,1.17775,1.17664,1.17769,9.0,0.0004199999999998649,1
2025-12-26 11:00:00,1.17769,1.17777,1.17683,1.1770100000000001,-27.0,-0.0006799999999997919,1
2025-12-26 12:00:00,1.1770100000000001,1.17797,1.1769,1.1773,-36.0,0.00028999999999990145,1
2025-12-26 13:00:00,1.17731,1.17822,1.17731,1.17773,50.0,0.00043999999999999595,1
2025-12-26 14:00:00,1.17773,1.17824,1.17726,1.17815,48.0,0.00039999999999995595,1
2025-12-26 15:00:00,1.17815,1.17967,1.17815,1.17913,-5.0,0.0009900000000000464,1
2025-12-26 16:00:00,1.17915,1.17945,1.17811,1.17836,-144.0,-0.0007699999999999374,1
2025-12-26 17:00:00,1.17836,1.17925,1.17715,1.1777,-2.0,-0.0006500000000000394,1
2025-12-26 18:00:00,1.1777,1.17795,1.17621,1.17651,53.0,-0.0012100000000001554,1
2025-12-26 19:00:00,1.17651,1.17703,1.17615,1.1770100000000001,27.0,0.0005100000000002325,1
2025-12-26 20:00:00,1.17702,1.1773500000000001,1.17689,1.17718,-37.0,0.00016999999999978144,1
2025-12-26 21:00:00,1.17718,1.17766,1.1769,1.17766,4.0,0.00048000000000003595,1
2025-12-26 22:00:00,1.17765,1.17816,1.17722,1.17748,-68.0,-0.00017999999999984695,1
2025-12-26 23:00:00,1.17748,1.17763,1.17655,1.17712,25.0,-0.000360000000000138,1
2025-12-29 00:00:00,1.17631,1.17704,1.17631,1.17687,3.0,0.000560000000000116,1
2025-12-29 01:00:00,1.17739,1.17778,1.17712,1.17723,4.0,0.00035999999999991594,1
2025-12-29 02:00:00,1.17723,1.17839,1.17715,1.17795,30.0,0.0007200000000000539,1
2025-12-29 03:00:00,1.17795,1.17862,1.17785,1.1784,53.0,0.0004499999999998394,1
2025-12-29 04:00:00,1.1784,1.1785,1.17753,1.17756,-59.0,-0.0008399999999999519,1
2025-12-29 05:00:00,1.17756,1.17759,1.1771,1.17733,-23.0,-0.00022999999999995246,1
2025-12-29 06:00:00,1.17733,1.17733,1.17637,1.17642,-93.0,-0.0009099999999999664,1
2025-12-29 07:00:00,1.17642,1.17642,1.17537,1.17559,-78.0,-0.0008300000000001084,1
2025-12-29 08:00:00,1.1756,1.17694,1.17541,1.17694,71.0,0.0013500000000001844,1
2025-12-29 09:00:00,1.17694,1.17791,1.17651,1.1777,39.0,0.0007699999999999374,1
2025-12-29 10:00:00,1.17771,1.17886,1.1771,1.1784,74.0,0.0006899999999998574,1
2025-12-29 11:00:00,1.17839,1.1789,1.17715,1.1776200000000001,-51.0,-0.0007699999999999374,1
2025-12-29 12:00:00,1.1776200000000001,1.17801,1.17651,1.17657,26.0,-0.001060000000000061,1
2025-12-29 13:00:00,1.17656,1.1771099999999999,1.17576,1.17656,220.0,-9.999999999843467e-06,1
2025-12-29 14:00:00,1.17656,1.17689,1.17554,1.17618,79.0,-0.00038000000000004697,1
2025-12-29 15:00:00,1.17616,1.17737,1.17603,1.17696,80.0,0.0008200000000000429,1
2025-12-29 16:00:00,1.17696,1.17886,1.1767,1.17828,42.0,0.0012799999999999478,1
2025-12-29 17:00:00,1.17828,1.17863,1.17663,1.17678,51.0,-0.0014899999999999913,1
2025-12-29 18:00:00,1.17677,1.17679,1.17524,1.17559,46.0,-0.0012000000000000899,1
2025-12-29 19:00:00,1.17559,1.17568,1.17494,1.1752,25.0,-0.00038999999999989043,1
2025-12-29 20:00:00,1.1752,1.1758899999999999,1.17505,1.17573,121.0,0.0005299999999999194,1
2025-12-29 21:00:00,1.17573,1.17681,1.17568,1.17672,121.0,0.0009900000000000464,1
2025-12-29 22:00:00,1.17672,1.17705,1.17642,1.17705,50.0,0.00032999999999994145,1
2025-12-29 23:00:00,1.17704,1.17744,1.17698,1.17721,36.0,0.00017000000000000348,1
2025-12-30 00:00:00,1.17714,1.17714,1.17649,1.17657,-65.0,-0.0006500000000000394,1
2025-12-30 01:00:00,1.17721,1.17741,1.1771099999999999,1.17722,5.0,0.000640000000000196,1
2025-12-30 02:00:00,1.17722,1.1775,1.17714,1.17729,8.0,7.999999999985796e-05,1
2025-12-30 03:00:00,1.17729,1.17749,1.17696,1.17748,3.0,0.0001900000000001345,1
2025-12-30 04:00:00,1.17748,1.17763,1.17715,1.17731,-38.0,-0.00017000000000000348,1
2025-12-30 05:00:00,1.17731,1.17757,1.17703,1.17723,12.0,-8.000000000008001e-05,1
2025-12-30 06:00:00,1.17723,1.17776,1.17715,1.17769,56.0,0.00045999999999990493,1
2025-12-30 07:00:00,1.17769,1.17788,1.17727,1.1775,-15.0,-0.00018999999999991246,1
2025-12-30 08:00:00,1.1775,1.1779600000000001,1.17738,1.17784,31.0,0.00034000000000000696,1
2025-12-30 09:00:00,1.17784,1.17785,1.17662,1.17702,-58.0,-0.0008200000000000429,1
2025-12-30 10:00:00,1.17702,1.17752,1.17658,1.17669,-8.0,-0.00031000000000003247,1
2025-12-30 11:00:00,1.17669,1.17778,1.17641,1.17689,20.0,0.000180000000000069,1
2025-12-30 12:00:00,1.17689,1.17773,1.17687,1.17737,35.0,0.00048000000000003595,1
2025-12-30 13:00:00,1.17737,1.17767,1.17659,1.17666,54.0,-0.0007099999999999884,1
2025-12-30 14:00:00,1.17666,1.17678,1.17606,1.17617,16.0,-0.0004999999999999449,1
2025-12-30 15:00:00,1.17617,1.17678,1.1755200000000001,1.17632,3.0,0.00014999999999987246,1
2025-12-30 16:00:00,1.17632,1.17641,1.17563,1.17633,148.0,2.0000000000131024e-05,1
2025-12-30 17:00:00,1.17633,1.17661,1.17452,1.17597,-81.0,-0.000360000000000138,1
2025-12-30 18:00:00,1.17596,1.17665,1.17543,1.17648,-30.0,0.0005100000000000104,1
2025-12-30 19:00:00,1.17648,1.17666,1.1755,1.17559,-46.0,-0.0008900000000000574,1
2025-12-30 20:00:00,1.17559,1.17593,1.17481,1.17497,13.0,-0.0006199999999998429,1
2025-12-30 21:00:00,1.17496,1.1752799999999999,1.1745,1.17466,69.0,-0.00031000000000003247,1
2025-12-30 22:00:00,1.17466,1.1750099999999999,1.17432,1.17438,43.0,-0.000280000000000058,1
2025-12-30 23:00:00,1.17438,1.17482,1.17436,1.17476,32.0,0.00038000000000004697,1
2025-12-31 00:00:00,1.17476,1.17482,1.17429,1.1746,12.0,-0.00015999999999993797,1
2025-12-31 01:00:00,1.1746,1.17488,1.17449,1.17455,-2.0,-5.0000000000105516e-05,1
2025-12-31 02:00:00,1.17455,1.17476,1.17442,1.1747,32.0,0.0001500000000000945,1
2025-12-31 03:00:00,1.1747,1.17488,1.17415,1.17424,11.0,-0.00045000000000006146,1
2025-12-31 04:00:00,1.17424,1.17424,1.17386,1.174,22.0,-0.0002500000000000835,1
2025-12-31 05:00:00,1.174,1.17434,1.17394,1.17425,26.0,0.0002500000000000835,1
2025-12-31 06:00:00,1.17424,1.17426,1.17329,1.17342,-50.0,-0.0008300000000001084,1
2025-12-31 07:00:00,1.17343,1.17392,1.17342,1.17383,63.0,0.00041000000000002146,1
2025-12-31 08:00:00,1.17383,1.17395,1.17331,1.17373,-31.0,-9.999999999998899e-05,1
2025-12-31 09:00:00,1.17373,1.17385,1.17297,1.1736900000000001,25.0,-3.999999999981796e-05,1
2025-12-31 10:00:00,1.1736900000000001,1.17398,1.17199,1.17229,31.0,-0.0014000000000000679,1
2025-12-31 11:00:00,1.17229,1.17388,1.172,1.17349,77.0,0.0011999999999998678,1
2025-12-31 12:00:00,1.17349,1.17437,1.17285,1.17391,35.0,0.00042000000000008697,1
2025-12-31 13:00:00,1.17392,1.17478,1.17363,1.17472,24.0,0.0008099999999999774,1
2025-12-31 14:00:00,1.17472,1.17592,1.17471,1.1755,73.0,0.0007800000000000029,1
2025-12-31 15:00:00,1.1755,1.17593,1.17414,1.17418,-67.0,-0.0013199999999999878,1
2025-12-31 16:00:00,1.17418,1.17424,1.17272,1.17302,29.0,-0.0011600000000000499,1
2025-12-31 17:00:00,1.17301,1.17461,1.17202,1.1743999999999999,77.0,0.0013899999999997803,1
2025-12-31 18:00:00,1.17441,1.17487,1.17286,1.17347,-118.0,-0.0009299999999998754,1
2025-12-31 19:00:00,1.17348,1.1739,1.17312,1.17358,41.0,0.00017000000000000348,1
2025-12-31 20:00:00,1.17358,1.17388,1.17301,1.17358,8.0,-5.999999999994898e-05,1
2025-12-31 21:00:00,1.17359,1.17431,1.17359,1.17405,19.0,0.0004799999999998139,1
2025-12-31 22:00:00,1.17404,1.17531,1.17399,1.1752,76.0,0.001140000000000141,1
2025-12-31 23:00:00,1.17516,1.17525,1.17446,1.17455,-35.0,-0.0006500000000000394,1
2026-01-02 00:00:00,1.17486,1.1750099999999999,1.17455,1.17471,-26.0,-0.0001500000000000945,1
2026-01-02 01:00:00,1.17481,1.17507,1.1745700000000001,1.17507,51.0,0.000360000000000138,1
2026-01-02 02:00:00,1.17507,1.1756199999999999,1.17499,1.1756,85.0,0.0005299999999999194,1
2026-01-02 03:00:00,1.17561,1.17626,1.17561,1.17607,4.0,0.00046999999999997044,1
2026-01-02 04:00:00,1.17607,1.17636,1.1758,1.17591,60.0,-0.00015999999999993797,1
2026-01-02 05:00:00,1.17591,1.17648,1.1759,1.17642,71.0,0.0004999999999999449,1
2026-01-02 06:00:00,1.17642,1.17646,1.1755,1.17555,-45.0,-0.0008599999999998609,1
2026-01-02 07:00:00,1.17555,1.17576,1.17506,1.17512,-33.0,-0.0004300000000001525,1
2026-01-02 08:00:00,1.17512,1.17512,1.17414,1.17437,-25.0,-0.0007399999999999629,1
2026-01-02 09:00:00,1.17436,1.17469,1.17321,1.17347,53.0,-0.0009099999999999664,1
2026-01-02 10:00:00,1.17347,1.17382,1.17238,1.17286,74.0,-0.0006099999999999994,1
2026-01-02 11:00:00,1.17286,1.17372,1.17205,1.1721300000000001,-135.0,-0.0007200000000000539,1
2026-01-02 12:00:00,1.1721300000000001,1.17236,1.17131,1.17209,-47.0,-2.999999999997449e-05,1
2026-01-02 13:00:00,1.17209,1.17224,1.17151,1.17218,11.0,7.00000000000145e-05,1
2026-01-02 14:00:00,1.17218,1.17271,1.17206,1.17235,77.0,0.00017000000000000348,1
2026-01-02 15:00:00,1.17235,1.1729,1.17181,1.17215,40.0,-0.00019999999999997797,1
2026-01-02 16:00:00,1.17215,1.17305,1.17157,1.17285,38.0,0.0006999999999999229,1
2026-01-02 17:00:00,1.17285,1.1752,1.17283,1.17505,126.0,0.0022100000000000453,1
2026-01-02 18:00:00,1.17505,1.17545,1.17339,1.17372,-47.0,-0.0013399999999998968,1
2026-01-02 19:00:00,1.17372,1.17376,1.1728399999999999,1.17305,-15.0,-0.0006700000000001705,1
2026-01-02 20:00:00,1.17305,1.17312,1.17151,1.1719,-59.0,-0.0011499999999999844,1
2026-01-02 21:00:00,1.1719,1.17242,1.17142,1.17231,122.0,0.00041000000000002146,1
2026-01-02 22:00:00,1.17231,1.17236,1.17151,1.17175,99.0,-0.0005599999999998939,1
2026-01-02 23:00:00,1.17173,1.1723,1.17171,1.17197,15.0,0.00021999999999988695,1
2026-01-05 00:00:00,1.17181,1.17211,1.17094,1.17111,-21.0,-0.0007200000000000539,1
2026-01-05 01:00:00,1.17111,1.1712799999999999,1.17,1.17051,27.0,-0.0005800000000000249,1
2026-01-05 02:00:00,1.17051,1.17109,1.17033,1.17048,-1.0,-2.999999999997449e-05,1
2026-01-05 03:00:00,1.17048,1.17072,1.16996,1.17002,-20.0,-0.00045999999999990493,1
2026-01-05 04:00:00,1.17002,1.17015,1.16838,1.16885,-14.0,-0.001180000000000181,1
2026-01-05 05:00:00,1.16886,1.16907,1.16721,1.1675200000000001,-93.0,-0.0013199999999997658,1
2026-01-05 06:00:00,1.1675200000000001,1.16829,1.16731,1.16818,77.0,0.0006599999999998829,1
2026-01-05 07:00:00,1.16818,1.16858,1.16803,1.16853,18.0,0.0003500000000000725,1
2026-01-05 08:00:00,1.16852,1.1691799999999999,1.1678,1.16909,86.0,0.0005599999999998939,1
2026-01-05 09:00:00,1.16909,1.1692,1.16834,1.16862,-149.0,-0.00046999999999997044,1
2026-01-05 10:00:00,1.16861,1.16949,1.16809,1.16833,3.0,-0.00028999999999990145,1
2026-01-05 11:00:00,1.16832,1.16875,1.16737,1.1682299999999999,56.0,-0.00010000000000021103,1
2026-01-05 12:00:00,1.1682299999999999,1.16901,1.16797,1.16898,116.0,0.0007500000000000284,1
2026-01-05 13:00:00,1.16898,1.16909,1.168,1.16814,40.0,-0.0008399999999999519,1
2026-01-05 14:00:00,1.16814,1.1685,1.16698,1.16707,-84.0,-0.0010699999999999044,1
2026-01-05 15:00:00,1.16706,1.16753,1.16589,1.16743,143.0,0.00035999999999991594,1
2026-01-05 16:00:00,1.16745,1.16873,1.16731,1.16856,9.0,0.0011300000000000754,1
2026-01-05 17:00:00,1.16856,1.17045,1.16852,1.17045,40.0,0.0018899999999999473,1
2026-01-05 18:00:00,1.17045,1.17185,1.1703999999999999,1.17148,-34.0,0.0010300000000000864,1
2026-01-05 19:00:00,1.17148,1.17197,1.171,1.17144,4.0,-4.0000000000040004e-05,1
2026-01-05 20:00:00,1.17144,1.17254,1.17133,1.1724999999999999,64.0,0.0010499999999999954,1
2026-01-05 21:00:00,1.1724999999999999,1.17288,1.17219,1.1727,82.0,0.00019999999999997797,1
2026-01-05 22:00:00,1.1727,1.17286,1.17236,1.1724700000000001,-29.0,-0.00021999999999988695,1
2026-01-05 23:00:00,1.17246,1.17261,1.17192,1.17211,-16.0,-0.000360000000000138,1
2026-01-06 00:00:00,1.17211,1.17224,1.17183,1.17184,-22.0,-0.00026999999999999247,1
2026-01-06 01:00:00,1.1719,1.17215,1.17126,1.17144,-64.0,-0.00039999999999995595,1
2026-01-06 02:00:00,1.17144,1.17169,1.17105,1.17167,50.0,0.00022999999999995246,1
2026-01-06 03:00:00,1.17167,1.17252,1.17121,1.17252,82.0,0.0008500000000000174,1
2026-01-06 04:00:00,1.17252,1.17378,1.1722,1.17373,-1.0,0.0012099999999999334,1
2026-01-06 05:00:00,1.17373,1.1738,1.17323,1.17344,-18.0,-0.00028999999999990145,1
2026-01-06 06:00:00,1.17344,1.17355,1.17313,1.17336,32.0,-8.000000000008001e-05,1
2026-01-06 07:00:00,1.17336,1.1736900000000001,1.17271,1.17286,-47.0,-0.0004999999999999449,1
2026-01-06 08:00:00,1.17287,1.1737,1.17285,1.1736,97.0,0.0007399999999999629,1
2026-01-06 09:00:00,1.17361,1.17427,1.17258,1.1729,-13.0,-0.0006999999999999229,1
2026-01-06 10:00:00,1.17289,1.17388,1.17258,1.17283,15.0,-8.000000000008001e-05,1
2026-01-06 11:00:00,1.17283,1.17289,1.1708,1.17132,16.0,-0.0015000000000000568,1
2026-01-06 12:00:00,1.17132,1.17171,1.17081,1.17127,-108.0,-4.999999999988347e-05,1
2026-01-06 13:00:00,1.17127,1.17131,1.17048,1.17061,-5.0,-0.000660000000000105,1
2026-01-06 14:00:00,1.1706,1.17122,1.16971,1.17012,31.0,-0.0004899999999998794,1
2026-01-06 15:00:00,1.17012,1.17136,1.16973,1.1711,205.0,0.0009799999999999809,1
2026-01-06 16:00:00,1.1711,1.17176,1.16994,1.17089,29.0,-0.00021000000000004349,1
2026-01-06 17:00:00,1.17089,1.17089,1.16838,1.1695,36.0,-0.0013900000000000023,1
2026-01-06 18:00:00,1.16953,1.16982,1.1685699999999999,1.16881,-55.0,-0.0006900000000000794,1
2026-01-06 19:00:00,1.16881,1.17007,1.16868,1.1700599999999999,136.0,0.0012499999999999734,1
2026-01-06 20:00:00,1.1700599999999999,1.17021,1.16868,1.16882,-63.0,-0.0012399999999999078,1
2026-01-06 21:00:00,1.16882,1.1691,1.16838,1.16897,33.0,0.000140000000000029,1
2026-01-06 22:00:00,1.16897,1.16931,1.16864,1.16868,59.0,-0.00026999999999999247,1
2026-01-06 23:00:00,1.16866,1.16885,1.16844,1.16882,3.0,0.00011999999999989797,1
2026-01-07 00:00:00,1.16883,1.16883,1.16846,1.16882,28.0,1.0000000000065512e-05,1
2026-01-07 01:00:00,1.16883,1.16903,1.16866,1.16869,-5.0,-0.00012999999999996348,1
2026-01-07 02:00:00,1.16869,1.16941,1.16852,1.16916,-16.0,0.00046999999999997044,1
2026-01-07 03:00:00,1.16916,1.17004,1.16898,1.16956,74.0,0.00039999999999995595,1
2026-01-07 04:00:00,1.16956,1.17025,1.16951,1.1696,-11.0,4.0000000000040004e-05,1
2026-01-07 05:00:00,1.1696,1.17,1.16958,1.16985,35.0,0.0002500000000000835,1
2026-01-07 06:00:00,1.16985,1.1702,1.16909,1.1691,8.0,-0.0007500000000000284,1
2026-01-07 07:00:00,1.1691,1.16942,1.16907,1.16929,7.0,0.00018999999999991246,1
2026-01-07 08:00:00,1.16929,1.16995,1.1692,1.16974,28.0,0.00045000000000006146,1
2026-01-07 09:00:00,1.16974,1.16987,1.16785,1.16827,-24.0,-0.0014700000000000824,1
2026-01-07 10:00:00,1.16827,1.16875,1.16729,1.1686,26.0,0.0003300000000001635,1
2026-01-07 11:00:00,1.16861,1.16871,1.16811,1.16841,-2.0,-0.0001900000000001345,1
2026-01-07 12:00:00,1.16841,1.16941,1.16832,1.1688399999999999,14.0,0.00042999999999993044,1
2026-01-07 13:00:00,1.16883,1.16927,1.16848,1.16892,-3.0,8.000000000008001e-05,1
2026-01-07 14:00:00,1.16892,1.16913,1.1681,1.16877,-62.0,-0.000140000000000029,1
2026-01-07 15:00:00,1.16877,1.16947,1.1682299999999999,1.16915,146.0,0.00036999999999998145,1
2026-01-07 16:00:00,1.16914,1.16983,1.1687,1.16964,85.0,0.0004900000000001015,1
2026-01-07 17:00:00,1.16965,1.16986,1.16798,1.16902,1.0,-0.0006300000000001305,1
2026-01-07 18:00:00,1.169,1.16929,1.16821,1.16891,73.0,-0.0001100000000000545,1
2026-01-07 19:00:00,1.16891,1.16947,1.1686,1.16879,44.0,-0.00011999999999989797,1
2026-01-07 20:00:00,1.16879,1.16903,1.1682299999999999,1.16829,-53.0,-0.0004999999999999449,1
2026-01-07 21:00:00,1.16829,1.16852,1.16785,1.1682299999999999,58.0,-6.000000000017103e-05,1
2026-01-07 22:00:00,1.1682299999999999,1.16838,1.16788,1.16788,30.0,-0.00034999999999985043,1
2026-01-07 23:00:00,1.16788,1.16788,1.16733,1.16733,-2.0,-0.0005500000000000504,1
2026-01-08 00:00:00,1.16733,1.16776,1.16724,1.16768,12.0,0.0003500000000000725,1
2026-01-08 01:00:00,1.16772,1.16776,1.16748,1.16766,-6.0,-2.0000000000131024e-05,1
2026-01-08 02:00:00,1.16766,1.16779,1.16756,1.16756,-13.0,-9.999999999998899e-05,1
2026-01-08 03:00:00,1.16756,1.16778,1.16727,1.16746,-5.0,-9.999999999998899e-05,1
2026-01-08 04:00:00,1.16746,1.16805,1.16724,1.16801,14.0,0.000520000000000076,1
2026-01-08 05:00:00,1.16801,1.16826,1.1678600000000001,1.16799,11.0,1.0000000000065512e-05,1
2026-01-08 06:00:00,1.16799,1.16809,1.16777,1.16802,27.0,2.999999999997449e-05,1
2026-01-08 07:00:00,1.16802,1.16827,1.16772,1.1682299999999999,32.0,0.00022999999999995246,1
2026-01-08 08:00:00,1.1682299999999999,1.16829,1.16747,1.16815,-15.0,-9.999999999998899e-05,1
2026-01-08 09:00:00,1.16815,1.16828,1.1677,1.16777,-47.0,-0.00038000000000004697,1
2026-01-08 10:00:00,1.16777,1.16789,1.16688,1.16713,-12.0,-0.0006399999999999739,1
2026-01-08 11:00:00,1.16713,1.16769,1.1669100000000001,1.16766,69.0,0.0005299999999999194,1
2026-01-08 12:00:00,1.16766,1.16819,1.16756,1.16798,-65.0,0.000320000000000098,1
2026-01-08 13:00:00,1.16798,1.16803,1.1675,1.16774,-64.0,-0.00024000000000001798,1
2026-01-08 14:00:00,1.16774,1.16778,1.16696,1.16731,2.0,-0.00042999999999993044,1
2026-01-08 15:00:00,1.16731,1.16778,1.16582,1.16628,-34.0,-0.0010300000000000864,1
2026-01-08 16:00:00,1.16627,1.16665,1.16561,1.16645,45.0,0.00017000000000000348,1
2026-01-08 17:00:00,1.16645,1.16737,1.16606,1.1666400000000001,19.0,0.0001900000000001345,1
2026-01-08 18:00:00,1.1666400000000001,1.16675,1.16524,1.16544,105.0,-0.0012000000000000899,1
2026-01-08 19:00:00,1.16544,1.16555,1.16435,1.16505,12.0,-0.0003900000000001125,1
2026-01-08 20:00:00,1.16505,1.16532,1.16446,1.1645,-27.0,-0.0005499999999998284,1
2026-01-08 21:00:00,1.1645,1.16506,1.16425,1.165,20.0,0.0004999999999999449,1
2026-01-08 22:00:00,1.165,1.16546,1.16497,1.16511,39.0,0.00011999999999989797,1
2026-01-08 23:00:00,1.16511,1.16623,1.16504,1.16593,53.0,0.0008099999999999774,1
2026-01-09 00:00:00,1.16593,1.16598,1.16553,1.1658,3.0,-0.00012999999999996348,1
2026-01-09 01:00:00,1.1658,1.16621,1.16563,1.1657899999999999,-37.0,-2.999999999997449e-05,1
2026-01-09 02:00:00,1.1657899999999999,1.1657899999999999,1.16533,1.16534,-10.0,-0.00042999999999993044,1
2026-01-09 03:00:00,1.16534,1.1657,1.16482,1.16489,-14.0,-0.00045000000000006146,1
2026-01-09 04:00:00,1.1649,1.16546,1.16458,1.16541,11.0,0.0005300000000001415,1
2026-01-09 05:00:00,1.16541,1.1659,1.16536,1.1656,52.0,0.00017999999999984695,1
2026-01-09 06:00:00,1.16559,1.16567,1.16517,1.16541,39.0,-0.00018999999999991246,1
2026-01-09 07:00:00,1.16541,1.16561,1.16499,1.1651,12.0,-0.00031000000000003247,1
2026-01-09 08:00:00,1.1651,1.16526,1.16482,1.16488,-14.0,-0.000220000000000109,1
2026-01-09 09:00:00,1.16488,1.16507,1.16399,1.16506,68.0,0.000180000000000069,1
2026-01-09 10:00:00,1.16506,1.1653,1.16411,1.16488,66.0,-0.000180000000000069,1
2026-01-09 11:00:00,1.16489,1.16501,1.16421,1.16422,-21.0,-0.0006599999999998829,1
2026-01-09 12:00:00,1.1642299999999999,1.16467,1.16367,1.16467,46.0,0.00045000000000006146,1
2026-01-09 13:00:00,1.16467,1.16469,1.16415,1.1646,4.0,-7.00000000000145e-05,1
2026-01-09 14:00:00,1.1646,1.16461,1.16397,1.16412,-19.0,-0.00048000000000003595,1
2026-01-09 15:00:00,1.16412,1.16606,1.16251,1.16452,-29.0,0.00039999999999995595,1
2026-01-09 16:00:00,1.16452,1.16525,1.1629800000000001,1.16364,-27.0,-0.0008799999999999919,1
2026-01-09 17:00:00,1.16364,1.16408,1.1618,1.16404,231.0,0.00039999999999995595,1
2026-01-09 18:00:00,1.16404,1.16433,1.16281,1.16332,82.0,-0.0007200000000000539,1
2026-01-09 19:00:00,1.16331,1.16344,1.16276,1.16315,14.0,-0.00018999999999991246,1
2026-01-09 20:00:00,1.16316,1.16399,1.16309,1.16338,-14.0,0.0002500000000000835,1
2026-01-09 21:00:00,1.16338,1.16387,1.1633,1.16346,-41.0,7.999999999985796e-05,1
2026-01-09 22:00:00,1.16346,1.16377,1.16339,1.16345,1.0,-9.999999999843467e-06,1
2026-01-09 23:00:00,1.16345,1.16371,1.16292,1.16367,16.0,0.00021999999999988695,1
2026-01-12 00:00:00,1.16253,1.16333,1.16253,1.16313,16.0,0.0005999999999999339,1
2026-01-12 01:00:00,1.16313,1.16349,1.16229,1.16236,2.0,-0.0007800000000000029,1
2026-01-12 02:00:00,1.16236,1.16648,1.16214,1.16645,20.0,0.0040999999999999925,1
2026-01-12 03:00:00,1.16645,1.16712,1.16554,1.16559,-117.0,-0.0008600000000000829,1
2026-01-12 04:00:00,1.16558,1.16643,1.16537,1.16546,-13.0,-0.00012999999999996348,1
2026-01-12 05:00:00,1.16546,1.1659,1.16546,1.16551,64.0,5.0000000000105516e-05,1
2026-01-12 06:00:00,1.16551,1.16582,1.16528,1.16556,-7.0,4.999999999988347e-05,1
2026-01-12 07:00:00,1.16556,1.16709,1.16556,1.1669100000000001,33.0,0.0013500000000001844,1
2026-01-12 08:00:00,1.1669,1.16728,1.16639,1.16696,15.0,4.999999999988347e-05,1
2026-01-12 09:00:00,1.16696,1.16875,1.16684,1.16848,39.0,0.0015199999999999658,1
2026-01-12 10:00:00,1.16848,1.16917,1.16758,1.1688,43.0,0.000320000000000098,1
2026-01-12 11:00:00,1.1688,1.16956,1.16811,1.16817,-112.0,-0.0006200000000000649,1
2026-01-12 12:00:00,1.16817,1.16854,1.16757,1.16854,-2.0,0.00035999999999991594,1
2026-01-12 13:00:00,1.16854,1.16894,1.16756,1.16784,21.0,-0.0006999999999999229,1
2026-01-12 14:00:00,1.16784,1.16875,1.16769,1.1681300000000001,88.0,0.0002900000000001235,1
2026-01-12 15:00:00,1.16812,1.16985,1.16777,1.16927,35.0,0.0011399999999999189,1
2026-01-12 16:00:00,1.16927,1.16927,1.16739,1.16771,47.0,-0.0015600000000000058,1
2026-01-12 17:00:00,1.16774,1.16859,1.16728,1.1681,71.0,0.00035999999999991594,1
2026-01-12 18:00:00,1.1681,1.1682,1.16712,1.16717,-20.0,-0.0009299999999998754,1
2026-01-12 19:00:00,1.16717,1.16758,1.16659,1.16684,2.0,-0.00032999999999994145,1
2026-01-12 20:00:00,1.16684,1.16714,1.1665,1.16688,91.0,3.999999999981796e-05,1
2026-01-12 21:00:00,1.16687,1.16737,1.16677,1.1672,35.0,0.000320000000000098,1
2026-01-12 22:00:00,1.1672,1.1673,1.16629,1.1665,-15.0,-0.0007099999999999884,1
2026-01-12 23:00:00,1.16649,1.16685,1.1663999999999999,1.16663,12.0,0.000140000000000029,1
2026-01-13 00:00:00,1.16663,1.16693,1.16657,1.1668,23.0,0.00017000000000000348,1
2026-01-13 01:00:00,1.16683,1.16706,1.16652,1.16673,-41.0,-7.00000000000145e-05,1
2026-01-13 02:00:00,1.16673,1.1667399999999999,1.16606,1.16635,4.0,-0.00038000000000004697,1
2026-01-13 03:00:00,1.16636,1.16643,1.16561,1.16583,-36.0,-0.0005399999999999849,1
2026-01-13 04:00:00,1.16583,1.16611,1.16567,1.16589,23.0,8.000000000008001e-05,1
2026-01-13 05:00:00,1.16589,1.16634,1.16564,1.16586,3.0,-3.0000000000196536e-05,1
2026-01-13 06:00:00,1.16586,1.16657,1.16583,1.16653,66.0,0.0006700000000001705,1
2026-01-13 07:00:00,1.16654,1.1667399999999999,1.16615,1.16625,-23.0,-0.000280000000000058,1
2026-01-13 08:00:00,1.16626,1.16627,1.16537,1.16587,3.0,-0.00038000000000004697,1
2026-01-13 09:00:00,1.16587,1.16649,1.16558,1.1663999999999999,33.0,0.0005399999999999849,1
2026-01-13 10:00:00,1.16641,1.1669100000000001,1.16584,1.1669,-67.0,0.0004900000000001015,1
2026-01-13 11:00:00,1.16689,1.16726,1.16633,1.16718,68.0,0.000280000000000058,1
2026-01-13 12:00:00,1.16718,1.16743,1.16649,1.16663,25.0,-0.0005500000000000504,1
2026-01-13 13:00:00,1.16663,1.16703,1.16645,1.16684,-2.0,0.00021000000000004349,1
2026-01-13 14:00:00,1.16684,1.1669100000000001,1.16529,1.1655,-65.0,-0.0013400000000001189,1
2026-01-13 15:00:00,1.1655,1.16775,1.165,1.16684,67.0,0.0013400000000001189,1
2026-01-13 16:00:00,1.16684,1.16733,1.16573,1.16637,-8.0,-0.0004700000000001925,1
2026-01-13 17:00:00,1.16637,1.16648,1.1644,1.1652,119.0,-0.0011699999999998933,1
2026-01-13 18:00:00,1.1652,1.16545,1.16341,1.16456,63.0,-0.0006399999999999739,1
2026-01-13 19:00:00,1.16456,1.16486,1.16411,1.16459,35.0,2.999999999997449e-05,1
2026-01-13 20:00:00,1.1646,1.16545,1.16414,1.16531,70.0,0.0007200000000000539,1
2026-01-13 21:00:00,1.16531,1.16533,1.1646,1.1649,26.0,-0.00042000000000008697,1
2026-01-13 22:00:00,1.1649,1.16499,1.16451,1.16453,38.0,-0.00035999999999991594,1
2026-01-13 23:00:00,1.16453,1.16463,1.16419,1.1642000000000001,-37.0,-0.00032999999999994145,1
2026-01-14 00:00:00,1.1642000000000001,1.16442,1.16413,1.16436,-12.0,0.00015999999999993797,1
2026-01-14 01:00:00,1.16443,1.16454,1.16418,1.16418,-17.0,-0.000180000000000069,1
2026-01-14 02:00:00,1.16418,1.16435,1.16379,1.16428,38.0,9.999999999998899e-05,1
2026-01-14 03:00:00,1.16429,1.16432,1.16367,1.16379,-51.0,-0.0004899999999998794,1
2026-01-14 04:00:00,1.16379,1.16444,1.1636,1.16434,0.0,0.0005499999999998284,1
2026-01-14 05:00:00,1.16434,1.16488,1.16434,1.16468,-25.0,0.00034000000000000696,1
2026-01-14 06:00:00,1.16468,1.16479,1.16434,1.16439,0.0,-0.00028999999999990145,1
2026-01-14 07:00:00,1.16439,1.1645,1.16415,1.16418,-2.0,-0.00021000000000004349,1
2026-01-14 08:00:00,1.16418,1.165,1.16413,1.16489,60.0,0.0007099999999999884,1
2026-01-14 09:00:00,1.16489,1.16519,1.16444,1.1646,-9.0,-0.00028999999999990145,1
2026-01-14 10:00:00,1.1646,1.16504,1.16409,1.16475,14.0,0.00014999999999987246,1
2026-01-14 11:00:00,1.16475,1.16537,1.16459,1.16516,51.0,0.00041000000000002146,1
2026-01-14 12:00:00,1.16517,1.16578,1.16467,1.1655,-7.0,0.00034000000000000696,1
2026-01-14 13:00:00,1.1655,1.1655,1.16437,1.16469,-93.0,-0.0008200000000000429,1
2026-01-14 14:00:00,1.16469,1.16599,1.16449,1.16596,93.0,0.0012800000000001699,1
2026-01-14 15:00:00,1.16596,1.16597,1.16448,1.165,-23.0,-0.0009600000000000719,1
2026-01-14 16:00:00,1.165,1.16598,1.16487,1.16557,-21.0,0.0005699999999999594,1
2026-01-14 17:00:00,1.16556,1.16605,1.16492,1.16597,25.0,0.00041000000000002146,1
2026-01-14 18:00:00,1.16598,1.16616,1.16525,1.16544,28.0,-0.0005299999999999194,1
2026-01-14 19:00:00,1.16544,1.16556,1.16453,1.16467,-37.0,-0.0007699999999999374,1
2026-01-14 20:00:00,1.16466,1.16477,1.16378,1.16378,36.0,-0.0008900000000000574,1
2026-01-14 21:00:00,1.16377,1.16393,1.16352,1.16361,12.0,-0.00017000000000000348,1
2026-01-14 22:00:00,1.16361,1.16472,1.16361,1.16432,90.0,0.0007099999999999884,1
2026-01-14 23:00:00,1.16432,1.1646,1.16419,1.16437,-1.0,2.999999999997449e-05,1
2026-01-15 00:00:00,1.16438,1.16465,1.16389,1.16438,13.0,2.999999999997449e-05,1
2026-01-15 01:00:00,1.16446,1.16468,1.16443,1.1644700000000001,39.0,0.00012000000000012001,1
2026-01-15 02:00:00,1.16448,1.16454,1.16355,1.16375,-44.0,-0.0007500000000000284,1
2026-01-15 03:00:00,1.16375,1.16417,1.16331,1.16384,55.0,8.999999999992347e-05,1
2026-01-15 04:00:00,1.16384,1.16406,1.16361,1.16401,-8.0,0.00017000000000000348,1
2026-01-15 05:00:00,1.16401,1.16414,1.16368,1.1638600000000001,2.0,-0.00014999999999987246,1
2026-01-15 06:00:00,1.1638600000000001,1.16392,1.16341,1.16344,-6.0,-0.00042000000000008697,1
2026-01-15 07:00:00,1.16344,1.16378,1.16334,1.16351,-17.0,7.00000000000145e-05,1
2026-01-15 08:00:00,1.16351,1.16382,1.1629800000000001,1.16329,-37.0,-0.000220000000000109,1
2026-01-15 09:00:00,1.16329,1.16365,1.16259,1.16287,-2.0,-0.00039999999999995595,1
2026-01-15 10:00:00,1.16286,1.16353,1.16268,1.16307,-7.0,0.000180000000000069,1
2026-01-15 11:00:00,1.16307,1.16397,1.16303,1.16356,-42.0,0.0004899999999998794,1
2026-01-15 12:00:00,1.16355,1.16409,1.16328,1.16357,-56.0,2.0000000000131024e-05,1
2026-01-15 13:00:00,1.16356,1.16379,1.163,1.16308,70.0,-0.000500000000000167,1
2026-01-15 14:00:00,1.16308,1.1635,1.16251,1.16252,-49.0,-0.0005599999999998939,1
2026-01-15 15:00:00,1.16236,1.16236,1.15987,1.16012,117.0,-0.0023999999999999577,1
2026-01-15 16:00:00,1.16014,1.1610800000000001,1.15929,1.1601,91.0,-2.0000000000131024e-05,1
2026-01-15 17:00:00,1.1601,1.16094,1.1597,1.16022,-50.0,0.00012000000000012001,1
2026-01-15 18:00:00,1.16022,1.16109,1.15982,1.16044,49.0,0.00021999999999988695,1
2026-01-15 19:00:00,1.16045,1.16137,1.16034,1.16089,23.0,0.0004300000000001525,1
2026-01-15 20:00:00,1.16089,1.1615199999999999,1.16089,1.16147,27.0,0.0005999999999999339,1
2026-01-15 21:00:00,1.16147,1.16173,1.1611,1.16136,2.0,-0.0001100000000000545,1
2026-01-15 22:00:00,1.16136,1.16154,1.16028,1.16042,-23.0,-0.0009399999999999409,1
2026-01-15 23:00:00,1.16042,1.16107,1.16031,1.16077,-12.0,0.00035999999999991594,1
2026-01-16 00:00:00,1.16077,1.16085,1.1605699999999999,1.16071,28.0,-7.00000000000145e-05,1
2026-01-16 01:00:00,1.16077,1.161,1.16069,1.16089,-9.0,0.000180000000000069,1
2026-01-16 02:00:00,1.16089,1.16094,1.16025,1.16036,-12.0,-0.0005299999999999194,1
2026-01-16 03:00:00,1.16037,1.16085,1.16022,1.16068,64.0,0.00031999999999987594,1
2026-01-16 04:00:00,1.16068,1.1614,1.16061,1.16094,-46.0,0.000260000000000149,1
2026-01-16 05:00:00,1.16094,1.16124,1.16068,1.16119,27.0,0.00024999999999986144,1
2026-01-16 06:00:00,1.16119,1.16135,1.161,1.1610800000000001,46.0,-0.00010999999999983245,1
2026-01-16 07:00:00,1.1610800000000001,1.16111,1.16058,1.16065,-61.0,-0.0004300000000001525,1
2026-01-16 08:00:00,1.16065,1.16096,1.16041,1.16093,18.0,0.000280000000000058,1
2026-01-16 09:00:00,1.16093,1.16146,1.1608,1.16121,-65.0,0.00026999999999999247,1
2026-01-16 10:00:00,1.16121,1.16146,1.16084,1.1609099999999999,-22.0,-0.0002900000000001235,1
2026-01-16 11:00:00,1.1609,1.1615,1.16079,1.16082,2.0,-8.999999999992347e-05,1
2026-01-16 12:00:00,1.16086,1.16176,1.16079,1.16129,78.0,0.00046999999999997044,1
2026-01-16 13:00:00,1.16129,1.16235,1.16126,1.16191,70.0,0.0006200000000000649,1
2026-01-16 14:00:00,1.16191,1.16222,1.16134,1.1619,-6.0,1.0000000000065512e-05,1
2026-01-16 15:00:00,1.1619,1.16211,1.16115,1.16185,66.0,-7.00000000000145e-05,1
2026-01-16 16:00:00,1.16185,1.16205,1.16124,1.1618,110.0,-5.0000000000105516e-05,1
2026-01-16 17:00:00,1.1618,1.16273,1.15843,1.15933,115.0,-0.0024699999999999722,1
2026-01-16 18:00:00,1.15933,1.1605699999999999,1.15933,1.15982,68.0,0.0004900000000001015,1
2026-01-16 19:00:00,1.15982,1.16027,1.15948,1.15955,62.0,-0.00026999999999999247,1
2026-01-16 20:00:00,1.15955,1.15992,1.15893,1.15955,54.0,0.0,1
2026-01-16 21:00:00,1.15955,1.15973,1.15915,1.15962,-50.0,7.00000000000145e-05,1
2026-01-16 22:00:00,1.15962,1.16022,1.15954,1.15993,68.0,0.00030999999999981043,1
2026-01-16 23:00:00,1.15993,1.1602000000000001,1.15972,1.15985,40.0,-7.999999999985796e-05,1
2026-01-19 00:00:00,1.15818,1.15863,1.15775,1.15838,69.0,0.00019999999999997797,1
2026-01-19 01:00:00,1.15838,1.16269,1.15792,1.16242,218.0,0.0040400000000000436,1
2026-01-19 02:00:00,1.16243,1.16378,1.16044,1.16318,-176.0,0.0007600000000000939,1
2026-01-19 03:00:00,1.16318,1.16343,1.16219,1.16224,55.0,-0.0009400000000001629,1
2026-01-19 04:00:00,1.16224,1.16238,1.16155,1.16174,19.0,-0.0005100000000000104,1
2026-01-19 05:00:00,1.16174,1.1626,1.16159,1.16244,-25.0,0.0007099999999999884,1
2026-01-19 06:00:00,1.16244,1.1633499999999999,1.16243,1.16328,66.0,0.0008400000000001739,1
2026-01-19 07:00:00,1.16331,1.16374,1.16266,1.1627399999999999,-53.0,-0.000540000000000207,1
2026-01-19 08:00:00,1.16273,1.16324,1.16248,1.16278,14.0,4.0000000000040004e-05,1
2026-01-19 09:00:00,1.16279,1.16413,1.16229,1.1626,-38.0,-0.00017999999999984695,1
2026-01-19 10:00:00,1.1626,1.16278,1.16183,1.16249,-141.0,-0.0001100000000000545,1
2026-01-19 11:00:00,1.16249,1.16297,1.1611,1.16242,69.0,-7.00000000000145e-05,1
2026-01-19 12:00:00,1.16242,1.16286,1.16219,1.16238,15.0,-4.0000000000040004e-05,1
2026-01-19 13:00:00,1.16238,1.16289,1.162,1.16277,-74.0,0.0003900000000001125,1
2026-01-19 14:00:00,1.16278,1.16332,1.16251,1.16256,-37.0,-0.00021000000000004349,1
2026-01-19 15:00:00,1.16256,1.16354,1.16256,1.16318,38.0,0.0006200000000000649,1
2026-01-19 16:00:00,1.16318,1.16426,1.16302,1.16398,12.0,0.0007999999999999119,1
2026-01-19 17:00:00,1.16398,1.16434,1.16317,1.16398,-119.0,1.0000000000065512e-05,1
2026-01-19 18:00:00,1.16398,1.16473,1.16376,1.16418,-77.0,0.00018999999999991246,1
2026-01-19 19:00:00,1.16418,1.16466,1.1639599999999999,1.16458,48.0,0.00039999999999995595,1
2026-01-19 20:00:00,1.1645699999999999,1.16487,1.16431,1.16431,-32.0,-0.00026999999999999247,1
2026-01-19 21:00:00,1.16431,1.16468,1.16425,1.1643,6.0,-1.0000000000065512e-05,1
2026-01-19 22:00:00,1.1643,1.16452,1.16417,1.16451,27.0,0.00021000000000004349,1
2026-01-19 23:00:00,1.16451,1.16462,1.16427,1.16448,6.0,-7.999999999985796e-05,1
2026-01-20 00:00:00,1.16448,1.16469,1.16415,1.1644700000000001,-18.0,4.0000000000040004e-05,1
2026-01-20 01:00:00,1.16448,1.16461,1.16382,1.16392,-50.0,-0.0005500000000000504,1
2026-01-20 02:00:00,1.16392,1.16408,1.1632500000000001,1.16401,34.0,8.999999999992347e-05,1
2026-01-20 03:00:00,1.16402,1.16438,1.16388,1.16436,17.0,0.0003500000000000725,1
2026-01-20 04:00:00,1.16436,1.16462,1.16403,1.16442,2.0,5.999999999994898e-05,1
2026-01-20 05:00:00,1.16442,1.16585,1.16439,1.16563,86.0,0.0012099999999999334,1
2026-01-20 06:00:00,1.16563,1.16665,1.16558,1.16654,84.0,0.0009099999999999664,1
2026-01-20 07:00:00,1.16654,1.16724,1.16628,1.1663000000000001,-32.0,-0.00023999999999979593,1
2026-01-20 08:00:00,1.1663000000000001,1.1669,1.1662,1.16684,69.0,0.0005399999999999849,1
2026-01-20 09:00:00,1.16684,1.16937,1.16638,1.16886,-98.0,0.0020199999999999108,1
2026-01-20 10:00:00,1.16886,1.17218,1.16871,1.1716199999999999,-138.0,0.002769999999999939,1
2026-01-20 11:00:00,1.1716199999999999,1.17328,1.17156,1.17261,19.0,0.0009799999999999809,1
2026-01-20 12:00:00,1.17261,1.17319,1.1715200000000001,1.1731,73.0,0.0004900000000001015,1
2026-01-20 13:00:00,1.17311,1.17389,1.1722299999999999,1.17348,21.0,0.00038000000000004697,1
2026-01-20 14:00:00,1.17348,1.17437,1.17255,1.17258,-50.0,-0.0009000000000001229,1
2026-01-20 15:00:00,1.17259,1.17688,1.17183,1.17332,-157.0,0.0007399999999999629,1
2026-01-20 16:00:00,1.17332,1.17368,1.17153,1.17192,156.0,-0.0013999999999998458,1
2026-01-20 17:00:00,1.17191,1.17371,1.17161,1.17269,23.0,0.0007800000000000029,1
2026-01-20 18:00:00,1.17269,1.17393,1.17268,1.17388,6.0,0.0011900000000000244,1
2026-01-20 19:00:00,1.17388,1.17427,1.17296,1.17314,-1.0,-0.0007399999999999629,1
2026-01-20 20:00:00,1.17314,1.1734,1.17264,1.17266,25.0,-0.0004900000000001015,1
2026-01-20 21:00:00,1.17266,1.17279,1.17112,1.17121,-81.0,-0.0014399999999998858,1
2026-01-20 22:00:00,1.17122,1.17203,1.17107,1.17194,102.0,0.0007299999999998974,1
2026-01-20 23:00:00,1.17194,1.17266,1.17172,1.17241,51.0,0.00046999999999997044,1
2026-01-21 00:00:00,1.17241,1.17255,1.17198,1.17206,12.0,-0.00034999999999985043,1
2026-01-21 01:00:00,1.17218,1.17287,1.17215,1.1727,-4.0,0.0006399999999999739,1
2026-01-21 02:00:00,1.1727,1.17271,1.17164,1.17235,-4.0,-0.0003500000000000725,1
2026-01-21 03:00:00,1.17235,1.17341,1.17225,1.17288,-6.0,0.0005299999999999194,1
2026-01-21 04:00:00,1.17288,1.17316,1.17241,1.17262,5.0,-0.00025999999999992696,1
2026-01-21 05:00:00,1.17262,1.17287,1.17103,1.17187,-51.0,-0.0007500000000000284,1
2026-01-21 06:00:00,1.17187,1.17203,1.17139,1.1718,18.0,-7.00000000000145e-05,1
2026-01-21 07:00:00,1.17179,1.17215,1.17154,1.17172,-30.0,-7.999999999985796e-05,1
2026-01-21 08:00:00,1.17172,1.1724999999999999,1.1715200000000001,1.17237,111.0,0.0006499999999998174,1
2026-01-21 09:00:00,1.17237,1.17253,1.17099,1.17168,-48.0,-0.0006899999999998574,1
2026-01-21 10:00:00,1.17167,1.1718600000000001,1.17049,1.17109,-76.0,-0.0005900000000000905,1
2026-01-21 11:00:00,1.17109,1.17124,1.17045,1.17055,-57.0,-0.0005399999999999849,1
2026-01-21 12:00:00,1.17055,1.17084,1.17013,1.17069,34.0,0.000140000000000029,1
2026-01-21 13:00:00,1.17069,1.17204,1.17038,1.17141,62.0,0.0007200000000000539,1
2026-01-21 14:00:00,1.17141,1.17357,1.1712,1.17346,101.0,0.0020499999999998852,1
2026-01-21 15:00:00,1.17346,1.1743000000000001,1.17285,1.17395,20.0,0.00045000000000006146,1
2026-01-21 16:00:00,1.17394,1.1740599999999999,1.1715,1.17245,-1.0,-0.0014600000000000168,1
2026-01-21 17:00:00,1.17245,1.17285,1.17004,1.1702,-109.0,-0.0022500000000000853,1
2026-01-21 18:00:00,1.1702,1.17107,1.1694499999999999,1.17031,91.0,0.0001100000000000545,1
2026-01-21 19:00:00,1.17031,1.17114,1.1697,1.17027,11.0,-2.999999999997449e-05,1
2026-01-21 20:00:00,1.17027,1.17032,1.1693500000000001,1.16968,-67.0,-0.0006099999999999994,1
2026-01-21 21:00:00,1.16967,1.17053,1.16768,1.16913,37.0,-0.0005299999999999194,1
2026-01-21 22:00:00,1.16913,1.1692,1.1676199999999999,1.16868,11.0,-0.00046999999999997044,1
2026-01-21 23:00:00,1.16868,1.16892,1.1682,1.1682,-31.0,-0.0004700000000001925,1
2026-01-22 00:00:00,1.1682,1.16862,1.1681300000000001,1.1684700000000001,39.0,0.0002700000000002145,1
2026-01-22 01:00:00,1.16851,1.16853,1.16697,1.16727,-41.0,-0.0012000000000000899,1
2026-01-22 02:00:00,1.16727,1.16897,1.16726,1.16873,79.0,0.0014600000000000168,1
2026-01-22 03:00:00,1.16873,1.169,1.16811,1.16887,-5.0,0.000140000000000029,1
2026-01-22 04:00:00,1.16887,1.16934,1.16831,1.16855,-48.0,-0.000320000000000098,1
2026-01-22 05:00:00,1.16855,1.16902,1.16848,1.16888,51.0,0.00032999999999994145,1
2026-01-22 06:00:00,1.16888,1.16971,1.16887,1.16913,10.0,0.0002500000000000835,1
2026-01-22 07:00:00,1.16913,1.1691799999999999,1.16842,1.16881,-17.0,-0.000320000000000098,1
2026-01-22 08:00:00,1.16881,1.16917,1.16841,1.1688399999999999,27.0,2.999999999997449e-05,1
2026-01-22 09:00:00,1.1688399999999999,1.16959,1.1684700000000001,1.16904,24.0,0.00020000000000020002,1
2026-01-22 10:00:00,1.16904,1.16948,1.16839,1.16887,1.0,-0.00017000000000000348,1
2026-01-22 11:00:00,1.16888,1.16974,1.16875,1.16924,-19.0,0.00036999999999998145,1
2026-01-22 12:00:00,1.16924,1.16955,1.16865,1.16952,-23.0,0.00027999999999983594,1
2026-01-22 13:00:00,1.16951,1.17041,1.16903,1.17022,41.0,0.000700000000000145,1
2026-01-22 14:00:00,1.17022,1.1709100000000001,1.16998,1.17037,-94.0,0.00012999999999996348,1
2026-01-22 15:00:00,1.17037,1.1718600000000001,1.17028,1.17137,122.0,0.0010200000000000209,1
2026-01-22 16:00:00,1.17138,1.17255,1.17107,1.17196,-126.0,0.0005899999999998684,1
2026-01-22 17:00:00,1.17196,1.17339,1.17185,1.17338,-19.0,0.0014100000000001334,1
2026-01-22 18:00:00,1.17338,1.17506,1.17333,1.17386,-17.0,0.0004899999999998794,1
2026-01-22 19:00:00,1.17386,1.17478,1.17268,1.17464,42.0,0.0007800000000000029,1
2026-01-22 20:00:00,1.17463,1.17486,1.17432,1.17473,-10.0,9.000000000014552e-05,1
2026-01-22 21:00:00,1.17473,1.17479,1.17412,1.1743999999999999,-20.0,-0.0003300000000001635,1
2026-01-22 22:00:00,1.1743999999999999,1.17527,1.1742,1.17487,105.0,0.0004700000000001925,1
2026-01-22 23:00:00,1.17487,1.1756,1.17468,1.17544,-2.0,0.0005999999999999339,1
2026-01-23 00:00:00,1.17544,1.1756,1.17487,1.17557,19.0,9.999999999998899e-05,1
2026-01-23 01:00:00,1.17559,1.17591,1.1753,1.17536,-50.0,-0.00021000000000004349,1
2026-01-23 02:00:00,1.17536,1.17536,1.17477,1.17479,-76.0,-0.0005699999999999594,1
2026-01-23 03:00:00,1.17479,1.17536,1.17468,1.1749100000000001,-8.0,0.00012000000000012001,1
2026-01-23 04:00:00,1.1749100000000001,1.17498,1.17437,1.17452,10.0,-0.0003900000000001125,1
2026-01-23 05:00:00,1.17452,1.17486,1.17433,1.17433,-18.0,-0.00018999999999991246,1
2026-01-23 06:00:00,1.17433,1.17509,1.17429,1.17498,49.0,0.0006499999999998174,1
2026-01-23 07:00:00,1.17498,1.17538,1.17496,1.17507,5.0,9.000000000014552e-05,1
2026-01-23 08:00:00,1.17507,1.17527,1.17412,1.17418,-101.0,-0.0008900000000000574,1
2026-01-23 09:00:00,1.17418,1.17472,1.17348,1.1736,-22.0,-0.0005800000000000249,1
2026-01-23 10:00:00,1.17359,1.17451,1.17282,1.17399,73.0,0.00042999999999993044,1
2026-01-23 11:00:00,1.17399,1.17449,1.17349,1.17351,-42.0,-0.0005199999999998539,1
2026-01-23 12:00:00,1.17351,1.17359,1.17299,1.1734499999999999,3.0,-6.000000000017103e-05,1
2026-01-23 13:00:00,1.17344,1.17404,1.17306,1.17372,8.0,0.0002700000000002145,1
2026-01-23 14:00:00,1.17372,1.17442,1.17364,1.17423,42.0,0.0005399999999999849,1
2026-01-23 15:00:00,1.17424,1.17472,1.17328,1.1734,-9.0,-0.0008500000000000174,1
2026-01-23 16:00:00,1.1734,1.1748,1.17318,1.17462,58.0,0.0012099999999999334,1
2026-01-23 17:00:00,1.17463,1.1761300000000001,1.17456,1.17581,27.0,0.0011799999999999589,1
2026-01-23 18:00:00,1.17581,1.17751,1.17463,1.17705,60.0,0.0012399999999999078,1
2026-01-23 19:00:00,1.17705,1.17988,1.1769,1.17942,-19.0,0.0023699999999999832,1
2026-01-23 20:00:00,1.17942,1.17954,1.1777199999999999,1.1792,-67.0,-0.00020999999999982144,1
2026-01-23 21:00:00,1.1792,1.18149,1.17914,1.18115,69.0,0.0019399999999998307,1
2026-01-23 22:00:00,1.18115,1.18265,1.18098,1.18211,-6.0,0.0009600000000000719,1
2026-01-23 23:00:00,1.18209,1.18334,1.18207,1.18303,-57.0,0.0009200000000000319,1
2026-01-26 00:00:00,1.18632,1.18916,1.18502,1.18888,29.0,0.0025599999999998957,1
2026-01-26 01:00:00,1.18888,1.18976,1.18543,1.18601,60.0,-0.0028799999999999937,1
2026-01-26 02:00:00,1.18601,1.1863,1.18442,1.1861,75.0,9.999999999998899e-05,1
2026-01-26 03:00:00,1.18611,1.1869,1.18546,1.18576,68.0,-0.00034000000000000696,1
2026-01-26 04:00:00,1.18576,1.18763,1.18557,1.18674,-36.0,0.0009799999999999809,1
2026-01-26 05:00:00,1.18675,1.18675,1.1858,1.18621,43.0,-0.0005299999999999194,1
2026-01-26 06:00:00,1.18622,1.18691,1.18554,1.18589,12.0,-0.00031999999999987594,1
2026-01-26 07:00:00,1.18588,1.18697,1.18577,1.18648,119.0,0.0005899999999998684,1
2026-01-26 08:00:00,1.18648,1.18655,1.18506,1.18515,-162.0,-0.0013300000000000534,1
2026-01-26 09:00:00,1.18515,1.18626,1.18364,1.18388,-171.0,-0.0012699999999998823,1
2026-01-26 10:00:00,1.18388,1.18596,1.18381,1.18534,21.0,0.0014600000000000168,1
2026-01-26 11:00:00,1.18534,1.18674,1.18419,1.18636,-46.0,0.0010200000000000209,1
2026-01-26 12:00:00,1.18637,1.18652,1.18533,1.18605,20.0,-0.00031000000000003247,1
2026-01-26 13:00:00,1.18605,1.18605,1.18484,1.18557,29.0,-0.00048000000000003595,1
2026-01-26 14:00:00,1.18557,1.1857199999999999,1.18401,1.18421,-47.0,-0.0013400000000001189,1
2026-01-26 15:00:00,1.18421,1.18565,1.18349,1.18557,97.0,0.0013400000000001189,1
2026-01-26 16:00:00,1.18557,1.18795,1.18524,1.1879,188.0,0.0023299999999999432,1
2026-01-26 17:00:00,1.1879,1.18968,1.18705,1.18951,-109.0,0.0016400000000000858,1
2026-01-26 18:00:00,1.18952,1.1907,1.18798,1.18858,-7.0,-0.0009600000000000719,1
2026-01-26 19:00:00,1.18858,1.18914,1.18746,1.18788,-115.0,-0.0007099999999999884,1
2026-01-26 20:00:00,1.18788,1.18902,1.18781,1.18789,95.0,1.999999999990898e-05,1
2026-01-26 21:00:00,1.18789,1.1881599999999999,1.18704,1.18792,109.0,3.0000000000196536e-05,1
2026-01-26 22:00:00,1.18792,1.18835,1.18773,1.18824,72.0,0.00031999999999987594,1
2026-01-26 23:00:00,1.18823,1.18861,1.18737,1.18802,6.0,-0.00025999999999992696,1
2026-01-27 00:00:00,1.18802,1.18802,1.18741,1.1876,-42.0,-0.00038000000000004697,1
2026-01-27 01:00:00,1.1877,1.18821,1.18713,1.18736,-16.0,-0.00024000000000001798,1
2026-01-27 02:00:00,1.18736,1.18828,1.18724,1.1877,39.0,0.00034000000000000696,1
2026-01-27 03:00:00,1.1877,1.18812,1.18732,1.18784,96.0,0.000140000000000029,1
2026-01-27 04:00:00,1.18785,1.18993,1.18759,1.18932,-2.0,0.0014799999999999258,1
2026-01-27 05:00:00,1.18932,1.18932,1.1879,1.18796,15.0,-0.0013600000000000279,1
2026-01-27 06:00:00,1.18795,1.18823,1.18698,1.18733,-24.0,-0.0006299999999999084,1
2026-01-27 07:00:00,1.18733,1.18785,1.18717,1.18767,11.0,0.00032999999999994145,1
2026-01-27 08:00:00,1.18767,1.18813,1.18707,1.18717,-22.0,-0.0004899999999998794,1
2026-01-27 09:00:00,1.18717,1.1875499999999999,1.18608,1.18637,-76.0,-0.0008000000000001339,1
2026-01-27 10:00:00,1.18638,1.18673,1.18502,1.18604,47.0,-0.00032999999999994145,1
2026-01-27 11:00:00,1.18604,1.18898,1.18587,1.1889,139.0,0.0028799999999999937,1
2026-01-27 12:00:00,1.1889,1.18898,1.1874,1.18889,94.0,-2.999999999997449e-05,1
2026-01-27 13:00:00,1.18889,1.18971,1.18852,1.18952,-24.0,0.0006500000000000394,1
2026-01-27 14:00:00,1.18952,1.19342,1.18941,1.19281,25.0,0.003269999999999884,1
2026-01-27 15:00:00,1.19284,1.19385,1.19141,1.19232,30.0,-0.0005100000000000104,1
2026-01-27 16:00:00,1.19232,1.1955,1.19183,1.19433,38.0,0.0020299999999999763,1
2026-01-27 17:00:00,1.19431,1.19724,1.19431,1.19506,177.0,0.0007600000000000939,1
2026-01-27 18:00:00,1.19506,1.19901,1.19495,1.1979,0.0,0.002829999999999888,1
2026-01-27 19:00:00,1.1979,1.19836,1.19586,1.19798,-71.0,8.999999999992347e-05,1
2026-01-27 20:00:00,1.19798,1.19872,1.19716,1.19778,-27.0,-0.00020999999999982144,1
2026-01-27 21:00:00,1.19778,1.19807,1.1971,1.1977,52.0,-5.0000000000105516e-05,1
2026-01-27 22:00:00,1.1977,1.20819,1.19718,1.20292,168.0,0.005230000000000068,1
2026-01-27 23:00:00,1.20292,1.20496,1.20229,1.20384,-16.0,0.0008799999999999919,1
2026-01-28 00:00:00,1.20384,1.20427,1.20361,1.20419,44.0,0.00034000000000000696,1
2026-01-28 01:00:00,1.20425,1.20449,1.20162,1.20228,-24.0,-0.0018899999999999473,1
2026-01-28 02:00:00,1.20228,1.20234,1.2008,1.20149,-72.0,-0.0008000000000001339,1
2026-01-28 03:00:00,1.20149,1.2016,1.19925,1.19926,-144.0,-0.0022400000000000198,1
2026-01-28 04:00:00,1.19926,1.19997,1.19871,1.19974,-41.0,0.0004900000000001015,1
2026-01-28 05:00:00,1.19974,1.20048,1.1995,1.19967,-55.0,-7.00000000000145e-05,1
2026-01-28 06:00:00,1.19967,1.20016,1.19912,1.2,0.0,0.00032999999999994145,1
2026-01-28 07:00:00,1.2,1.20007,1.19748,1.19969,-15.0,-0.00029999999999996696,1
2026-01-28 08:00:00,1.19969,1.20069,1.199,1.1995,39.0,-0.00019999999999997797,1
2026-01-28 09:00:00,1.19953,1.20257,1.19842,1.19913,-268.0,-0.00036999999999998145,1
2026-01-28 10:00:00,1.19913,1.20047,1.1970399999999999,1.19803,40.0,-0.001100000000000101,1
2026-01-28 11:00:00,1.19803,1.19927,1.1975,1.19866,24.0,0.0006800000000000139,1
2026-01-28 12:00:00,1.19866,1.1994799999999999,1.19724,1.19889,-9.0,0.000180000000000069,1
2026-01-28 13:00:00,1.19888,1.19895,1.19617,1.19678,111.0,-0.0021100000000000563,1
2026-01-28 14:00:00,1.19678,1.19833,1.19659,1.19797,-1.0,0.0011900000000000244,1
2026-01-28 15:00:00,1.19797,1.19807,1.19518,1.19574,-121.0,-0.0022299999999999542,1
2026-01-28 16:00:00,1.19575,1.19775,1.19525,1.19625,52.0,0.0005100000000000104,1
2026-01-28 17:00:00,1.19625,1.19701,1.19232,1.19433,94.0,-0.0019200000000001438,1
2026-01-28 18:00:00,1.19433,1.19525,1.19188,1.19404,247.0,-0.00028999999999990145,1
2026-01-28 19:00:00,1.19403,1.19432,1.19279,1.19409,78.0,5.0000000000105516e-05,1
2026-01-28 20:00:00,1.19409,1.19422,1.19144,1.19211,116.0,-0.0019700000000000273,1
2026-01-28 21:00:00,1.19211,1.19418,1.18956,1.19404,250.0,0.0019000000000000128,1
2026-01-28 22:00:00,1.19404,1.19501,1.1929400000000001,1.19455,125.0,0.0005399999999999849,1
2026-01-28 23:00:00,1.19455,1.19543,1.19414,1.19536,15.0,0.0007999999999999119,1
2026-01-29 00:00:00,1.19536,1.19561,1.19517,1.19554,11.0,0.000180000000000069,1
2026-01-29 01:00:00,1.19556,1.19808,1.1952099999999999,1.19807,217.0,0.0023800000000000487,1
2026-01-29 02:00:00,1.19807,1.19851,1.19688,1.19734,-85.0,-0.0005800000000000249,1
2026-01-29 03:00:00,1.19734,1.19734,1.19566,1.19611,59.0,-0.0012300000000000644,1
2026-01-29 04:00:00,1.19611,1.1975500000000001,1.1953,1.19729,105.0,0.0011799999999999589,1
2026-01-29 05:00:00,1.19729,1.19867,1.1970399999999999,1.19863,48.0,0.0013400000000001189,1
2026-01-29 06:00:00,1.19863,1.19905,1.19754,1.19899,84.0,0.00035999999999991594,1
2026-01-29 07:00:00,1.19898,1.19934,1.19803,1.1981,-26.0,-0.0008900000000000574,1
2026-01-29 08:00:00,1.1981,1.19889,1.19752,1.19843,132.0,0.00036999999999998145,1
2026-01-29 09:00:00,1.19843,1.19963,1.19671,1.1974,-122.0,-0.0010699999999999044,1
2026-01-29 10:00:00,1.1974,1.19857,1.19613,1.19684,178.0,-0.000560000000000116,1
2026-01-29 11:00:00,1.19683,1.1974,1.19514,1.19556,53.0,-0.0012799999999999478,1
2026-01-29 12:00:00,1.19556,1.19579,1.1938900000000001,1.19421,124.0,-0.0013499999999999623,1
2026-01-29 13:00:00,1.19421,1.19531,1.19379,1.19469,63.0,0.00048000000000003595,1
2026-01-29 14:00:00,1.19469,1.19623,1.1942,1.19612,86.0,0.0014300000000000423,1
2026-01-29 15:00:00,1.19611,1.19708,1.19402,1.19561,-104.0,-0.0005100000000000104,1
2026-01-29 16:00:00,1.19561,1.19713,1.1952,1.19702,-124.0,0.0014099999999999113,1
2026-01-29 17:00:00,1.19702,1.19724,1.1905999999999999,1.1929400000000001,-172.0,-0.0040799999999998615,1
2026-01-29 18:00:00,1.1929400000000001,1.19528,1.19278,1.19425,-23.0,0.0013099999999999223,1
2026-01-29 19:00:00,1.1942599999999999,1.19614,1.19425,1.19555,9.0,0.0013600000000000279,1
2026-01-29 20:00:00,1.19556,1.19647,1.19483,1.19577,165.0,0.00015999999999993797,1
2026-01-29 21:00:00,1.19577,1.19605,1.195,1.19513,14.0,-0.0006299999999999084,1
2026-01-29 22:00:00,1.19513,1.19684,1.19457,1.19647,15.0,0.0013499999999999623,1
2026-01-29 23:00:00,1.19647,1.19712,1.19616,1.1970399999999999,84.0,0.0005499999999998284,1
2026-01-30 00:00:00,1.1970399999999999,1.1970399999999999,1.19586,1.19692,46.0,-0.00011999999999989797,1
2026-01-30 01:00:00,1.19698,1.19744,1.19648,1.19673,48.0,-0.00018999999999991246,1
2026-01-30 02:00:00,1.19673,1.19729,1.193,1.19317,62.0,-0.0035400000000000986,1
2026-01-30 03:00:00,1.19317,1.19396,1.19143,1.19168,7.0,-0.0015099999999999003,1
2026-01-30 04:00:00,1.19168,1.1926,1.18946,1.19184,17.0,0.00015999999999993797,1
2026-01-30 05:00:00,1.19187,1.1923,1.19129,1.19197,91.0,0.00012999999999996348,1
2026-01-30 06:00:00,1.19197,1.19344,1.19189,1.19242,-33.0,0.00045000000000006146,1
2026-01-30 07:00:00,1.19244,1.19349,1.19144,1.19246,37.0,2.999999999997449e-05,1
2026-01-30 08:00:00,1.19245,1.19329,1.19138,1.19189,132.0,-0.0005900000000000905,1
2026-01-30 09:00:00,1.19189,1.19424,1.1914500000000001,1.19374,80.0,0.0018599999999999728,1
2026-01-30 10:00:00,1.19378,1.19431,1.1923300000000001,1.19333,-91.0,-0.00038999999999989043,1
2026-01-30 11:00:00,1.19333,1.1938,1.18982,1.19083,114.0,-0.0024999999999999467,1
2026-01-30 12:00:00,1.19083,1.19251,1.19046,1.19209,96.0,0.0012600000000000389,1
2026-01-30 13:00:00,1.19209,1.19504,1.19205,1.19489,124.0,0.002809999999999979,1
2026-01-30 14:00:00,1.19489,1.19546,1.1915,1.19193,-34.0,-0.002970000000000139,1
2026-01-30 15:00:00,1.19192,1.19245,1.19017,1.19125,104.0,-0.0007200000000000539,1
2026-01-30 16:00:00,1.19125,1.1921,1.1901,1.19064,21.0,-0.0005699999999999594,1
2026-01-30 17:00:00,1.19064,1.19064,1.1883,1.1895,4.0,-0.0011299999999998533,1
2026-01-30 18:00:00,1.1895,1.18974,1.1872,1.1886,55.0,-0.0009099999999999664,1
2026-01-30 19:00:00,1.1886,1.18875,1.18664,1.18723,-113.0,-0.0013700000000000934,1
2026-01-30 20:00:00,1.18723,1.18842,1.18544,1.1878199999999999,5.0,0.0005800000000000249,1
2026-01-30 21:00:00,1.1878199999999999,1.18848,1.18643,1.18692,-37.0,-0.0008900000000000574,1
2026-01-30 22:00:00,1.18692,1.18693,1.18527,1.18527,-56.0,-0.0016099999999998893,1
2026-01-30 23:00:00,1.18527,1.18563,1.18497,1.18503,23.0,-0.000280000000000058,1
2026-02-02 00:00:00,1.18491,1.18523,1.18459,1.18494,-108.0,3.0000000000196536e-05,1
2026-02-02 01:00:00,1.18494,1.18568,1.18394,1.1846,100.0,-0.00034000000000000696,1
2026-02-02 02:00:00,1.18459,1.18746,1.18459,1.18665,41.0,0.0020499999999998852,1
2026-02-02 03:00:00,1.18665,1.18724,1.18526,1.18704,241.0,0.0003900000000001125,1
2026-02-02 04:00:00,1.18705,1.18746,1.18629,1.18629,-123.0,-0.0007500000000000284,1
2026-02-02 05:00:00,1.18629,1.18716,1.18629,1.18639,-18.0,9.999999999998899e-05,1
2026-02-02 06:00:00,1.18639,1.18724,1.18578,1.1863,-23.0,-9.000000000014552e-05,1
2026-02-02 07:00:00,1.1863,1.18635,1.18409,1.18505,-100.0,-0.0012399999999999078,1
2026-02-02 08:00:00,1.18506,1.18544,1.18431,1.18536,207.0,0.00029999999999996696,1
2026-02-02 09:00:00,1.18535,1.1863299999999999,1.18516,1.18534,96.0,-1.999999999990898e-05,1
2026-02-02 10:00:00,1.18534,1.18665,1.18435,1.18508,-40.0,-0.0002500000000000835,1
2026-02-02 11:00:00,1.18508,1.18651,1.18446,1.1862300000000001,76.0,0.001140000000000141,1
2026-02-02 12:00:00,1.1862300000000001,1.18702,1.18585,1.18647,53.0,0.00023999999999979593,1
2026-02-02 13:00:00,1.18647,1.18713,1.18603,1.18646,68.0,-9.999999999843467e-06,1
2026-02-02 14:00:00,1.18646,1.18698,1.1843,1.18498,-117.0,-0.0014800000000001479,1
2026-02-02 15:00:00,1.18498,1.18502,1.18179,1.18208,-73.0,-0.0028999999999999027,1
2026-02-02 16:00:00,1.18208,1.18299,1.18053,1.18215,-199.0,7.00000000000145e-05,1
2026-02-02 17:00:00,1.18215,1.18215,1.17902,1.17921,-104.0,-0.0029399999999999427,1
2026-02-02 18:00:00,1.17922,1.18076,1.17903,1.18062,-86.0,0.0014099999999999113,1
2026-02-02 19:00:00,1.18062,1.18124,1.1795,1.18,-39.0,-0.0006299999999999084,1
2026-02-02 20:00:00,1.18,1.18011,1.17775,1.17795,42.0,-0.0020400000000000418,1
2026-02-02 21:00:00,1.17794,1.17913,1.17758,1.17886,73.0,0.0009099999999999664,1
2026-02-02 22:00:00,1.17886,1.17922,1.17802,1.17912,98.0,0.000280000000000058,1
2026-02-02 23:00:00,1.17912,1.17942,1.17885,1.17904,-32.0,-9.999999999998899e-05,1
2026-02-03 00:00:00,1.17904,1.17924,1.17845,1.17895,31.0,-9.000000000014552e-05,1
2026-02-03 01:00:00,1.17895,1.17987,1.17871,1.17987,102.0,0.0009200000000000319,1
2026-02-03 02:00:00,1.17988,1.18069,1.1798,1.18062,54.0,0.0007399999999999629,1
2026-02-03 03:00:00,1.18062,1.18147,1.18015,1.18138,26.0,0.0007700000000001594,1
2026-02-03 04:00:00,1.18138,1.18142,1.18006,1.18014,-87.0,-0.0012400000000001299,1
2026-02-03 05:00:00,1.18014,1.18125,1.18008,1.18092,31.0,0.0007800000000000029,1
2026-02-03 06:00:00,1.18092,1.18164,1.18086,1.18091,-3.0,-1.0000000000065512e-05,1
2026-02-03 07:00:00,1.18091,1.1813,1.18047,1.18087,20.0,-3.999999999981796e-05,1
2026-02-03 08:00:00,1.18087,1.1816200000000001,1.18076,1.18136,25.0,0.0004899999999998794,1
2026-02-03 09:00:00,1.18136,1.18244,1.18097,1.18151,76.0,0.0001500000000000945,1
2026-02-03 10:00:00,1.18152,1.18194,1.18036,1.18126,-6.0,-0.0002500000000000835,1
2026-02-03 11:00:00,1.18126,1.18159,1.1792,1.17921,-75.0,-0.0020499999999998852,1
2026-02-03 12:00:00,1.17921,1.17998,1.17866,1.1787,94.0,-0.0005100000000000104,1
2026-02-03 13:00:00,1.1787,1.17947,1.17825,1.17871,107.0,9.999999999843467e-06,1
2026-02-03 14:00:00,1.17871,1.18,1.17866,1.17963,111.0,0.0009200000000000319,1
2026-02-03 15:00:00,1.17963,1.18066,1.17925,1.1796,110.0,-2.999999999997449e-05,1
2026-02-03 16:00:00,1.17961,1.18011,1.17799,1.17909,33.0,-0.0005100000000000104,1
2026-02-03 17:00:00,1.17909,1.1813500000000001,1.17861,1.18129,194.0,0.0021999999999999797,1
2026-02-03 18:00:00,1.18129,1.18212,1.1810100000000001,1.18176,75.0,0.00046999999999997044,1
2026-02-03 19:00:00,1.18176,1.18288,1.18136,1.1816200000000001,-14.0,-0.00013999999999980695,1
2026-02-03 20:00:00,1.1816200000000001,1.1822300000000001,1.18089,1.18089,16.0,-0.000700000000000145,1
2026-02-03 21:00:00,1.18089,1.1817,1.18057,1.18133,167.0,0.00038000000000004697,1
2026-02-03 22:00:00,1.18133,1.18217,1.18094,1.18209,91.0,0.0007900000000000684,1
2026-02-03 23:00:00,1.18209,1.18251,1.18168,1.18168,-32.0,-0.00041000000000002146,1
2026-02-04 00:00:00,1.18168,1.182,1.18144,1.1817199999999999,21.0,3.999999999981796e-05,1
2026-02-04 01:00:00,1.1817199999999999,1.18205,1.18121,1.18155,-13.0,-0.00016999999999978144,1
2026-02-04 02:00:00,1.18155,1.18173,1.18087,1.18141,12.0,-0.000140000000000029,1
2026-02-04 03:00:00,1.18141,1.1831800000000001,1.18122,1.18258,68.0,0.0011699999999998933,1
2026-02-04 04:00:00,1.18258,1.18315,1.18187,1.1822,44.0,-0.00038000000000004697,1
2026-02-04 05:00:00,1.1822,1.18279,1.1820599999999999,1.18268,21.0,0.00048000000000003595,1
2026-02-04 06:00:00,1.18268,1.18356,1.18252,1.18353,98.0,0.0008500000000000174,1
2026-02-04 07:00:00,1.18354,1.18359,1.18304,1.18327,-98.0,-0.00025999999999992696,1
2026-02-04 08:00:00,1.18327,1.1836,1.18288,1.18295,-46.0,-0.000320000000000098,1
2026-02-04 09:00:00,1.18295,1.18338,1.18239,1.18319,33.0,0.00024000000000001798,1
2026-02-04 10:00:00,1.18319,1.1837900000000001,1.18236,1.18285,70.0,-0.00034000000000000696,1
2026-02-04 11:00:00,1.18286,1.18325,1.1811099999999999,1.18138,-44.0,-0.0014699999999998603,1
2026-02-04 12:00:00,1.18138,1.18178,1.18045,1.18134,77.0,-4.0000000000040004e-05,1
2026-02-04 13:00:00,1.18134,1.18153,1.18058,1.18102,3.0,-0.000320000000000098,1
2026-02-04 14:00:00,1.18102,1.18248,1.18096,1.18214,128.0,0.0011200000000000099,1
2026-02-04 15:00:00,1.18217,1.18268,1.1811099999999999,1.1822300000000001,-34.0,9.000000000014552e-05,1
2026-02-04 16:00:00,1.1822300000000001,1.18256,1.18027,1.18142,58.0,-0.0008100000000001994,1
2026-02-04 17:00:00,1.18142,1.18221,1.17933,1.17962,90.0,-0.0018000000000000238,1
2026-02-04 18:00:00,1.17962,1.18055,1.17904,1.18025,154.0,0.0006300000000001305,1
2026-02-04 19:00:00,1.18025,1.18149,1.17941,1.17975,-24.0,-0.0004999999999999449,1
2026-02-04 20:00:00,1.17975,1.18015,1.17947,1.18008,18.0,0.00032999999999994145,1
2026-02-04 21:00:00,1.18008,1.18094,1.17945,1.18091,-7.0,0.0008200000000000429,1
2026-02-04 22:00:00,1.18091,1.18095,1.18015,1.18035,47.0,-0.0005500000000000504,1
2026-02-04 23:00:00,1.18035,1.1807699999999999,1.1802,1.18068,66.0,0.00032999999999994145,1
2026-02-05 00:00:00,1.18069,1.18069,1.18037,1.18053,-3.0,-0.00014999999999987246,1
2026-02-05 01:00:00,1.18058,1.1807400000000001,1.18002,1.18014,-21.0,-0.0003900000000001125,1
2026-02-05 02:00:00,1.1801300000000001,1.18046,1.17994,1.18042,10.0,0.000280000000000058,1
2026-02-05 03:00:00,1.18042,1.18081,1.18019,1.18035,39.0,-7.00000000000145e-05,1
2026-02-05 04:00:00,1.18036,1.18052,1.17846,1.17855,-122.0,-0.0018000000000000238,1
2026-02-05 05:00:00,1.17854,1.17908,1.17826,1.1789100000000001,-12.0,0.000360000000000138,1
2026-02-05 06:00:00,1.1789100000000001,1.17909,1.17864,1.17875,28.0,-0.00016000000000016001,1
2026-02-05 07:00:00,1.17875,1.17901,1.17841,1.17899,-5.0,0.00024000000000001798,1
2026-02-05 08:00:00,1.17899,1.17915,1.17845,1.17903,145.0,4.0000000000040004e-05,1
2026-02-05 09:00:00,1.17902,1.18034,1.17902,1.17988,62.0,0.0008399999999999519,1
2026-02-05 10:00:00,1.17988,1.18087,1.17954,1.18027,105.0,0.00039999999999995595,1
2026-02-05 11:00:00,1.18028,1.18028,1.17802,1.17804,-57.0,-0.0022199999999998887,1
2026-02-05 12:00:00,1.17804,1.1791800000000001,1.17803,1.17877,65.0,0.0007099999999999884,1
2026-02-05 13:00:00,1.17877,1.17953,1.1786,1.17935,-59.0,0.0005899999999998684,1
2026-02-05 14:00:00,1.17935,1.18035,1.17853,1.17995,94.0,0.000600000000000156,1
2026-02-05 15:00:00,1.17995,1.18153,1.17909,1.18117,58.0,0.0012199999999999989,1
2026-02-05 16:00:00,1.18117,1.18217,1.17954,1.17978,116.0,-0.0013900000000000023,1
2026-02-05 17:00:00,1.17978,1.18117,1.17817,1.17911,101.0,-0.0006699999999999484,1
2026-02-05 18:00:00,1.17911,1.18034,1.1785,1.18012,44.0,0.0010099999999999554,1
2026-02-05 19:00:00,1.18012,1.18042,1.17959,1.18008,21.0,-5.0000000000105516e-05,1
2026-02-05 20:00:00,1.18008,1.18027,1.1792,1.17934,-40.0,-0.0007299999999998974,1
2026-02-05 21:00:00,1.17934,1.17974,1.17925,1.17941,80.0,7.00000000000145e-05,1
2026-02-05 22:00:00,1.17941,1.17948,1.17797,1.17808,29.0,-0.0013300000000000534,1
2026-02-05 23:00:00,1.17808,1.17842,1.17747,1.17769,59.0,-0.0003900000000001125,1
2026-02-06 00:00:00,1.17764,1.17821,1.17764,1.17807,-14.0,0.00038000000000004697,1
2026-02-06 01:00:00,1.17812,1.17819,1.17749,1.17764,-80.0,-0.00042999999999993044,1
2026-02-06 02:00:00,1.17763,1.17832,1.17656,1.17827,104.0,0.0006299999999999084,1
2026-02-06 03:00:00,1.17827,1.17882,1.17784,1.17849,80.0,0.000220000000000109,1
2026-02-06 04:00:00,1.17852,1.17915,1.17845,1.17874,32.0,0.00024999999999986144,1
2026-02-06 05:00:00,1.17875,1.17902,1.17856,1.17874,0.0,0.0,0
2026-02-06 06:00:00,1.17877,1.17962,1.17871,1.17951,55.0,0.0007700000000001594,1
2026-02-06 07:00:00,1.17951,1.18012,1.17946,1.17981,31.0,0.00029999999999996696,1
2026-02-06 08:00:00,1.17981,1.1801599999999999,1.17943,1.17969,5.0,-0.00012000000000012001,1
2026-02-06 09:00:00,1.17969,1.17976,1.17886,1.17913,-94.0,-0.0005599999999998939,1
2026-02-06 10:00:00,1.17913,1.17957,1.17856,1.17921,-46.0,8.000000000008001e-05,1
2026-02-06 11:00:00,1.17921,1.17981,1.17901,1.1791800000000001,-86.0,-2.999999999997449e-05,1
2026-02-06 12:00:00,1.1791800000000001,1.17998,1.17897,1.17919,-136.0,9.999999999843467e-06,1
2026-02-06 13:00:00,1.17919,1.17931,1.17854,1.179,40.0,-0.00018999999999991246,1
2026-02-06 14:00:00,1.179,1.17931,1.17864,1.17926,134.0,0.00025999999999992696,1
2026-02-06 15:00:00,1.17926,1.1811099999999999,1.17919,1.18104,257.0,0.0017800000000001148,1
2026-02-06 16:00:00,1.18104,1.18261,1.18089,1.18208,47.0,0.0010399999999999299,1
2026-02-06 17:00:00,1.18208,1.1824,1.18048,1.18188,140.0,-0.00019999999999997797,1
2026-02-06 18:00:00,1.18191,1.18216,1.18097,1.18121,41.0,-0.0006699999999999484,1
2026-02-06 19:00:00,1.1812,1.1820599999999999,1.18094,1.18179,102.0,0.0005799999999998029,1
2026-02-06 20:00:00,1.18179,1.18228,1.18148,1.1819,67.0,0.0001100000000000545,1
2026-02-06 21:00:00,1.1819,1.18212,1.1814,1.18192,46.0,2.0000000000131024e-05,1
2026-02-06 22:00:00,1.18192,1.18228,1.1818,1.18221,100.0,0.00028999999999990145,1
2026-02-06 23:00:00,1.18218,1.18237,1.18125,1.18141,-16.0,-0.0007999999999999119,1
2026-02-09 00:00:00,1.18095,1.1815,1.18078,1.18144,64.0,0.0004900000000001015,1
2026-02-09 01:00:00,1.18144,1.18276,1.18096,1.18266,144.0,0.0012199999999999989,1
2026-02-09 02:00:00,1.18266,1.18334,1.18239,1.18305,53.0,0.00038999999999989043,1
2026-02-09 03:00:00,1.18305,1.18334,1.18221,1.18253,-120.0,-0.0005199999999998539,1
2026-02-09 04:00:00,1.18253,1.18256,1.18159,1.18195,-30.0,-0.0005800000000000249,1
2026-02-09 05:00:00,1.18195,1.18248,1.18181,1.18187,5.0,-8.000000000008001e-05,1
2026-02-09 06:00:00,1.18187,1.1826699999999999,1.18177,1.18264,74.0,0.0007699999999999374,1
2026-02-09 07:00:00,1.18264,1.18362,1.18255,1.18331,73.0,0.0006700000000001705,1
2026-02-09 08:00:00,1.18331,1.18577,1.18327,1.18518,-14.0,0.0018699999999998163,1
2026-02-09 09:00:00,1.18518,1.186,1.18469,1.18557,-25.0,0.0003900000000001125,1
2026-02-09 10:00:00,1.18558,1.18649,1.18514,1.18641,-46.0,0.0008399999999999519,1
2026-02-09 11:00:00,1.18641,1.18696,1.18593,1.18622,-4.0,-0.00019999999999997797,1
2026-02-09 12:00:00,1.18622,1.18696,1.18547,1.186,135.0,-0.00021000000000004349,1
2026-02-09 13:00:00,1.186,1.18719,1.18548,1.1869,155.0,0.0009000000000001229,1
2026-02-09 14:00:00,1.1869,1.18829,1.1869,1.18813,105.0,0.0012299999999998423,1
2026-02-09 15:00:00,1.18813,1.19056,1.18813,1.19035,123.0,0.0022200000000001108,1
2026-02-09 16:00:00,1.19035,1.19184,1.19025,1.19184,159.0,0.0014899999999999913,1
2026-02-09 17:00:00,1.19184,1.19266,1.1903,1.19116,-241.0,-0.0006800000000000139,1
2026-02-09 18:00:00,1.19116,1.19175,1.18906,1.18973,81.0,-0.0014300000000000423,1
2026-02-09 19:00:00,1.18973,1.19108,1.1897,1.1908400000000001,188.0,0.0011100000000001664,1
2026-02-09 20:00:00,1.1908400000000001,1.1917200000000001,1.19035,1.19158,113.0,0.0007399999999999629,1
2026-02-09 21:00:00,1.19159,1.19222,1.19119,1.19202,92.0,0.00043999999999999595,1
2026-02-09 22:00:00,1.19202,1.19211,1.19122,1.19146,118.0,-0.000560000000000116,1
2026-02-09 23:00:00,1.19146,1.19157,1.19092,1.19123,30.0,2.999999999997449e-05,1
2026-02-10 00:00:00,1.19123,1.19139,1.19064,1.19118,12.0,-0.00031000000000003247,1
2026-02-10 01:00:00,1.19128,1.19144,1.1901,1.19035,-33.0,-0.0008299999999998864,1
2026-02-10 02:00:00,1.19036,1.19055,1.18981,1.19016,-18.0,-0.00018999999999991246,1
2026-02-10 03:00:00,1.19016,1.19101,1.18964,1.19055,54.0,0.00038999999999989043,1
2026-02-10 04:00:00,1.19055,1.19141,1.1905000000000001,1.19134,55.0,0.0007900000000000684,1
2026-02-10 05:00:00,1.19134,1.19169,1.19091,1.19113,17.0,-0.00021000000000004349,1
2026-02-10 06:00:00,1.19113,1.19126,1.19049,1.19067,31.0,-0.000460000000000127,1
2026-02-10 07:00:00,1.19067,1.19104,1.1903299999999999,1.19071,75.0,4.0000000000040004e-05,1
2026-02-10 08:00:00,1.19071,1.19131,1.19,1.1903,71.0,-0.00041000000000002146,1
2026-02-10 09:00:00,1.1903,1.19103,1.18988,1.19085,114.0,0.000560000000000116,1
2026-02-10 10:00:00,1.19085,1.19151,1.18996,1.1909,4.0,4.0000000000040004e-05,1
2026-02-10 11:00:00,1.19089,1.19198,1.19077,1.19144,38.0,0.0005399999999999849,1
2026-02-10 12:00:00,1.19144,1.19174,1.19082,1.191,58.0,-0.00045000000000006146,1
2026-02-10 13:00:00,1.191,1.19105,1.19,1.19037,50.0,-0.0006099999999999994,1
2026-02-10 14:00:00,1.19037,1.19085,1.18909,1.1892800000000001,5.0,-0.0010999999999998789,1
2026-02-10 15:00:00,1.1892800000000001,1.19132,1.18881,1.19054,210.0,0.0012599999999998168,1
2026-02-10 16:00:00,1.19054,1.19286,1.19026,1.19147,121.0,0.0009300000000000974,1
2026-02-10 17:00:00,1.19147,1.19191,1.18961,1.19138,-34.0,-8.999999999992347e-05,1
2026-02-10 18:00:00,1.19138,1.19149,1.18947,1.18975,38.0,-0.0016300000000000203,1
2026-02-10 19:00:00,1.18976,1.19052,1.18931,1.18956,-3.0,-0.0001900000000001345,1
2026-02-10 20:00:00,1.18956,1.1898,1.18888,1.18921,66.0,-0.00034999999999985043,1
2026-02-10 21:00:00,1.18921,1.1902300000000001,1.18866,1.19022,154.0,0.0010099999999999554,1
2026-02-10 22:00:00,1.19022,1.1903299999999999,1.18945,1.18952,-9.0,-0.000700000000000145,1
2026-02-10 23:00:00,1.18949,1.18964,1.1892,1.18946,20.0,-5.999999999994898e-05,1
2026-02-11 00:00:00,1.18946,1.18961,1.18875,1.18903,-16.0,-0.00042999999999993044,1
2026-02-11 01:00:00,1.18909,1.18919,1.18862,1.18876,31.0,-0.00026999999999999247,1
2026-02-11 02:00:00,1.1887699999999999,1.19003,1.18856,1.18967,25.0,0.0009099999999999664,1
2026-02-11 03:00:00,1.18967,1.19018,1.18937,1.18975,72.0,7.00000000000145e-05,1
2026-02-11 04:00:00,1.18975,1.19127,1.18975,1.19082,42.0,0.0010799999999999699,1
2026-02-11 05:00:00,1.19082,1.19136,1.1903299999999999,1.1911,27.0,0.0002900000000001235,1
2026-02-11 06:00:00,1.19114,1.19148,1.19073,1.19079,17.0,-0.000320000000000098,1
2026-02-11 07:00:00,1.19079,1.19191,1.19066,1.19183,96.0,0.0010399999999999299,1
2026-02-11 08:00:00,1.19183,1.19255,1.19114,1.19151,-1.0,-0.00031999999999987594,1
2026-02-11 09:00:00,1.19151,1.1918199999999999,1.19095,1.19177,80.0,0.00025999999999992696,1
2026-02-11 10:00:00,1.19177,1.19199,1.1913,1.19183,37.0,5.999999999994898e-05,1
2026-02-11 11:00:00,1.19183,1.19197,1.191,1.19179,-13.0,-4.0000000000040004e-05,1
2026-02-11 12:00:00,1.19179,1.19272,1.19159,1.1921599999999999,19.0,0.00038000000000004697,1
2026-02-11 13:00:00,1.1921599999999999,1.1921599999999999,1.19048,1.19081,-8.0,-0.0013600000000000279,1
2026-02-11 14:00:00,1.19081,1.19091,1.18984,1.19002,74.0,-0.0007899999999998464,1
2026-02-11 15:00:00,1.19003,1.19044,1.1832799999999999,1.18618,187.0,-0.0038200000000001566,1
2026-02-11 16:00:00,1.18618,1.18824,1.18523,1.18602,-289.0,-0.00017999999999984695,1
2026-02-11 17:00:00,1.18602,1.18715,1.18509,1.18592,-71.0,-9.999999999998899e-05,1
2026-02-11 18:00:00,1.18592,1.18832,1.18526,1.18828,192.0,0.0023599999999999177,1
2026-02-11 19:00:00,1.18828,1.18935,1.18767,1.18857,-93.0,0.00028999999999990145,1
2026-02-11 20:00:00,1.18857,1.18908,1.18784,1.18821,141.0,-0.00035999999999991594,1
2026-02-11 21:00:00,1.1882,1.18846,1.18761,1.18797,52.0,-0.00024000000000001798,1
2026-02-11 22:00:00,1.18797,1.18809,1.18695,1.18704,26.0,-0.0009099999999999664,1
2026-02-11 23:00:00,1.18704,1.18741,1.18676,1.18714,8.0,8.000000000008001e-05,1
2026-02-12 00:00:00,1.18708,1.18766,1.18649,1.18734,39.0,0.00019999999999997797,1
2026-02-12 01:00:00,1.1874500000000001,1.18761,1.18695,1.1874500000000001,74.0,0.0001100000000000545,1
2026-02-12 02:00:00,1.1874500000000001,1.18781,1.18665,1.18768,133.0,0.00022999999999995246,1
2026-02-12 03:00:00,1.18768,1.18823,1.18716,1.18805,75.0,0.00036999999999998145,1
2026-02-12 04:00:00,1.18805,1.18845,1.18724,1.18788,-37.0,-0.0001900000000001345,1
2026-02-12 05:00:00,1.18788,1.18809,1.18651,1.18695,-28.0,-0.0009099999999999664,1
2026-02-12 06:00:00,1.18695,1.18725,1.1859,1.18617,20.0,-0.0007800000000000029,1
2026-02-12 07:00:00,1.18618,1.18656,1.18581,1.18646,120.0,0.0002900000000001235,1
2026-02-12 08:00:00,1.18646,1.18675,1.18515,1.18604,100.0,-0.00042000000000008697,1
2026-02-12 09:00:00,1.18604,1.1875,1.18561,1.18729,150.0,0.0012700000000001044,1
2026-02-12 10:00:00,1.18729,1.18809,1.18711,1.18796,42.0,0.0006499999999998174,1
2026-02-12 11:00:00,1.18796,1.18879,1.18787,1.1887,131.0,0.000740000000000185,1
2026-02-12 12:00:00,1.1887,1.18872,1.18704,1.1877,75.0,-0.001000000000000112,1
2026-02-12 13:00:00,1.18769,1.18844,1.18744,1.18844,104.0,0.0007399999999999629,1
2026-02-12 14:00:00,1.18844,1.18861,1.18669,1.18728,37.0,-0.0011600000000000499,1
2026-02-12 15:00:00,1.18728,1.18851,1.18713,1.18847,150.0,0.0012000000000000899,1
2026-02-12 16:00:00,1.18847,1.18876,1.18746,1.18833,16.0,-0.00014999999999987246,1
2026-02-12 17:00:00,1.18833,1.18883,1.18781,1.18856,-21.0,0.00021999999999988695,1
2026-02-12 18:00:00,1.18856,1.18898,1.18619,1.18704,-129.0,-0.0014899999999999913,1
2026-02-12 19:00:00,1.18704,1.18769,1.18597,1.18652,93.0,-0.0005399999999999849,1
2026-02-12 20:00:00,1.18652,1.1869399999999999,1.18559,1.18634,108.0,-0.000180000000000069,1
2026-02-12 21:00:00,1.18634,1.18715,1.18608,1.18699,199.0,0.0006500000000000394,1
2026-02-12 22:00:00,1.18699,1.18705,1.1863299999999999,1.18696,130.0,-2.999999999997449e-05,1
2026-02-12 23:00:00,1.18696,1.18724,1.18682,1.187,21.0,4.0000000000040004e-05,1
2026-02-13 00:00:00,1.187,1.18714,1.18641,1.18712,39.0,0.00011999999999989797,1
2026-02-13 01:00:00,1.1872099999999999,1.18724,1.18662,1.1869,11.0,-0.00019999999999997797,1
2026-02-13 02:00:00,1.1869,1.18723,1.18663,1.18723,42.0,0.00031000000000003247,1
2026-02-13 03:00:00,1.18723,1.18732,1.18627,1.18669,55.0,-0.0005399999999999849,1
2026-02-13 04:00:00,1.18669,1.1871,1.18627,1.18692,51.0,0.00022999999999995246,1
2026-02-13 05:00:00,1.18692,1.187,1.18635,1.18667,14.0,-0.0002500000000000835,1
2026-02-13 06:00:00,1.18668,1.18675,1.18595,1.1863,34.0,-0.0004099999999997994,1
2026-02-13 07:00:00,1.1863,1.18647,1.18575,1.18594,93.0,-0.000320000000000098,1
2026-02-13 08:00:00,1.18593,1.18616,1.18527,1.18559,38.0,-0.0003500000000000725,1
2026-02-13 09:00:00,1.18559,1.1859899999999999,1.18468,1.18586,155.0,0.00026999999999999247,1
2026-02-13 10:00:00,1.18585,1.18628,1.18556,1.18624,36.0,0.00038000000000004697,1
2026-02-13 11:00:00,1.18624,1.18665,1.18603,1.18604,-44.0,-0.00019999999999997797,1
2026-02-13 12:00:00,1.18604,1.18609,1.18523,1.18574,120.0,-0.00029999999999996696,1
2026-02-13 13:00:00,1.18574,1.18612,1.18544,1.18584,24.0,9.999999999998899e-05,1
2026-02-13 14:00:00,1.18584,1.18638,1.1855,1.18617,85.0,0.00032999999999994145,1
2026-02-13 15:00:00,1.1862,1.18848,1.18558,1.18741,-24.0,0.0012400000000001299,1
2026-02-13 16:00:00,1.18741,1.18747,1.1857,1.1859,87.0,-0.0015100000000001224,1
2026-02-13 17:00:00,1.18592,1.18708,1.18473,1.18482,76.0,-0.001100000000000101,1
2026-02-13 18:00:00,1.18482,1.1874500000000001,1.18482,1.18686,218.0,0.0020400000000000418,1
2026-02-13 19:00:00,1.18686,1.18827,1.18682,1.18748,29.0,0.0006200000000000649,1
2026-02-13 20:00:00,1.18749,1.18805,1.18722,1.18736,-34.0,-0.00012000000000012001,1
2026-02-13 21:00:00,1.18736,1.18749,1.18661,1.18664,-57.0,-0.0007200000000000539,1
2026-02-13 22:00:00,1.18663,1.18746,1.1863,1.18743,106.0,0.0007900000000000684,1
2026-02-13 23:00:00,1.18743,1.18763,1.18662,1.18689,12.0,-0.0005399999999999849,1
2026-02-16 00:00:00,1.18642,1.18752,1.18641,1.18699,26.0,0.0005699999999999594,1
2026-02-16 01:00:00,1.18699,1.18719,1.18628,1.18666,-3.0,-0.00032999999999994145,1
2026-02-16 02:00:00,1.18667,1.1867,1.18585,1.18612,-56.0,-0.0005399999999999849,1
2026-02-16 03:00:00,1.18612,1.18663,1.18586,1.18651,135.0,0.00038999999999989043,1
2026-02-16 04:00:00,1.1865,1.1867,1.18614,1.1865,12.0,-9.999999999843467e-06,1
2026-02-16 05:00:00,1.18652,1.18689,1.1863299999999999,1.18671,62.0,0.00020999999999982144,1
2026-02-16 06:00:00,1.18671,1.1868,1.18608,1.18618,2.0,-0.0005299999999999194,1
2026-02-16 07:00:00,1.18622,1.18663,1.18593,1.18648,57.0,0.00029999999999996696,1
2026-02-16 08:00:00,1.18648,1.18701,1.18628,1.18659,73.0,0.0001100000000000545,1
2026-02-16 09:00:00,1.18659,1.18662,1.18602,1.18627,13.0,-0.000320000000000098,1
2026-02-16 10:00:00,1.18627,1.18703,1.18565,1.18649,40.0,0.000220000000000109,1
2026-02-16 11:00:00,1.18649,1.18692,1.18612,1.18643,166.0,-5.999999999994898e-05,1
2026-02-16 12:00:00,1.18643,1.18676,1.18609,1.18666,114.0,0.00022999999999995246,1
2026-02-16 13:00:00,1.18666,1.1867,1.18586,1.18613,178.0,-0.000520000000000076,1
2026-02-16 14:00:00,1.18613,1.1863,1.18497,1.1853,46.0,-0.0008399999999999519,1
2026-02-16 15:00:00,1.1853,1.18575,1.18481,1.18545,109.0,0.00014999999999987246,1
2026-02-16 16:00:00,1.18545,1.18634,1.18516,1.1856200000000001,109.0,0.00017000000000022553,1
2026-02-16 17:00:00,1.1856200000000001,1.18569,1.18502,1.1853799999999999,93.0,-0.00024000000000024002,1
2026-02-16 18:00:00,1.1853799999999999,1.18566,1.18459,1.18518,103.0,-0.00020999999999982144,1
2026-02-16 19:00:00,1.18518,1.18534,1.18423,1.18481,84.0,-0.000360000000000138,1
2026-02-16 20:00:00,1.18481,1.1851099999999999,1.18464,1.18494,70.0,0.00013000000000018552,1
2026-02-16 21:00:00,1.18494,1.18541,1.18489,1.18541,76.0,0.00046999999999997044,1
2026-02-16 22:00:00,1.18541,1.1855,1.1852,1.18535,59.0,-6.000000000017103e-05,1
2026-02-16 23:00:00,1.18533,1.1854,1.18495,1.18506,-13.0,-0.00028999999999990145,1
2026-02-17 00:00:00,1.18507,1.18514,1.18474,1.18498,-4.0,-8.000000000008001e-05,1
2026-02-17 01:00:00,1.18504,1.18518,1.18464,1.18502,33.0,4.0000000000040004e-05,1
2026-02-17 02:00:00,1.18503,1.18519,1.18413,1.18434,-55.0,-0.0006800000000000139,1
2026-02-17 03:00:00,1.18434,1.18445,1.18392,1.18443,81.0,9.000000000014552e-05,1
2026-02-17 04:00:00,1.18443,1.18472,1.18403,1.18419,22.0,-0.00024000000000001798,1
2026-02-17 05:00:00,1.18419,1.18422,1.18366,1.18415,47.0,-4.0000000000040004e-05,1
2026-02-17 06:00:00,1.18415,1.18423,1.1834,1.1841,62.0,-5.0000000000105516e-05,1
2026-02-17 07:00:00,1.1841,1.18417,1.1835499999999999,1.18413,29.0,2.999999999997449e-05,1
2026-02-17 08:00:00,1.18413,1.18455,1.18413,1.18437,66.0,0.00024000000000001798,1
2026-02-17 09:00:00,1.18437,1.18444,1.18278,1.18327,81.0,-0.0010999999999998789,1
2026-02-17 10:00:00,1.18327,1.1844000000000001,1.18282,1.1840600000000001,85.0,0.0008099999999999774,1
2026-02-17 11:00:00,1.1840600000000001,1.18498,1.18394,1.18464,12.0,0.0005599999999998939,1
2026-02-17 12:00:00,1.18464,1.18471,1.18374,1.18427,45.0,-0.00036999999999998145,1
2026-02-17 13:00:00,1.18427,1.18443,1.1824,1.18308,116.0,-0.0011900000000000244,1
2026-02-17 14:00:00,1.18308,1.18357,1.18265,1.18276,113.0,-0.00031999999999987594,1
2026-02-17 15:00:00,1.18276,1.18303,1.18146,1.18222,-67.0,-0.0005500000000000504,1
2026-02-17 16:00:00,1.18222,1.18281,1.18161,1.18237,94.0,0.00015999999999993797,1
2026-02-17 17:00:00,1.18237,1.18239,1.1804000000000001,1.18106,219.0,-0.0013099999999999223,1
2026-02-17 18:00:00,1.18106,1.18352,1.18105,1.18305,222.0,0.0019899999999999363,1
2026-02-17 19:00:00,1.18305,1.18421,1.18292,1.18393,139.0,0.0008799999999999919,1
2026-02-17 20:00:00,1.18393,1.18531,1.18384,1.18481,24.0,0.0008799999999999919,1
2026-02-17 21:00:00,1.18481,1.18505,1.18431,1.18479,30.0,-9.999999999843467e-06,1
2026-02-17 22:00:00,1.18479,1.18526,1.18453,1.1851,44.0,0.00029999999999996696,1
2026-02-17 23:00:00,1.1851,1.1855,1.18481,1.1855,30.0,0.00039999999999995595,1
2026-02-18 00:00:00,1.1855,1.1855,1.18487,1.18514,-8.0,-0.00035999999999991594,1
2026-02-18 01:00:00,1.18514,1.18574,1.1850100000000001,1.18505,-35.0,-9.000000000014552e-05,1
2026-02-18 02:00:00,1.18505,1.18535,1.18465,1.18471,-44.0,-0.00034999999999985043,1
2026-02-18 03:00:00,1.18471,1.18478,1.18422,1.18462,30.0,-8.000000000008001e-05,1
2026-02-18 04:00:00,1.18462,1.18472,1.18404,1.18445,9.0,-0.00017000000000000348,1
2026-02-18 05:00:00,1.18445,1.1846700000000001,1.1840600000000001,1.18411,37.0,-0.00034000000000000696,1
2026-02-18 06:00:00,1.18411,1.18436,1.18391,1.18417,40.0,5.999999999994898e-05,1
2026-02-18 07:00:00,1.18417,1.18457,1.1841599999999999,1.18456,37.0,0.0003900000000001125,1
2026-02-18 08:00:00,1.18456,1.18463,1.18398,1.18446,10.0,-9.999999999998899e-05,1
2026-02-18 09:00:00,1.18446,1.18463,1.18311,1.18347,61.0,-0.0009700000000001374,1
2026-02-18 10:00:00,1.18347,1.18381,1.1828,1.1831,135.0,-0.00038999999999989043,1
2026-02-18 11:00:00,1.1831,1.18385,1.18279,1.1836,147.0,0.0004999999999999449,1
2026-02-18 12:00:00,1.1836,1.18407,1.18307,1.1832,97.0,-0.00039999999999995595,1
2026-02-18 13:00:00,1.1832,1.18377,1.1829,1.18346,145.0,0.00025999999999992696,1
2026-02-18 14:00:00,1.18346,1.18471,1.18333,1.18397,67.0,0.0005100000000000104,1
2026-02-18 15:00:00,1.18397,1.18485,1.18235,1.18236,120.0,-0.0016099999999998893,1
2026-02-18 16:00:00,1.18236,1.18277,1.1812,1.18151,51.0,-0.0008500000000000174,1
2026-02-18 17:00:00,1.18151,1.1826699999999999,1.18122,1.18225,199.0,0.0007399999999999629,1
2026-02-18 18:00:00,1.18225,1.1826,1.18079,1.18093,47.0,-0.0013199999999999878,1
2026-02-18 19:00:00,1.18093,1.18141,1.18011,1.18059,204.0,-0.00034000000000000696,1
2026-02-18 20:00:00,1.18058,1.18073,1.17854,1.17902,-71.0,-0.0015700000000000713,1
2026-02-18 21:00:00,1.17901,1.17951,1.17823,1.17872,124.0,-0.00029999999999996696,1
2026-02-18 22:00:00,1.17872,1.17902,1.178,1.17835,63.0,-0.0003500000000000725,1
2026-02-18 23:00:00,1.17834,1.17871,1.17817,1.17824,38.0,-0.00012999999999996348,1
2026-02-19 00:00:00,1.17822,1.17856,1.17777,1.17851,8.0,0.00026999999999999247,1
2026-02-19 01:00:00,1.1786,1.17895,1.17854,1.17884,178.0,0.0003300000000001635,1
2026-02-19 02:00:00,1.17884,1.17916,1.17851,1.179,56.0,0.00015999999999993797,1
2026-02-19 03:00:00,1.179,1.1795,1.1789100000000001,1.17944,54.0,0.00043999999999999595,1
2026-02-19 04:00:00,1.17944,1.1795499999999999,1.17904,1.17907,-38.0,-0.00036999999999998145,1
2026-02-19 05:00:00,1.17907,1.17927,1.17873,1.17906,-4.0,-1.0000000000065512e-05,1
2026-02-19 06:00:00,1.17906,1.17915,1.17836,1.17893,71.0,-0.00012999999999996348,1
2026-02-19 07:00:00,1.17893,1.17926,1.17864,1.17914,21.0,0.00019999999999997797,1
2026-02-19 08:00:00,1.17914,1.18008,1.1789399999999999,1.1798,155.0,0.0006699999999999484,1
2026-02-19 09:00:00,1.1798,1.18034,1.17924,1.18005,148.0,0.0002900000000001235,1
2026-02-19 10:00:00,1.18005,1.18051,1.17969,1.18011,-14.0,9.999999999843467e-06,1
2026-02-19 11:00:00,1.18011,1.18076,1.17972,1.17997,52.0,-0.00012999999999996348,1
2026-02-19 12:00:00,1.17997,1.18029,1.1783,1.17889,-59.0,-0.0010799999999999699,1
2026-02-19 13:00:00,1.17889,1.17903,1.17764,1.1780599999999999,56.0,-0.0008200000000000429,1
2026-02-19 14:00:00,1.1780599999999999,1.17808,1.17667,1.17698,32.0,-0.0010900000000000354,1
2026-02-19 15:00:00,1.17698,1.1770100000000001,1.17512,1.17653,45.0,-0.0004499999999998394,1
2026-02-19 16:00:00,1.17653,1.17662,1.17418,1.17517,-47.0,-0.0013600000000000279,1
2026-02-19 17:00:00,1.17517,1.17754,1.17481,1.1763,-116.0,0.0011299999999998533,1
2026-02-19 18:00:00,1.1763,1.17706,1.1758,1.17612,-4.0,-0.00017999999999984695,1
2026-02-19 19:00:00,1.17612,1.17679,1.1756,1.17658,50.0,0.00045999999999990493,1
2026-02-19 20:00:00,1.17658,1.17741,1.17646,1.17682,-16.0,0.00024000000000001798,1
2026-02-19 21:00:00,1.17682,1.17718,1.17591,1.17637,-112.0,-0.00045000000000006146,1
2026-02-19 22:00:00,1.17637,1.17687,1.17632,1.17686,32.0,0.0004900000000001015,1
2026-02-19 23:00:00,1.17685,1.17778,1.17676,1.17729,14.0,0.00042999999999993044,1
2026-02-20 00:00:00,1.17721,1.1773500000000001,1.17697,1.17712,8.0,-0.00017000000000000348,1
2026-02-20 01:00:00,1.17712,1.17756,1.1768,1.1768,-73.0,-0.00031999999999987594,1
2026-02-20 02:00:00,1.17682,1.17721,1.17666,1.17704,49.0,0.00024000000000001798,1
2026-02-20 03:00:00,1.17704,1.17715,1.1755,1.17586,-2.0,-0.0011700000000001154,1
2026-02-20 04:00:00,1.17587,1.17597,1.17533,1.17544,-1.0,-0.00042999999999993044,1
2026-02-20 05:00:00,1.17544,1.17588,1.17544,1.17567,25.0,0.00022999999999995246,1
2026-02-20 06:00:00,1.17568,1.17596,1.17523,1.17529,24.0,-0.00038000000000004697,1
2026-02-20 07:00:00,1.17529,1.17567,1.175,1.17551,26.0,0.000220000000000109,1
2026-02-20 08:00:00,1.1755200000000001,1.17566,1.17513,1.17548,38.0,-1.0000000000065512e-05,1
2026-02-20 09:00:00,1.17548,1.17626,1.17496,1.17511,7.0,-0.00038999999999989043,1
2026-02-20 10:00:00,1.17511,1.17635,1.17432,1.17607,55.0,0.0009599999999998499,1
2026-02-20 11:00:00,1.17607,1.1768,1.17583,1.17667,38.0,0.000600000000000156,1
2026-02-20 12:00:00,1.17667,1.17687,1.17571,1.17635,-9.0,-0.000320000000000098,1
2026-02-20 13:00:00,1.17635,1.1769,1.17597,1.17671,77.0,0.00035999999999991594,1
2026-02-20 14:00:00,1.17671,1.17709,1.17632,1.17655,-54.0,-0.00015999999999993797,1
2026-02-20 15:00:00,1.17655,1.17828,1.17571,1.17691,-8.0,0.00035999999999991594,1
2026-02-20 16:00:00,1.17691,1.17704,1.17559,1.17677,-79.0,-0.00013999999999980695,1
2026-02-20 17:00:00,1.17677,1.18075,1.1755200000000001,1.17878,-222.0,0.0020000000000000018,1
2026-02-20 18:00:00,1.17879,1.17982,1.17736,1.178,10.0,-0.0007700000000001594,1
2026-02-20 19:00:00,1.178,1.1785,1.17655,1.17801,27.0,1.0000000000065512e-05,1
2026-02-20 20:00:00,1.178,1.1798899999999999,1.17767,1.1785700000000001,34.0,0.000560000000000116,1
2026-02-20 21:00:00,1.1785700000000001,1.17896,1.17784,1.1780599999999999,109.0,-0.000500000000000167,1
2026-02-20 22:00:00,1.1780599999999999,1.17873,1.17774,1.17862,99.0,0.0005500000000000504,1
2026-02-20 23:00:00,1.17861,1.17912,1.17795,1.17816,-21.0,-0.00045999999999990493,1
2026-02-23 00:00:00,1.17905,1.1797,1.17898,1.17939,0.0,0.00034000000000000696,1
2026-02-23 01:00:00,1.17939,1.18346,1.1792799999999999,1.18332,-30.0,0.003929999999999989,1
2026-02-23 02:00:00,1.18332,1.18344,1.18225,1.18308,-18.0,-0.00024000000000001798,1
2026-02-23 03:00:00,1.18308,1.18334,1.18205,1.18261,-22.0,-0.0004899999999998794,1
2026-02-23 04:00:00,1.18261,1.1831,1.18231,1.18275,-27.0,0.00015999999999993797,1
2026-02-23 05:00:00,1.18274,1.18279,1.18164,1.1823299999999999,53.0,-0.00042000000000008697,1
2026-02-23 06:00:00,1.18236,1.18239,1.18177,1.18207,18.0,-0.00025999999999992696,1
2026-02-23 07:00:00,1.18207,1.18213,1.18149,1.1819600000000001,47.0,-0.00010999999999983245,1
2026-02-23 08:00:00,1.1819600000000001,1.18337,1.18164,1.18243,37.0,0.00046999999999997044,1
2026-02-23 09:00:00,1.18243,1.18276,1.18186,1.1823299999999999,97.0,-0.00010000000000021103,1
2026-02-23 10:00:00,1.1823299999999999,1.18249,1.1807,1.18103,-140.0,-0.0012999999999998568,1
2026-02-23 11:00:00,1.18103,1.18125,1.18001,1.18006,-5.0,-0.0009699999999999154,1
2026-02-23 12:00:00,1.18008,1.1801300000000001,1.1795,1.17986,123.0,-0.00020000000000020002,1
2026-02-23 13:00:00,1.17985,1.17988,1.17808,1.17858,-46.0,-0.0012799999999999478,1
2026-02-23 14:00:00,1.17858,1.17864,1.17744,1.17816,30.0,-0.0004199999999998649,1
2026-02-23 15:00:00,1.17816,1.17978,1.17781,1.17959,14.0,0.0014299999999998203,1
2026-02-23 16:00:00,1.17958,1.1809,1.17939,1.18054,88.0,0.0009500000000000064,1
2026-02-23 17:00:00,1.18054,1.18099,1.17919,1.17948,-52.0,-0.0010599999999998388,1
2026-02-23 18:00:00,1.17948,1.18062,1.17881,1.18037,124.0,0.0009200000000000319,1
2026-02-23 19:00:00,1.18037,1.18087,1.17905,1.17986,68.0,-0.000540000000000207,1
2026-02-23 20:00:00,1.17986,1.18009,1.17946,1.17981,-21.0,-4.999999999988347e-05,1
2026-02-23 21:00:00,1.1798,1.18005,1.17882,1.17915,-93.0,-0.000660000000000105,1
2026-02-23 22:00:00,1.17915,1.17938,1.17874,1.17887,22.0,-0.00027999999999983594,1
2026-02-23 23:00:00,1.17887,1.17922,1.17839,1.17848,-22.0,-0.0003900000000001125,1
2026-02-24 00:00:00,1.17847,1.17899,1.1784,1.17868,37.0,0.00019999999999997797,1
2026-02-24 01:00:00,1.17868,1.1795200000000001,1.17865,1.1792799999999999,71.0,0.0005999999999999339,1
2026-02-24 02:00:00,1.17929,1.17962,1.17873,1.17878,-86.0,-0.0004999999999999449,1
2026-02-24 03:00:00,1.17878,1.17878,1.17713,1.17816,70.0,-0.0006199999999998429,1
2026-02-24 04:00:00,1.17816,1.17845,1.17782,1.17836,96.0,0.00019999999999997797,1
2026-02-24 05:00:00,1.17836,1.17852,1.17747,1.1775,-36.0,-0.0008600000000000829,1
2026-02-24 06:00:00,1.1775,1.17766,1.17678,1.17695,-28.0,-0.0005500000000000504,1
2026-02-24 07:00:00,1.17695,1.17805,1.1768399999999999,1.17798,83.0,0.0010200000000000209,1
2026-02-24 08:00:00,1.17798,1.17822,1.17771,1.17802,-14.0,5.0000000000105516e-05,1
2026-02-24 09:00:00,1.17802,1.17823,1.17714,1.17792,68.0,-9.999999999998899e-05,1
2026-02-24 10:00:00,1.17792,1.17898,1.17732,1.17836,-1.0,0.00043999999999999595,1
2026-02-24 11:00:00,1.17836,1.17929,1.1783,1.17875,-70.0,0.00038999999999989043,1
2026-02-24 12:00:00,1.17876,1.1791,1.17822,1.17854,-1.0,-0.00021000000000004349,1
2026-02-24 13:00:00,1.17854,1.1786,1.1779,1.17804,-24.0,-0.0004899999999998794,1
2026-02-24 14:00:00,1.17804,1.17836,1.17725,1.17811,46.0,5.999999999994898e-05,1
2026-02-24 15:00:00,1.17811,1.17813,1.17679,1.1772,-8.0,-0.0009099999999999664,1
2026-02-24 16:00:00,1.1772,1.17785,1.17672,1.17733,-36.0,0.00012999999999996348,1
2026-02-24 17:00:00,1.17733,1.17809,1.17659,1.17727,-8.0,-5.999999999994898e-05,1
2026-02-24 18:00:00,1.17727,1.17901,1.17719,1.17878,115.0,0.0015099999999999003,1
2026-02-24 19:00:00,1.17878,1.17887,1.17818,1.17854,-45.0,-0.00024000000000001798,1
2026-02-24 20:00:00,1.17854,1.17866,1.1777,1.17784,-68.0,-0.0006999999999999229,1
2026-02-24 21:00:00,1.17783,1.17841,1.17763,1.17786,88.0,1.999999999990898e-05,1
2026-02-24 22:00:00,1.17786,1.17834,1.1775,1.17751,61.0,-0.00034999999999985043,1
2026-02-24 23:00:00,1.1775,1.17767,1.17716,1.17718,-26.0,-0.0003300000000001635,1
2026-02-25 00:00:00,1.17718,1.17769,1.17713,1.17737,20.0,0.0001900000000001345,1
2026-02-25 01:00:00,1.17744,1.17759,1.17726,1.17737,27.0,0.0,1
2026-02-25 02:00:00,1.17738,1.1779600000000001,1.17732,1.17777,-6.0,0.00039999999999995595,1
2026-02-25 03:00:00,1.17778,1.17819,1.17758,1.17783,-36.0,4.0000000000040004e-05,1
2026-02-25 04:00:00,1.17783,1.17933,1.1778,1.17921,23.0,0.0014000000000000679,1
2026-02-25 05:00:00,1.17921,1.17942,1.17856,1.17893,-42.0,-0.000280000000000058,1
2026-02-25 06:00:00,1.17893,1.1796,1.17875,1.17947,91.0,0.0005399999999999849,1
2026-02-25 07:00:00,1.17947,1.18055,1.17939,1.18008,-7.0,0.0006099999999999994,1
2026-02-25 08:00:00,1.18008,1.18063,1.17969,1.18052,3.0,0.00043999999999999595,1
2026-02-25 09:00:00,1.18052,1.18078,1.17968,1.17968,23.0,-0.0008399999999999519,1
2026-02-25 10:00:00,1.17969,1.17998,1.1789399999999999,1.17899,88.0,-0.0006900000000000794,1
2026-02-25 11:00:00,1.17899,1.1793,1.17855,1.17877,-65.0,-0.00021999999999988695,1
2026-02-25 12:00:00,1.17877,1.17883,1.17793,1.17797,109.0,-0.0008000000000001339,1
2026-02-25 13:00:00,1.17798,1.1781,1.17709,1.17748,9.0,-0.0004899999999998794,1
2026-02-25 14:00:00,1.17748,1.17868,1.17739,1.1785700000000001,86.0,0.0010900000000000354,1
2026-02-25 15:00:00,1.1785700000000001,1.17902,1.17728,1.17734,35.0,-0.0012300000000000644,1
2026-02-25 16:00:00,1.17734,1.1789100000000001,1.17729,1.1786,51.0,0.0012600000000000389,1
2026-02-25 17:00:00,1.17862,1.18025,1.17846,1.1801,-263.0,0.0014799999999999258,1
2026-02-25 18:00:00,1.1801,1.18071,1.17985,1.1804000000000001,17.0,0.000300000000000189,1
2026-02-25 19:00:00,1.1804000000000001,1.18142,1.18024,1.18073,9.0,0.00032999999999994145,1
2026-02-25 20:00:00,1.18073,1.18108,1.18041,1.18046,20.0,-0.00026999999999999247,1
2026-02-25 21:00:00,1.18047,1.18093,1.18027,1.18054,-15.0,7.999999999985796e-05,1
2026-02-25 22:00:00,1.18054,1.18087,1.18046,1.18059,30.0,5.0000000000105516e-05,1
2026-02-25 23:00:00,1.18059,1.18127,1.18031,1.18096,5.0,0.00036999999999998145,1
2026-02-26 00:00:00,1.18096,1.18123,1.18054,1.181,31.0,4.0000000000040004e-05,1
2026-02-26 01:00:00,1.1811099999999999,1.1816200000000001,1.18105,1.18148,-28.0,0.0004899999999998794,1
2026-02-26 02:00:00,1.18148,1.18192,1.18117,1.18189,12.0,0.000400000000000178,1
2026-02-26 03:00:00,1.18189,1.18289,1.18177,1.18272,90.0,0.0008299999999998864,1
2026-02-26 04:00:00,1.18272,1.18288,1.18131,1.18173,-66.0,-0.0009900000000000464,1
2026-02-26 05:00:00,1.18173,1.1822,1.18157,1.18168,15.0,-4.999999999988347e-05,1
2026-02-26 06:00:00,1.18168,1.18185,1.18124,1.18181,-5.0,0.00012999999999996348,1
2026-02-26 07:00:00,1.18181,1.18225,1.18159,1.1819600000000001,32.0,0.0001500000000000945,1
2026-02-26 08:00:00,1.1819600000000001,1.18221,1.18148,1.18187,32.0,-9.000000000014552e-05,1
2026-02-26 09:00:00,1.18187,1.18187,1.18087,1.18155,65.0,-0.00031999999999987594,1
2026-02-26 10:00:00,1.18157,1.18157,1.18021,1.18025,142.0,-0.0013000000000000789,1
2026-02-26 11:00:00,1.18025,1.1806,1.17967,1.1797,47.0,-0.0005399999999999849,1
2026-02-26 12:00:00,1.1797,1.17997,1.17931,1.17984,0.0,0.00012999999999996348,1
2026-02-26 13:00:00,1.17984,1.18048,1.17978,1.18003,-15.0,0.00018999999999991246,1
2026-02-26 14:00:00,1.18004,1.18096,1.17998,1.1809,60.0,0.0008700000000001484,1
2026-02-26 15:00:00,1.1809,1.18167,1.18026,1.18068,-34.0,-0.000220000000000109,1
2026-02-26 16:00:00,1.18067,1.18157,1.1802,1.18127,15.0,0.0005900000000000905,1
2026-02-26 17:00:00,1.18125,1.18143,1.17808,1.1799,-71.0,-0.0013499999999999623,1
2026-02-26 18:00:00,1.1799,1.17993,1.17858,1.17919,-59.0,-0.0007199999999998319,1
2026-02-26 19:00:00,1.17919,1.17933,1.17738,1.1776,30.0,-0.0015800000000001369,1
2026-02-26 20:00:00,1.1776,1.17873,1.17739,1.17841,67.0,0.0008099999999999774,1
2026-02-26 21:00:00,1.17843,1.17953,1.17823,1.1795,24.0,0.0012600000000000389,1
2026-02-27 03:00:00,1.17974,1.18001,1.17887,1.17899,-24.0,-0.0006900000000000794,1
2026-02-27 04:00:00,1.17901,1.18012,1.17901,1.18004,53.0,0.0010399999999999299,1
2026-02-27 05:00:00,1.18004,1.18057,1.18,1.18034,20.0,0.00031000000000003247,1
2026-02-27 06:00:00,1.18034,1.18131,1.18019,1.18108,72.0,0.0007399999999999629,1
2026-02-27 07:00:00,1.18108,1.18118,1.1806,1.18084,-7.0,-0.00024000000000001798,1
2026-02-27 08:00:00,1.18083,1.18108,1.1802,1.18041,-17.0,-0.00042999999999993044,1
2026-02-27 09:00:00,1.18041,1.18193,1.17969,1.18148,-40.0,0.0010700000000001264,1
2026-02-27 10:00:00,1.18148,1.18216,1.18081,1.18096,-96.0,-0.000520000000000076,1
2026-02-27 11:00:00,1.18095,1.18114,1.1792799999999999,1.17951,1.0,-0.0014499999999999513,1
2026-02-27 12:00:00,1.1795200000000001,1.18036,1.17945,1.17987,20.0,0.00035999999999991594,1
2026-02-27 13:00:00,1.17988,1.1804000000000001,1.1796,1.18002,46.0,0.0001500000000000945,1
2026-02-27 14:00:00,1.18002,1.18082,1.17985,1.18023,1.0,0.00020999999999982144,1
2026-02-27 15:00:00,1.18023,1.18066,1.17903,1.17926,92.0,-0.0009699999999999154,1
2026-02-27 16:00:00,1.17926,1.18154,1.17907,1.17969,0.0,0.0,0
2026-02-27 17:00:00,1.17969,1.1817,1.17961,1.1807,0.0,0.0,0
2026-02-27 18:00:00,1.1807,1.18251,1.18055,1.1822,0.0,0.0,0
2026-02-27 19:00:00,1.1822,1.18269,1.18155,1.18164,0.0,0.0,0
2026-02-27 20:00:00,1.18164,1.18191,1.18112,1.18178,0.0,0.0,0
2026-02-27 21:00:00,1.18178,1.18228,1.18166,1.18191,0.0,0.0,0
2026-02-27 22:00:00,1.18191,1.18258,1.1815,1.18161,0.0,0.0,0
2026-02-27 23:00:00,1.18161,1.18181,1.1811,1.18132,0.0,0.0,0
2026-03-02 00:00:00,1.17713,1.17776,1.17571,1.17752,12.0,0.00038999999999989043,1
2026-03-02 01:00:00,1.17752,1.17876,1.17567,1.17591,-121.0,-0.0016099999999998893,1
2026-03-02 02:00:00,1.1759,1.17779,1.17559,1.1777199999999999,-157.0,0.0018199999999999328,1
2026-03-02 03:00:00,1.1777199999999999,1.17942,1.17751,1.1791800000000001,138.0,0.0014500000000001734,1
2026-03-02 04:00:00,1.1791800000000001,1.17932,1.17808,1.17885,-33.0,-0.0003300000000001635,1
2026-03-02 05:00:00,1.17885,1.17957,1.1788,1.17885,36.0,0.0,1
2026-03-02 06:00:00,1.17885,1.17901,1.17817,1.17862,27.0,-0.00022999999999995246,1
2026-03-02 07:00:00,1.17862,1.17862,1.17659,1.1766,-128.0,-0.0020199999999999108,1
2026-03-02 08:00:00,1.1766,1.17665,1.17301,1.17322,-28.0,-0.0033800000000001607,1
2026-03-02 09:00:00,1.17322,1.17342,1.17033,1.17164,-15.0,-0.0016199999999999548,1
2026-03-02 10:00:00,1.17164,1.17237,1.1697899999999999,1.17225,81.0,0.0006500000000000394,1
2026-03-02 11:00:00,1.17225,1.17437,1.1721,1.17329,-121.0,0.0010399999999999299,1
2026-03-02 12:00:00,1.17329,1.17472,1.17327,1.17386,33.0,0.0005699999999999594,1
2026-03-02 13:00:00,1.17385,1.17411,1.17261,1.17332,131.0,-0.0005399999999999849,1
2026-03-02 14:00:00,1.17332,1.17337,1.1702,1.17036,-89.0,-0.0029599999999998516,1
2026-03-02 15:00:00,1.17036,1.17183,1.16954,1.16984,9.0,-0.000520000000000076,1
2026-03-02 16:00:00,1.16982,1.17238,1.16948,1.17173,29.0,0.0019100000000000783,1
2026-03-02 17:00:00,1.17173,1.17173,1.16797,1.16799,104.0,-0.003750000000000142,1
2026-03-02 18:00:00,1.16799,1.16942,1.16716,1.16895,9.0,0.0009500000000000064,1
2026-03-02 19:00:00,1.16895,1.17078,1.16866,1.17071,-24.0,0.0017599999999999838,1
2026-03-02 20:00:00,1.17071,1.17073,1.16868,1.16943,124.0,-0.0012699999999998823,1
2026-03-02 21:00:00,1.16944,1.17134,1.16938,1.1711,99.0,0.0016599999999999948,1
2026-03-02 22:00:00,1.1711,1.1713,1.16784,1.169,270.0,-0.0020999999999999908,1
2026-03-02 23:00:00,1.169,1.16949,1.16867,1.16867,41.0,-0.00032999999999994145,1
2026-03-03 00:00:00,1.16865,1.16913,1.16819,1.16867,51.0,0.0,1
2026-03-03 01:00:00,1.16873,1.1697899999999999,1.16873,1.16944,39.0,0.0007699999999999374,1
2026-03-03 02:00:00,1.1694499999999999,1.16955,1.16863,1.16951,135.0,7.00000000000145e-05,1
2026-03-03 03:00:00,1.16951,1.17068,1.16921,1.16967,43.0,0.00015999999999993797,1
2026-03-03 04:00:00,1.16967,1.16989,1.1685699999999999,1.16941,-1.0,-0.00025999999999992696,1
2026-03-03 05:00:00,1.16943,1.16973,1.16862,1.16902,-38.0,-0.0003900000000001125,1
2026-03-03 06:00:00,1.16902,1.16934,1.16791,1.16809,8.0,-0.0009299999999998754,1
2026-03-03 07:00:00,1.1681,1.1684700000000001,1.16649,1.1666400000000001,58.0,-0.0014499999999999513,1
2026-03-03 08:00:00,1.1666400000000001,1.16716,1.16619,1.1669,158.0,0.00025999999999992696,1
2026-03-03 09:00:00,1.1669,1.1669,1.16426,1.16437,8.0,-0.0025300000000001432,1
2026-03-03 10:00:00,1.16437,1.1646,1.16177,1.16228,82.0,-0.0020899999999999253,1
2026-03-03 11:00:00,1.16228,1.1629,1.1598600000000001,1.16052,16.0,-0.0017599999999999838,1
2026-03-03 12:00:00,1.16052,1.16127,1.15891,1.15917,-179.0,-0.0013300000000000534,1
2026-03-03 13:00:00,1.15917,1.16035,1.15819,1.15973,107.0,0.0005399999999999849,1
2026-03-03 14:00:00,1.15973,1.16153,1.159,1.16128,11.0,0.0015500000000001624,1
2026-03-03 15:00:00,1.16128,1.16149,1.159,1.15905,-142.0,-0.0022300000000001763,1
2026-03-03 16:00:00,1.15905,1.15994,1.15649,1.15674,-86.0,-0.0023400000000000087,1
2026-03-03 17:00:00,1.15674,1.1585,1.15301,1.15726,-80.0,0.0005500000000000504,1
2026-03-03 18:00:00,1.15727,1.1606,1.15692,1.16029,100.0,0.0030200000000000227,1
2026-03-03 19:00:00,1.16029,1.16035,1.15867,1.15903,-68.0,-0.0012499999999999734,1
2026-03-03 20:00:00,1.15903,1.16221,1.1589800000000001,1.16156,284.0,0.002529999999999921,1
2026-03-03 21:00:00,1.16156,1.16257,1.15997,1.16125,-154.0,-0.00031000000000003247,1
2026-03-03 22:00:00,1.16125,1.16244,1.16111,1.16175,-149.0,0.0004900000000001015,1
2026-03-03 23:00:00,1.16175,1.1618,1.16095,1.1613,-20.0,-0.00043999999999999595,1
2026-03-04 00:00:00,1.16134,1.16154,1.16101,1.1612,6.0,-9.999999999998899e-05,1
2026-03-04 01:00:00,1.1613,1.1620300000000001,1.16086,1.16104,-78.0,-0.00015999999999993797,1
2026-03-04 02:00:00,1.16106,1.1611,1.1592,1.15928,-32.0,-0.0017599999999999838,1
2026-03-04 03:00:00,1.15928,1.15974,1.15745,1.15936,237.0,8.999999999992347e-05,1
2026-03-04 04:00:00,1.15936,1.16042,1.15912,1.15979,39.0,0.00042000000000008697,1
2026-03-04 05:00:00,1.15979,1.1609099999999999,1.15952,1.16083,127.0,0.0010399999999999299,1
2026-03-04 06:00:00,1.16083,1.16103,1.15901,1.15929,-32.0,-0.0015400000000000968,1
2026-03-04 07:00:00,1.1593,1.15988,1.15869,1.15951,131.0,0.000220000000000109,1
2026-03-04 08:00:00,1.15951,1.16176,1.15896,1.16106,108.0,0.0015600000000000058,1
2026-03-04 09:00:00,1.16106,1.1628,1.16106,1.16158,-13.0,0.0005100000000000104,1
2026-03-04 10:00:00,1.16157,1.16168,1.15949,1.15995,208.0,-0.0016300000000000203,1
2026-03-04 11:00:00,1.15995,1.16198,1.1592,1.16085,87.0,0.0008999999999999009,1
2026-03-04 12:00:00,1.16085,1.1647,1.16085,1.16342,234.0,0.002569999999999961,1
2026-03-04 13:00:00,1.16342,1.16546,1.16308,1.16351,17.0,9.000000000014552e-05,1
2026-03-04 14:00:00,1.16351,1.16486,1.16259,1.16303,-100.0,-0.00048000000000003595,1
2026-03-04 15:00:00,1.16303,1.1652,1.163,1.1631,32.0,7.00000000000145e-05,1
2026-03-04 16:00:00,1.1631,1.16411,1.16206,1.16247,104.0,-0.0006300000000001305,1
2026-03-04 17:00:00,1.16247,1.16404,1.16165,1.16402,76.0,0.0015500000000001624,1
2026-03-04 18:00:00,1.16402,1.16461,1.16284,1.1637,-78.0,-0.000320000000000098,1
2026-03-04 19:00:00,1.1637,1.16436,1.16262,1.1633,34.0,-0.00039999999999995595,1
2026-03-04 20:00:00,1.1633,1.16334,1.16233,1.16242,81.0,-0.0008799999999999919,1
2026-03-04 21:00:00,1.16242,1.1641,1.16242,1.16397,115.0,0.0015199999999999658,1
2026-03-04 22:00:00,1.16397,1.16436,1.16381,1.16401,42.0,7.00000000000145e-05,1
2026-03-04 23:00:00,1.16401,1.16414,1.1632500000000001,1.1633,15.0,-0.0007099999999999884,1
2026-03-05 00:00:00,1.1633,1.16342,1.16256,1.16341,26.0,0.0001100000000000545,1
2026-03-05 01:00:00,1.16341,1.16395,1.16336,1.16346,-6.0,4.999999999988347e-05,1
2026-03-05 02:00:00,1.16347,1.16452,1.16319,1.16449,104.0,0.0010300000000000864,1
2026-03-05 03:00:00,1.16449,1.16474,1.16269,1.16279,-22.0,-0.0017000000000000348,1
2026-03-05 04:00:00,1.1628,1.16317,1.16223,1.16256,-26.0,-0.00024000000000001798,1
2026-03-05 05:00:00,1.16256,1.16275,1.16098,1.1613,24.0,-0.0012499999999999734,1
2026-03-05 06:00:00,1.1613,1.16146,1.16054,1.16082,-42.0,-0.00048000000000003595,1
2026-03-05 07:00:00,1.16082,1.16137,1.15939,1.15944,-64.0,-0.0013799999999999368,1
2026-03-05 08:00:00,1.15944,1.16161,1.15875,1.16066,131.0,0.0012799999999999478,1
2026-03-05 09:00:00,1.16066,1.1616,1.1599,1.16048,-7.0,-0.00024000000000001798,1
2026-03-05 10:00:00,1.16048,1.16048,1.15814,1.1598600000000001,2.0,-0.0006099999999999994,1
2026-03-05 11:00:00,1.1598600000000001,1.16444,1.15963,1.16225,-11.0,0.0023800000000000487,1
2026-03-05 12:00:00,1.16225,1.16315,1.16061,1.16107,-241.0,-0.0011799999999999589,1
2026-03-05 13:00:00,1.1610800000000001,1.16172,1.16037,1.16113,-77.0,4.999999999988347e-05,1
2026-03-05 14:00:00,1.16113,1.16248,1.16073,1.16204,42.0,0.0009200000000000319,1
2026-03-05 15:00:00,1.1620300000000001,1.16243,1.15897,1.15975,-67.0,-0.0022999999999999687,1
2026-03-05 16:00:00,1.15974,1.16087,1.15923,1.16026,-174.0,0.0005100000000000104,1
2026-03-05 17:00:00,1.16027,1.1609,1.1569,1.15828,-144.0,-0.0019700000000000273,1
2026-03-05 18:00:00,1.15829,1.15868,1.15587,1.15836,-318.0,8.000000000008001e-05,1
2026-03-05 19:00:00,1.1583700000000001,1.15918,1.15724,1.15877,-88.0,0.00041000000000002146,1
2026-03-05 20:00:00,1.15877,1.15915,1.1571,1.1586,98.0,-0.00017000000000000348,1
2026-03-05 21:00:00,1.1586,1.1588,1.15699,1.15728,-168.0,-0.0013199999999999878,1
2026-03-05 22:00:00,1.15728,1.16102,1.157,1.16046,-32.0,0.0031399999999999206,1
2026-03-05 23:00:00,1.16045,1.16101,1.16015,1.1608,-47.0,0.00038000000000004697,1
2026-03-06 00:00:00,1.16079,1.16098,1.16061,1.16077,16.0,-2.999999999997449e-05,1
2026-03-06 01:00:00,1.1608100000000001,1.16103,1.16031,1.16064,-16.0,-0.00013000000000018552,1
2026-03-06 02:00:00,1.16065,1.1614200000000001,1.16052,1.16109,44.0,0.00045000000000006146,1
2026-03-06 03:00:00,1.16109,1.16201,1.16068,1.16149,22.0,0.00039999999999995595,1
2026-03-06 04:00:00,1.16148,1.16205,1.16141,1.16162,0.0,0.00013000000000018552,1
2026-03-06 05:00:00,1.16162,1.16206,1.1616,1.162,32.0,0.0003799999999998249,1
2026-03-06 06:00:00,1.162,1.1621,1.16129,1.16134,-79.0,-0.0006599999999998829,1
2026-03-06 07:00:00,1.16134,1.16165,1.16054,1.16063,40.0,-0.0007099999999999884,1
2026-03-06 08:00:00,1.16063,1.16119,1.16016,1.16115,126.0,0.0005199999999998539,1
2026-03-06 09:00:00,1.16115,1.16181,1.16062,1.16146,-57.0,0.00031000000000003247,1
2026-03-06 10:00:00,1.16147,1.16147,1.16015,1.16029,-34.0,-0.0011699999999998933,1
2026-03-06 11:00:00,1.16029,1.1602999999999999,1.1571799999999999,1.1574200000000001,-71.0,-0.002869999999999928,1
2026-03-06 12:00:00,1.1574200000000001,1.1585,1.15728,1.15784,33.0,0.0004199999999998649,1
2026-03-06 13:00:00,1.15784,1.1581299999999999,1.15611,1.15625,-54.0,-0.0015899999999999803,1
2026-03-06 14:00:00,1.15625,1.15688,1.15522,1.15549,90.0,-0.0007600000000000939,1
2026-03-06 15:00:00,1.15548,1.15928,1.15505,1.15551,204.0,2.0000000000131024e-05,1
2026-03-06 16:00:00,1.15551,1.15746,1.1546,1.15721,-122.0,0.0017000000000000348,1
2026-03-06 17:00:00,1.15721,1.15929,1.15704,1.15794,-30.0,0.0007299999999998974,1
2026-03-06 18:00:00,1.15794,1.16131,1.15789,1.16055,168.0,0.002610000000000001,1
2026-03-06 19:00:00,1.16054,1.16096,1.15946,1.15958,26.0,-0.0009699999999999154,1
2026-03-06 20:00:00,1.15958,1.16215,1.15927,1.15985,-19.0,0.00026999999999999247,1
2026-03-06 21:00:00,1.15985,1.16096,1.15965,1.16013,160.0,0.00025999999999992696,1
2026-03-06 22:00:00,1.16013,1.16099,1.15956,1.16059,86.0,0.00048000000000003595,1
2026-03-06 23:00:00,1.1605699999999999,1.16182,1.16049,1.1616900000000001,43.0,0.001100000000000101,1
2026-03-09 00:00:00,1.15465,1.15517,1.15261,1.15358,-154.0,-0.0010699999999999044,1
2026-03-09 01:00:00,1.15358,1.15399,1.15211,1.15242,73.0,-0.0011600000000000499,1
2026-03-09 02:00:00,1.15242,1.15314,1.15158,1.15172,215.0,-0.0006999999999999229,1
2026-03-09 03:00:00,1.15172,1.15239,1.1507,1.15091,138.0,-0.0008099999999999774,1
2026-03-09 04:00:00,1.15092,1.1528100000000001,1.15083,1.15247,163.0,0.0015600000000000058,1
2026-03-09 05:00:00,1.15247,1.15289,1.15126,1.15165,30.0,-0.0008200000000000429,1
2026-03-09 06:00:00,1.15167,1.15295,1.15158,1.15258,89.0,0.0009299999999998754,1
2026-03-09 07:00:00,1.15259,1.1571500000000001,1.15238,1.15674,-206.0,0.004160000000000164,1
2026-03-09 08:00:00,1.15674,1.1569,1.15446,1.1544699999999999,26.0,-0.0022700000000002163,1
2026-03-09 09:00:00,1.1544699999999999,1.15652,1.1535199999999999,1.15634,297.0,0.0018200000000001548,1
2026-03-09 10:00:00,1.15634,1.1565400000000001,1.15153,1.15347,-109.0,-0.0028200000000000447,1
2026-03-09 11:00:00,1.15347,1.15733,1.15309,1.1554,-8.0,0.0019299999999999873,1
2026-03-09 12:00:00,1.1554,1.15649,1.15468,1.15603,167.0,0.0006299999999999084,1
2026-03-09 13:00:00,1.15603,1.15678,1.15551,1.15612,-82.0,9.000000000014552e-05,1
2026-03-09 14:00:00,1.15612,1.15685,1.15501,1.1553200000000001,-129.0,-0.0007999999999999119,1
2026-03-09 15:00:00,1.1553200000000001,1.15878,1.15523,1.15759,-116.0,0.0022599999999999287,1
2026-03-09 16:00:00,1.15759,1.15782,1.15476,1.1573,36.0,-0.000260000000000149,1
2026-03-09 17:00:00,1.1573,1.15938,1.15724,1.15916,17.0,0.0018500000000001293,1
2026-03-09 18:00:00,1.15916,1.15993,1.15852,1.15876,19.0,-0.00041000000000002146,1
2026-03-09 19:00:00,1.15876,1.15895,1.15785,1.15787,73.0,-0.0008900000000000574,1
2026-03-09 20:00:00,1.15787,1.15843,1.15758,1.15764,-3.0,-0.00022999999999995246,1
2026-03-09 21:00:00,1.15764,1.16337,1.15753,1.16089,293.0,0.003249999999999975,1
2026-03-09 22:00:00,1.16089,1.16377,1.16087,1.16348,258.0,0.002569999999999961,1
2026-03-09 23:00:00,1.1635,1.16374,1.1632,1.16366,6.0,0.00019999999999997797,1
2026-03-10 00:00:00,1.16366,1.16456,1.16226,1.16297,-15.0,-0.0006899999999998574,1
2026-03-10 01:00:00,1.16297,1.16314,1.16146,1.16165,-171.0,-0.0013199999999999878,1
2026-03-10 02:00:00,1.16165,1.16357,1.16116,1.16262,-156.0,0.0009699999999999154,1
2026-03-10 03:00:00,1.16262,1.16297,1.1611799999999999,1.16199,21.0,-0.0006299999999999084,1
2026-03-10 04:00:00,1.16199,1.16268,1.16117,1.16132,-114.0,-0.0006700000000001705,1
2026-03-10 05:00:00,1.16132,1.16157,1.16079,1.16095,116.0,-0.00036999999999998145,1
2026-03-10 06:00:00,1.16095,1.16144,1.16067,1.16117,101.0,0.000220000000000109,1
2026-03-10 07:00:00,1.16117,1.1620300000000001,1.16115,1.1620300000000001,61.0,0.0008600000000000829,1
2026-03-10 08:00:00,1.1620300000000001,1.16376,1.1620300000000001,1.1632500000000001,25.0,0.0012199999999999989,1
2026-03-10 09:00:00,1.1632500000000001,1.16635,1.16275,1.16605,142.0,0.0028199999999998226,1
2026-03-10 10:00:00,1.16605,1.16619,1.16431,1.1645699999999999,221.0,-0.0014799999999999258,1
2026-03-10 11:00:00,1.1645699999999999,1.1659,1.16437,1.16513,71.0,0.0005399999999999849,1
2026-03-10 12:00:00,1.16513,1.16517,1.16204,1.16395,19.0,-0.0011799999999999589,1
2026-03-10 13:00:00,1.16395,1.1653,1.1636199999999999,1.16384,93.0,-0.0001100000000000545,1
2026-03-10 14:00:00,1.16384,1.16409,1.16214,1.16344,224.0,-0.00039999999999995595,1
2026-03-10 15:00:00,1.16344,1.1649,1.16291,1.16324,112.0,-0.00019999999999997797,1
2026-03-10 16:00:00,1.16324,1.16505,1.16271,1.1648399999999999,68.0,0.0015999999999998238,1
2026-03-10 17:00:00,1.16483,1.16553,1.16397,1.16475,129.0,-8.999999999992347e-05,1
2026-03-10 18:00:00,1.16475,1.16546,1.16389,1.16516,166.0,0.00041000000000002146,1
2026-03-10 19:00:00,1.16516,1.16673,1.16415,1.16452,98.0,-0.0006399999999999739,1
2026-03-10 20:00:00,1.16452,1.16459,1.16138,1.16243,-24.0,-0.0020899999999999253,1
2026-03-10 21:00:00,1.16243,1.16286,1.16064,1.16143,-98.0,-0.001000000000000112,1
2026-03-10 22:00:00,1.16143,1.16155,1.1608,1.16103,99.0,-0.00039999999999995595,1
2026-03-10 23:00:00,1.16103,1.16119,1.16053,1.161,24.0,-2.999999999997449e-05,1
2026-03-11 00:00:00,1.161,1.16132,1.16029,1.1605,54.0,-0.0004999999999999449,1
2026-03-11 01:00:00,1.1605,1.16121,1.16048,1.16114,128.0,0.0006399999999999739,1
2026-03-11 02:00:00,1.16114,1.16249,1.1605699999999999,1.1617899999999999,-48.0,0.0006499999999998174,1
2026-03-11 03:00:00,1.1617899999999999,1.16281,1.16124,1.16268,-11.0,0.0008900000000000574,1
2026-03-11 04:00:00,1.16268,1.16293,1.16186,1.16259,-9.0,-8.999999999992347e-05,1
2026-03-11 05:00:00,1.16259,1.16318,1.16251,1.16304,-10.0,0.00045000000000006146,1
2026-03-11 06:00:00,1.16303,1.16352,1.16276,1.16337,42.0,0.00032999999999994145,1
2026-03-11 07:00:00,1.16336,1.16361,1.163,1.1632500000000001,-55.0,-0.00011999999999989797,1
2026-03-11 08:00:00,1.1632500000000001,1.16409,1.16299,1.1633499999999999,51.0,9.999999999976694e-05,1
2026-03-11 09:00:00,1.1633499999999999,1.16455,1.16134,1.1617,34.0,-0.0016499999999999293,1
2026-03-11 10:00:00,1.1616900000000001,1.16214,1.16036,1.16126,29.0,-0.00045000000000006146,1
2026-03-11 11:00:00,1.16126,1.16139,1.15901,1.15921,77.0,-0.0020399999999998197,1
2026-03-11 12:00:00,1.15922,1.16116,1.1591,1.16071,160.0,0.0014999999999998348,1
2026-03-11 13:00:00,1.1607,1.16106,1.15945,1.15945,115.0,-0.0012199999999999989,1
2026-03-11 14:00:00,1.15946,1.16056,1.15773,1.15826,106.0,-0.0012299999999998423,1
2026-03-11 15:00:00,1.15826,1.15934,1.15778,1.15917,112.0,0.0008899999999998354,1
2026-03-11 16:00:00,1.15917,1.16128,1.1581,1.1582,82.0,-0.0009500000000000064,1
2026-03-11 17:00:00,1.1582,1.15843,1.15652,1.15661,144.0,-0.0015899999999999803,1
2026-03-11 18:00:00,1.15661,1.15767,1.15628,1.1571,138.0,0.0004900000000001015,1
2026-03-11 19:00:00,1.1571,1.15765,1.15608,1.15712,174.0,1.999999999990898e-05,1
2026-03-11 20:00:00,1.15712,1.15743,1.15641,1.15717,35.0,5.0000000000105516e-05,1
2026-03-11 21:00:00,1.15716,1.15763,1.1568,1.15732,87.0,0.00014999999999987246,1
2026-03-11 22:00:00,1.15732,1.15737,1.15649,1.15668,-30.0,-0.0006399999999999739,1
2026-03-11 23:00:00,1.15666,1.1573,1.15644,1.15729,-6.0,0.0006099999999999994,1
2026-03-12 00:00:00,1.15729,1.15744,1.15494,1.15501,69.0,-0.0022799999999998377,1
2026-03-12 01:00:00,1.15501,1.15537,1.15397,1.15427,119.0,-0.000740000000000185,1
2026-03-12 02:00:00,1.15427,1.155,1.1534,1.15459,19.0,0.000320000000000098,1
2026-03-12 03:00:00,1.15459,1.15556,1.15454,1.15507,58.0,0.00048000000000003595,1
2026-03-12 04:00:00,1.15507,1.15543,1.15322,1.15388,-17.0,-0.0011900000000000244,1
2026-03-12 05:00:00,1.15388,1.15404,1.15331,1.15383,-68.0,-5.0000000000105516e-05,1
2026-03-12 06:00:00,1.15383,1.154,1.15319,1.15331,-12.0,-0.0005199999999998539,1
2026-03-12 07:00:00,1.1533,1.15452,1.15327,1.15395,39.0,0.0006299999999999084,1
2026-03-12 08:00:00,1.15396,1.15516,1.15392,1.15478,88.0,0.0008399999999999519,1
2026-03-12 09:00:00,1.15478,1.15529,1.15415,1.15511,42.0,0.0003300000000001635,1
2026-03-12 10:00:00,1.15511,1.1556,1.15433,1.15473,-2.0,-0.0003700000000002035,1
2026-03-12 11:00:00,1.15473,1.15613,1.15445,1.15597,113.0,0.0012500000000001954,1
2026-03-12 12:00:00,1.1559599999999999,1.15629,1.15494,1.15578,-88.0,-0.00021000000000004349,1
2026-03-12 13:00:00,1.15578,1.15663,1.15525,1.15563,-77.0,-0.0001500000000000945,1
2026-03-12 14:00:00,1.15565,1.15574,1.1532499999999999,1.15393,-1.0,-0.0017000000000000348,1
2026-03-12 15:00:00,1.15393,1.15504,1.15201,1.15261,-199.0,-0.0013199999999999878,1
2026-03-12 16:00:00,1.1526,1.15332,1.15156,1.15205,118.0,-0.0005599999999998939,1
2026-03-12 17:00:00,1.15205,1.15285,1.15109,1.15219,99.0,0.00015999999999993797,1
2026-03-12 18:00:00,1.15219,1.15327,1.15135,1.1522000000000001,89.0,-9.999999999843467e-06,1
2026-03-12 19:00:00,1.15219,1.1532,1.15187,1.15219,104.0,-1.0000000000065512e-05,1
2026-03-12 20:00:00,1.15219,1.15243,1.15112,1.15122,70.0,-0.0009700000000001374,1
2026-03-12 21:00:00,1.15122,1.15185,1.15107,1.15151,-20.0,0.000280000000000058,1
2026-03-12 22:00:00,1.15151,1.15163,1.151,1.15115,3.0,-0.0003500000000000725,1
2026-03-12 23:00:00,1.15115,1.1513200000000001,1.15086,1.15116,-6.0,-9.999999999843467e-06,1
2026-03-13 00:00:00,1.15116,1.15216,1.1511,1.15192,-4.0,0.0007800000000000029,1
2026-03-13 01:00:00,1.15191,1.15231,1.1515,1.15209,8.0,0.00021000000000004349,1
2026-03-13 02:00:00,1.15208,1.15284,1.1520299999999999,1.15234,-44.0,0.00020999999999982144,1
2026-03-13 03:00:00,1.15234,1.15298,1.15145,1.15164,-52.0,-0.0006999999999999229,1
2026-03-13 04:00:00,1.15164,1.15223,1.15112,1.15138,61.0,-0.00025999999999992696,1
2026-03-13 05:00:00,1.15138,1.1515900000000001,1.15048,1.15092,7.0,-0.000460000000000127,1
2026-03-13 06:00:00,1.15092,1.15093,1.15,1.15032,20.0,-0.0005999999999999339,1
2026-03-13 07:00:00,1.15032,1.15066,1.15,1.15009,40.0,-0.00022999999999995246,1
2026-03-13 08:00:00,1.15008,1.15034,1.14823,1.14829,-104.0,-0.0018000000000000238,1
2026-03-13 09:00:00,1.14829,1.14837,1.14542,1.14578,104.0,-0.0024999999999999467,1
2026-03-13 10:00:00,1.14578,1.14592,1.14329,1.14451,-61.0,-0.0012800000000001699,1
2026-03-13 11:00:00,1.14451,1.14616,1.14451,1.14533,6.0,0.0008200000000000429,1
2026-03-13 12:00:00,1.14533,1.1472,1.14519,1.14583,-117.0,0.0004999999999999449,1
2026-03-13 13:00:00,1.14583,1.1470799999999999,1.14551,1.14684,124.0,0.0010200000000000209,1
2026-03-13 14:00:00,1.14684,1.14887,1.1461000000000001,1.14779,102.0,0.0009400000000001629,1
2026-03-13 15:00:00,1.14779,1.14902,1.14736,1.14789,-18.0,9.999999999998899e-05,1
2026-03-13 16:00:00,1.14789,1.14847,1.14553,1.14571,0.0,0.0,0
2026-03-13 17:00:00,1.14571,1.1461000000000001,1.14343,1.1443,0.0,0.0,0
2026-03-13 18:00:00,1.1443,1.14505,1.1436,1.14418,0.0,0.0,0
2026-03-13 19:00:00,1.14418,1.1446,1.14335,1.1442,0.0,0.0,0
2026-03-13 20:00:00,1.1442,1.14426,1.14314,1.14358,0.0,0.0,0
2026-03-13 21:00:00,1.14358,1.14367,1.14197,1.14222,0.0,0.0,0
2026-03-13 22:00:00,1.14222,1.14226,1.14108,1.1416,0.0,0.0,0
2026-03-13 23:00:00,1.1416,1.1416,1.1416,1.1416,0.0,0.0,0

