{"__type":"$$EventMessageAudit","id":"7773b3d1-bfe4-4ff1-8ed2-a5f83b49668f","ts":"2025-12-12T16:47:03.761+00:00","eventName":"n8n.audit.user.credentials.created","message":"n8n.audit.user.credentials.created","payload":{"userId":"491d35c9-9726-404d-ae12-f4c780734843","_email":"natchnon654321@gmail.com","_firstName":"Nutchanon","_lastName":"Sapmeechai","globalRole":"global:owner","credentialType":"ollamaApi","credentialId":"K9PXefLFGTAz6G7u","publicApi":false,"projectId":"Kvx6jnA7C8BM0WBs","projectType":"personal"}}
{"__type":"$$EventMessageConfirm","confirm":"7773b3d1-bfe4-4ff1-8ed2-a5f83b49668f","ts":"2025-12-12T16:47:03.762+00:00","source":{"id":"0","name":"eventBus"}}
{"__type":"$$EventMessageAudit","id":"5f12e985-a7a5-4b7d-b72a-faaf6383cd6b","ts":"2025-12-12T23:52:33.520+07:00","eventName":"n8n.audit.workflow.created","message":"n8n.audit.workflow.created","payload":{"userId":"491d35c9-9726-404d-ae12-f4c780734843","_email":"natchnon654321@gmail.com","_firstName":"Nutchanon","_lastName":"Sapmeechai","globalRole":"global:owner","workflowId":"HmkGu0Qs86INP6ij","workflowName":"My workflow"}}
{"__type":"$$EventMessageConfirm","confirm":"5f12e985-a7a5-4b7d-b72a-faaf6383cd6b","ts":"2025-12-12T23:52:33.521+07:00","source":{"id":"0","name":"eventBus"}}
{"__type":"$$EventMessageWorkflow","id":"bf79da63-3ccf-406c-a524-3f4fa890d0a3","ts":"2025-12-12T23:52:33.623+07:00","eventName":"n8n.workflow.started","message":"n8n.workflow.started","payload":{"executionId":"1","workflowId":"HmkGu0Qs86INP6ij","isManual":false,"workflowName":"My workflow"}}
{"__type":"$$EventMessageConfirm","confirm":"bf79da63-3ccf-406c-a524-3f4fa890d0a3","ts":"2025-12-12T23:52:33.623+07:00","source":{"id":"0","name":"eventBus"}}
{"__type":"$$EventMessageNode","id":"af606ae2-b0c5-410f-8d7e-a66d07307291","ts":"2025-12-12T23:52:33.624+07:00","eventName":"n8n.node.started","message":"n8n.node.started","payload":{"workflowId":"HmkGu0Qs86INP6ij","workflowName":"My workflow","executionId":"1","nodeType":"n8n-nodes-base.manualTrigger","nodeName":"When clicking ‘Execute workflow’","nodeId":"4ff1e5cb-c671-4fee-a2e4-8a597c638bd2"}}
{"__type":"$$EventMessageConfirm","confirm":"af606ae2-b0c5-410f-8d7e-a66d07307291","ts":"2025-12-12T23:52:33.624+07:00","source":{"id":"0","name":"eventBus"}}
{"__type":"$$EventMessageNode","id":"5e2b6a51-4be0-477f-bfc8-f6bfcf8d8657","ts":"2025-12-12T23:52:33.626+07:00","eventName":"n8n.node.finished","message":"n8n.node.finished","payload":{"workflowId":"HmkGu0Qs86INP6ij","workflowName":"My workflow","executionId":"1","nodeType":"n8n-nodes-base.manualTrigger","nodeName":"When clicking ‘Execute workflow’","nodeId":"4ff1e5cb-c671-4fee-a2e4-8a597c638bd2"}}
{"__type":"$$EventMessageConfirm","confirm":"5e2b6a51-4be0-477f-bfc8-f6bfcf8d8657","ts":"2025-12-12T23:52:33.626+07:00","source":{"id":"0","name":"eventBus"}}
{"__type":"$$EventMessageNode","id":"866f9ef7-8ef1-4959-98a2-25d9988e7f9b","ts":"2025-12-12T23:52:33.627+07:00","eventName":"n8n.node.started","message":"n8n.node.started","payload":{"workflowId":"HmkGu0Qs86INP6ij","workflowName":"My workflow","executionId":"1","nodeType":"@n8n/n8n-nodes-langchain.ollama","nodeName":"Analyze image","nodeId":"aeef5b0d-361e-4444-b8d1-d9fe98ef466c"}}
{"__type":"$$EventMessageConfirm","confirm":"866f9ef7-8ef1-4959-98a2-25d9988e7f9b","ts":"2025-12-12T23:52:33.627+07:00","source":{"id":"0","name":"eventBus"}}
{"__type":"$$EventMessageNode","id":"3bbb5efd-c32a-449d-8668-e5a3aa431a41","ts":"2025-12-12T23:52:33.641+07:00","eventName":"n8n.node.finished","message":"n8n.node.finished","payload":{"workflowId":"HmkGu0Qs86INP6ij","workflowName":"My workflow","executionId":"1","nodeType":"@n8n/n8n-nodes-langchain.ollama","nodeName":"Analyze image","nodeId":"aeef5b0d-361e-4444-b8d1-d9fe98ef466c"}}
{"__type":"$$EventMessageConfirm","confirm":"3bbb5efd-c32a-449d-8668-e5a3aa431a41","ts":"2025-12-12T23:52:33.641+07:00","source":{"id":"0","name":"eventBus"}}
{"__type":"$$EventMessageWorkflow","id":"3d700e7d-9a4e-4e52-ba29-4f7751f92d96","ts":"2025-12-12T23:52:33.644+07:00","eventName":"n8n.workflow.failed","message":"n8n.workflow.failed","payload":{"userId":"491d35c9-9726-404d-ae12-f4c780734843","executionId":"1","success":false,"isManual":true,"workflowId":"HmkGu0Qs86INP6ij","workflowName":"My workflow","lastNodeExecuted":"Analyze image","errorNodeType":"@n8n/n8n-nodes-langchain.ollama","errorMessage":"Cannot read properties of undefined (reading 'data')"}}
{"__type":"$$EventMessageConfirm","confirm":"3d700e7d-9a4e-4e52-ba29-4f7751f92d96","ts":"2025-12-12T23:52:33.644+07:00","source":{"id":"0","name":"eventBus"}}
{"__type":"$$EventMessageWorkflow","id":"fef23d79-72d1-4814-9a69-e39a119c91d1","ts":"2025-12-12T23:53:23.096+07:00","eventName":"n8n.workflow.started","message":"n8n.workflow.started","payload":{"executionId":"2","workflowId":"HmkGu0Qs86INP6ij","isManual":false,"workflowName":"My workflow"}}
{"__type":"$$EventMessageConfirm","confirm":"fef23d79-72d1-4814-9a69-e39a119c91d1","ts":"2025-12-12T23:53:23.096+07:00","source":{"id":"0","name":"eventBus"}}
{"__type":"$$EventMessageNode","id":"079c5782-c023-4a45-8817-5582077840fd","ts":"2025-12-12T23:53:23.097+07:00","eventName":"n8n.node.started","message":"n8n.node.started","payload":{"workflowId":"HmkGu0Qs86INP6ij","workflowName":"My workflow","executionId":"2","nodeType":"@n8n/n8n-nodes-langchain.ollama","nodeName":"Analyze image","nodeId":"aeef5b0d-361e-4444-b8d1-d9fe98ef466c"}}
{"__type":"$$EventMessageConfirm","confirm":"079c5782-c023-4a45-8817-5582077840fd","ts":"2025-12-12T23:53:23.098+07:00","source":{"id":"0","name":"eventBus"}}
{"__type":"$$EventMessageNode","id":"0977dc67-e434-465a-bb55-e8457cdd6caf","ts":"2025-12-12T23:53:23.099+07:00","eventName":"n8n.node.finished","message":"n8n.node.finished","payload":{"workflowId":"HmkGu0Qs86INP6ij","workflowName":"My workflow","executionId":"2","nodeType":"@n8n/n8n-nodes-langchain.ollama","nodeName":"Analyze image","nodeId":"aeef5b0d-361e-4444-b8d1-d9fe98ef466c"}}
{"__type":"$$EventMessageConfirm","confirm":"0977dc67-e434-465a-bb55-e8457cdd6caf","ts":"2025-12-12T23:53:23.099+07:00","source":{"id":"0","name":"eventBus"}}
{"__type":"$$EventMessageWorkflow","id":"76891cd1-3207-4bc1-866f-5a88e6ac2579","ts":"2025-12-12T23:53:23.100+07:00","eventName":"n8n.workflow.failed","message":"n8n.workflow.failed","payload":{"userId":"491d35c9-9726-404d-ae12-f4c780734843","executionId":"2","success":false,"isManual":true,"workflowId":"HmkGu0Qs86INP6ij","workflowName":"My workflow","lastNodeExecuted":"Analyze image","errorNodeType":"@n8n/n8n-nodes-langchain.ollama","errorMessage":"Cannot read properties of undefined (reading 'data')"}}
{"__type":"$$EventMessageConfirm","confirm":"76891cd1-3207-4bc1-866f-5a88e6ac2579","ts":"2025-12-12T23:53:23.100+07:00","source":{"id":"0","name":"eventBus"}}
{"__type":"$$EventMessageWorkflow","id":"c40a06ae-5c34-4f8b-a515-f38c1f4ce6a2","ts":"2025-12-12T23:54:09.071+07:00","eventName":"n8n.workflow.started","message":"n8n.workflow.started","payload":{"executionId":"3","workflowId":"HmkGu0Qs86INP6ij","isManual":false,"workflowName":"My workflow"}}
{"__type":"$$EventMessageConfirm","confirm":"c40a06ae-5c34-4f8b-a515-f38c1f4ce6a2","ts":"2025-12-12T23:54:09.071+07:00","source":{"id":"0","name":"eventBus"}}
{"__type":"$$EventMessageNode","id":"94ce696d-431b-42e8-b8ce-04a9eae75b78","ts":"2025-12-12T23:54:09.072+07:00","eventName":"n8n.node.started","message":"n8n.node.started","payload":{"workflowId":"HmkGu0Qs86INP6ij","workflowName":"My workflow","executionId":"3","nodeType":"n8n-nodes-base.manualTrigger","nodeName":"When clicking ‘Execute workflow’","nodeId":"99f57eea-1efd-4fe2-b027-5fa51378bc1e"}}
{"__type":"$$EventMessageConfirm","confirm":"94ce696d-431b-42e8-b8ce-04a9eae75b78","ts":"2025-12-12T23:54:09.072+07:00","source":{"id":"0","name":"eventBus"}}
{"__type":"$$EventMessageNode","id":"01f2dca4-eac9-484e-9c42-cf18c91071ba","ts":"2025-12-12T23:54:09.073+07:00","eventName":"n8n.node.finished","message":"n8n.node.finished","payload":{"workflowId":"HmkGu0Qs86INP6ij","workflowName":"My workflow","executionId":"3","nodeType":"n8n-nodes-base.manualTrigger","nodeName":"When clicking ‘Execute workflow’","nodeId":"99f57eea-1efd-4fe2-b027-5fa51378bc1e"}}
{"__type":"$$EventMessageConfirm","confirm":"01f2dca4-eac9-484e-9c42-cf18c91071ba","ts":"2025-12-12T23:54:09.073+07:00","source":{"id":"0","name":"eventBus"}}
{"__type":"$$EventMessageWorkflow","id":"1a8c631e-8379-4b86-bce3-9b6d835a0b8a","ts":"2025-12-12T23:54:09.074+07:00","eventName":"n8n.workflow.success","message":"n8n.workflow.success","payload":{"userId":"491d35c9-9726-404d-ae12-f4c780734843","executionId":"3","success":true,"isManual":true,"workflowId":"HmkGu0Qs86INP6ij","workflowName":"My workflow"}}
{"__type":"$$EventMessageConfirm","confirm":"1a8c631e-8379-4b86-bce3-9b6d835a0b8a","ts":"2025-12-12T23:54:09.074+07:00","source":{"id":"0","name":"eventBus"}}
{"__type":"$$EventMessageWorkflow","id":"3530dd39-166f-4a63-835f-e19422bf97aa","ts":"2025-12-12T23:54:16.614+07:00","eventName":"n8n.workflow.started","message":"n8n.workflow.started","payload":{"executionId":"4","workflowId":"HmkGu0Qs86INP6ij","isManual":false,"workflowName":"My workflow"}}
{"__type":"$$EventMessageConfirm","confirm":"3530dd39-166f-4a63-835f-e19422bf97aa","ts":"2025-12-12T23:54:16.614+07:00","source":{"id":"0","name":"eventBus"}}
{"__type":"$$EventMessageNode","id":"e6f0126e-6211-4299-9beb-5c449eb32172","ts":"2025-12-12T23:54:16.615+07:00","eventName":"n8n.node.started","message":"n8n.node.started","payload":{"workflowId":"HmkGu0Qs86INP6ij","workflowName":"My workflow","executionId":"4","nodeType":"@n8n/n8n-nodes-langchain.ollama","nodeName":"Analyze image","nodeId":"aeef5b0d-361e-4444-b8d1-d9fe98ef466c"}}
{"__type":"$$EventMessageConfirm","confirm":"e6f0126e-6211-4299-9beb-5c449eb32172","ts":"2025-12-12T23:54:16.616+07:00","source":{"id":"0","name":"eventBus"}}
{"__type":"$$EventMessageNode","id":"ee48a7ed-0fa7-4123-b321-d7c6d91bfd60","ts":"2025-12-12T23:54:16.617+07:00","eventName":"n8n.node.finished","message":"n8n.node.finished","payload":{"workflowId":"HmkGu0Qs86INP6ij","workflowName":"My workflow","executionId":"4","nodeType":"@n8n/n8n-nodes-langchain.ollama","nodeName":"Analyze image","nodeId":"aeef5b0d-361e-4444-b8d1-d9fe98ef466c"}}
{"__type":"$$EventMessageConfirm","confirm":"ee48a7ed-0fa7-4123-b321-d7c6d91bfd60","ts":"2025-12-12T23:54:16.617+07:00","source":{"id":"0","name":"eventBus"}}
{"__type":"$$EventMessageWorkflow","id":"70bdda76-e42e-4505-a99d-aa43c7e0aaee","ts":"2025-12-12T23:54:16.618+07:00","eventName":"n8n.workflow.failed","message":"n8n.workflow.failed","payload":{"userId":"491d35c9-9726-404d-ae12-f4c780734843","executionId":"4","success":false,"isManual":true,"workflowId":"HmkGu0Qs86INP6ij","workflowName":"My workflow","lastNodeExecuted":"Analyze image","errorNodeType":"@n8n/n8n-nodes-langchain.ollama","errorMessage":"Cannot read properties of undefined (reading 'data')"}}
{"__type":"$$EventMessageConfirm","confirm":"70bdda76-e42e-4505-a99d-aa43c7e0aaee","ts":"2025-12-12T23:54:16.618+07:00","source":{"id":"0","name":"eventBus"}}
{"__type":"$$EventMessageWorkflow","id":"7dec810b-0f3c-451a-893c-f9e915b9024a","ts":"2025-12-12T23:54:18.614+07:00","eventName":"n8n.workflow.started","message":"n8n.workflow.started","payload":{"executionId":"5","workflowId":"HmkGu0Qs86INP6ij","isManual":false,"workflowName":"My workflow"}}
{"__type":"$$EventMessageConfirm","confirm":"7dec810b-0f3c-451a-893c-f9e915b9024a","ts":"2025-12-12T23:54:18.614+07:00","source":{"id":"0","name":"eventBus"}}
{"__type":"$$EventMessageNode","id":"1e331d08-6345-44f6-bab7-20ddbf4b6696","ts":"2025-12-12T23:54:18.615+07:00","eventName":"n8n.node.started","message":"n8n.node.started","payload":{"workflowId":"HmkGu0Qs86INP6ij","workflowName":"My workflow","executionId":"5","nodeType":"n8n-nodes-base.manualTrigger","nodeName":"When clicking ‘Execute workflow’","nodeId":"99f57eea-1efd-4fe2-b027-5fa51378bc1e"}}
{"__type":"$$EventMessageConfirm","confirm":"1e331d08-6345-44f6-bab7-20ddbf4b6696","ts":"2025-12-12T23:54:18.615+07:00","source":{"id":"0","name":"eventBus"}}
{"__type":"$$EventMessageNode","id":"de767d47-32cc-42e9-b61a-b3a3567f6675","ts":"2025-12-12T23:54:18.615+07:00","eventName":"n8n.node.finished","message":"n8n.node.finished","payload":{"workflowId":"HmkGu0Qs86INP6ij","workflowName":"My workflow","executionId":"5","nodeType":"n8n-nodes-base.manualTrigger","nodeName":"When clicking ‘Execute workflow’","nodeId":"99f57eea-1efd-4fe2-b027-5fa51378bc1e"}}
{"__type":"$$EventMessageConfirm","confirm":"de767d47-32cc-42e9-b61a-b3a3567f6675","ts":"2025-12-12T23:54:18.615+07:00","source":{"id":"0","name":"eventBus"}}
{"__type":"$$EventMessageWorkflow","id":"40cc452d-adfa-46a3-82c1-58da8f5b8042","ts":"2025-12-12T23:54:18.619+07:00","eventName":"n8n.workflow.success","message":"n8n.workflow.success","payload":{"userId":"491d35c9-9726-404d-ae12-f4c780734843","executionId":"5","success":true,"isManual":true,"workflowId":"HmkGu0Qs86INP6ij","workflowName":"My workflow"}}
{"__type":"$$EventMessageConfirm","confirm":"40cc452d-adfa-46a3-82c1-58da8f5b8042","ts":"2025-12-12T23:54:18.619+07:00","source":{"id":"0","name":"eventBus"}}
{"__type":"$$EventMessageWorkflow","id":"b4973374-99e7-4321-8ee9-61d0ae299708","ts":"2025-12-12T23:57:08.660+07:00","eventName":"n8n.workflow.started","message":"n8n.workflow.started","payload":{"executionId":"6","workflowId":"HmkGu0Qs86INP6ij","isManual":false,"workflowName":"My workflow"}}
{"__type":"$$EventMessageConfirm","confirm":"b4973374-99e7-4321-8ee9-61d0ae299708","ts":"2025-12-12T23:57:08.660+07:00","source":{"id":"0","name":"eventBus"}}
{"__type":"$$EventMessageNode","id":"b8d96310-cb95-44fc-82db-c2c36153cbfa","ts":"2025-12-12T23:57:08.660+07:00","eventName":"n8n.node.started","message":"n8n.node.started","payload":{"workflowId":"HmkGu0Qs86INP6ij","workflowName":"My workflow","executionId":"6","nodeType":"n8n-nodes-base.webhook","nodeName":"Webhook","nodeId":"6d7ffaf0-4bfe-41e9-a798-b44fddeef364"}}
{"__type":"$$EventMessageConfirm","confirm":"b8d96310-cb95-44fc-82db-c2c36153cbfa","ts":"2025-12-12T23:57:08.660+07:00","source":{"id":"0","name":"eventBus"}}
{"__type":"$$EventMessageNode","id":"622ba3bc-1143-4cfd-9822-ad5dfc2a9712","ts":"2025-12-12T23:57:08.661+07:00","eventName":"n8n.node.finished","message":"n8n.node.finished","payload":{"workflowId":"HmkGu0Qs86INP6ij","workflowName":"My workflow","executionId":"6","nodeType":"n8n-nodes-base.webhook","nodeName":"Webhook","nodeId":"6d7ffaf0-4bfe-41e9-a798-b44fddeef364"}}
{"__type":"$$EventMessageConfirm","confirm":"622ba3bc-1143-4cfd-9822-ad5dfc2a9712","ts":"2025-12-12T23:57:08.661+07:00","source":{"id":"0","name":"eventBus"}}
{"__type":"$$EventMessageWorkflow","id":"b6569ec7-d716-4aa1-821f-e2a06a6f5a5d","ts":"2025-12-12T23:57:08.662+07:00","eventName":"n8n.workflow.success","message":"n8n.workflow.success","payload":{"executionId":"6","success":true,"isManual":true,"workflowId":"HmkGu0Qs86INP6ij","workflowName":"My workflow"}}
{"__type":"$$EventMessageConfirm","confirm":"b6569ec7-d716-4aa1-821f-e2a06a6f5a5d","ts":"2025-12-12T23:57:08.663+07:00","source":{"id":"0","name":"eventBus"}}
{"__type":"$$EventMessageWorkflow","id":"19dbfe27-6113-4e46-944c-291911710ceb","ts":"2025-12-12T23:57:55.379+07:00","eventName":"n8n.workflow.started","message":"n8n.workflow.started","payload":{"executionId":"7","workflowId":"HmkGu0Qs86INP6ij","isManual":false,"workflowName":"My workflow"}}
{"__type":"$$EventMessageConfirm","confirm":"19dbfe27-6113-4e46-944c-291911710ceb","ts":"2025-12-12T23:57:55.379+07:00","source":{"id":"0","name":"eventBus"}}
{"__type":"$$EventMessageNode","id":"acf9cf93-cafc-41f5-9861-45bc781ca891","ts":"2025-12-12T23:57:55.379+07:00","eventName":"n8n.node.started","message":"n8n.node.started","payload":{"workflowId":"HmkGu0Qs86INP6ij","workflowName":"My workflow","executionId":"7","nodeType":"n8n-nodes-base.webhook","nodeName":"Webhook","nodeId":"6d7ffaf0-4bfe-41e9-a798-b44fddeef364"}}
{"__type":"$$EventMessageConfirm","confirm":"acf9cf93-cafc-41f5-9861-45bc781ca891","ts":"2025-12-12T23:57:55.380+07:00","source":{"id":"0","name":"eventBus"}}
{"__type":"$$EventMessageNode","id":"f5b0cc5f-3167-4d7c-9b17-a815dc1109b8","ts":"2025-12-12T23:57:55.380+07:00","eventName":"n8n.node.finished","message":"n8n.node.finished","payload":{"workflowId":"HmkGu0Qs86INP6ij","workflowName":"My workflow","executionId":"7","nodeType":"n8n-nodes-base.webhook","nodeName":"Webhook","nodeId":"6d7ffaf0-4bfe-41e9-a798-b44fddeef364"}}
{"__type":"$$EventMessageConfirm","confirm":"f5b0cc5f-3167-4d7c-9b17-a815dc1109b8","ts":"2025-12-12T23:57:55.380+07:00","source":{"id":"0","name":"eventBus"}}
{"__type":"$$EventMessageWorkflow","id":"351e6fab-e962-4b06-94f4-7f5299695b69","ts":"2025-12-12T23:57:55.385+07:00","eventName":"n8n.workflow.success","message":"n8n.workflow.success","payload":{"executionId":"7","success":true,"isManual":true,"workflowId":"HmkGu0Qs86INP6ij","workflowName":"My workflow"}}
{"__type":"$$EventMessageConfirm","confirm":"351e6fab-e962-4b06-94f4-7f5299695b69","ts":"2025-12-12T23:57:55.385+07:00","source":{"id":"0","name":"eventBus"}}
{"__type":"$$EventMessageWorkflow","id":"8a87f9b7-672e-4202-9260-81b7ee07a642","ts":"2025-12-13T00:00:55.454+07:00","eventName":"n8n.workflow.started","message":"n8n.workflow.started","payload":{"executionId":"8","workflowId":"HmkGu0Qs86INP6ij","isManual":false,"workflowName":"My workflow"}}
{"__type":"$$EventMessageConfirm","confirm":"8a87f9b7-672e-4202-9260-81b7ee07a642","ts":"2025-12-13T00:00:55.454+07:00","source":{"id":"0","name":"eventBus"}}
{"__type":"$$EventMessageNode","id":"f6061528-2461-42ff-a403-abc1e21e645d","ts":"2025-12-13T00:00:55.454+07:00","eventName":"n8n.node.started","message":"n8n.node.started","payload":{"workflowId":"HmkGu0Qs86INP6ij","workflowName":"My workflow","executionId":"8","nodeType":"n8n-nodes-base.webhook","nodeName":"Webhook","nodeId":"6d7ffaf0-4bfe-41e9-a798-b44fddeef364"}}
{"__type":"$$EventMessageConfirm","confirm":"f6061528-2461-42ff-a403-abc1e21e645d","ts":"2025-12-13T00:00:55.454+07:00","source":{"id":"0","name":"eventBus"}}
{"__type":"$$EventMessageNode","id":"e051c807-b400-4bc3-a182-be661177e39d","ts":"2025-12-13T00:00:55.455+07:00","eventName":"n8n.node.finished","message":"n8n.node.finished","payload":{"workflowId":"HmkGu0Qs86INP6ij","workflowName":"My workflow","executionId":"8","nodeType":"n8n-nodes-base.webhook","nodeName":"Webhook","nodeId":"6d7ffaf0-4bfe-41e9-a798-b44fddeef364"}}
{"__type":"$$EventMessageConfirm","confirm":"e051c807-b400-4bc3-a182-be661177e39d","ts":"2025-12-13T00:00:55.455+07:00","source":{"id":"0","name":"eventBus"}}
{"__type":"$$EventMessageNode","id":"a2dc0a94-b5a3-45f3-9dbd-4adae2b91d5f","ts":"2025-12-13T00:00:55.457+07:00","eventName":"n8n.node.started","message":"n8n.node.started","payload":{"workflowId":"HmkGu0Qs86INP6ij","workflowName":"My workflow","executionId":"8","nodeType":"@n8n/n8n-nodes-langchain.ollama","nodeName":"Analyze image","nodeId":"aeef5b0d-361e-4444-b8d1-d9fe98ef466c"}}
{"__type":"$$EventMessageConfirm","confirm":"a2dc0a94-b5a3-45f3-9dbd-4adae2b91d5f","ts":"2025-12-13T00:00:55.457+07:00","source":{"id":"0","name":"eventBus"}}
{"__type":"$$EventMessageNode","id":"a534e9c6-700b-40a0-b03f-90e3edab3f7e","ts":"2025-12-13T00:00:55.459+07:00","eventName":"n8n.node.finished","message":"n8n.node.finished","payload":{"workflowId":"HmkGu0Qs86INP6ij","workflowName":"My workflow","executionId":"8","nodeType":"@n8n/n8n-nodes-langchain.ollama","nodeName":"Analyze image","nodeId":"aeef5b0d-361e-4444-b8d1-d9fe98ef466c"}}
{"__type":"$$EventMessageConfirm","confirm":"a534e9c6-700b-40a0-b03f-90e3edab3f7e","ts":"2025-12-13T00:00:55.460+07:00","source":{"id":"0","name":"eventBus"}}
{"__type":"$$EventMessageWorkflow","id":"7ecdf93c-46c9-4056-a8bf-991427ee4d21","ts":"2025-12-13T00:00:55.461+07:00","eventName":"n8n.workflow.failed","message":"n8n.workflow.failed","payload":{"executionId":"8","success":false,"isManual":true,"workflowId":"HmkGu0Qs86INP6ij","workflowName":"My workflow","lastNodeExecuted":"Analyze image","errorNodeType":"@n8n/n8n-nodes-langchain.ollama","errorMessage":"Cannot read properties of undefined (reading 'id')"}}
{"__type":"$$EventMessageConfirm","confirm":"7ecdf93c-46c9-4056-a8bf-991427ee4d21","ts":"2025-12-13T00:00:55.461+07:00","source":{"id":"0","name":"eventBus"}}
{"__type":"$$EventMessageAudit","id":"acfd94db-7b66-46f2-bcae-676222c08cec","ts":"2025-12-13T00:07:37.502+07:00","eventName":"n8n.audit.user.credentials.deleted","message":"n8n.audit.user.credentials.deleted","payload":{"userId":"491d35c9-9726-404d-ae12-f4c780734843","_email":"natchnon654321@gmail.com","_firstName":"Nutchanon","_lastName":"Sapmeechai","globalRole":"global:owner","credentialType":"ollamaApi","credentialId":"K9PXefLFGTAz6G7u"}}
{"__type":"$$EventMessageConfirm","confirm":"acfd94db-7b66-46f2-bcae-676222c08cec","ts":"2025-12-13T00:07:37.503+07:00","source":{"id":"0","name":"eventBus"}}
{"__type":"$$EventMessageAudit","id":"8a4f066e-9e44-4f23-b8f7-451cee99ed53","ts":"2025-12-13T00:08:15.226+07:00","eventName":"n8n.audit.user.credentials.created","message":"n8n.audit.user.credentials.created","payload":{"userId":"491d35c9-9726-404d-ae12-f4c780734843","_email":"natchnon654321@gmail.com","_firstName":"Nutchanon","_lastName":"Sapmeechai","globalRole":"global:owner","credentialType":"ollamaApi","credentialId":"nZB38QTrrHE66vit","publicApi":false,"projectId":"Kvx6jnA7C8BM0WBs","projectType":"personal"}}
{"__type":"$$EventMessageConfirm","confirm":"8a4f066e-9e44-4f23-b8f7-451cee99ed53","ts":"2025-12-13T00:08:15.226+07:00","source":{"id":"0","name":"eventBus"}}
{"__type":"$$EventMessageAudit","id":"18c92fc2-1797-4760-a497-6e2e2e8ef5fd","ts":"2025-12-13T00:14:13.815+07:00","eventName":"n8n.audit.user.credentials.updated","message":"n8n.audit.user.credentials.updated","payload":{"userId":"491d35c9-9726-404d-ae12-f4c780734843","_email":"natchnon654321@gmail.com","_firstName":"Nutchanon","_lastName":"Sapmeechai","globalRole":"global:owner","credentialType":"ollamaApi","credentialId":"nZB38QTrrHE66vit"}}
{"__type":"$$EventMessageConfirm","confirm":"18c92fc2-1797-4760-a497-6e2e2e8ef5fd","ts":"2025-12-13T00:14:13.816+07:00","source":{"id":"0","name":"eventBus"}}
{"__type":"$$EventMessageWorkflow","id":"6f571ec5-022b-494b-8f99-e3e3165f807a","ts":"2025-12-13T00:14:57.909+07:00","eventName":"n8n.workflow.started","message":"n8n.workflow.started","payload":{"executionId":"9","workflowId":"HmkGu0Qs86INP6ij","isManual":false,"workflowName":"My workflow"}}
{"__type":"$$EventMessageConfirm","confirm":"6f571ec5-022b-494b-8f99-e3e3165f807a","ts":"2025-12-13T00:14:57.909+07:00","source":{"id":"0","name":"eventBus"}}
{"__type":"$$EventMessageNode","id":"bc54baee-d821-4314-9330-7b26e4521055","ts":"2025-12-13T00:14:57.909+07:00","eventName":"n8n.node.started","message":"n8n.node.started","payload":{"workflowId":"HmkGu0Qs86INP6ij","workflowName":"My workflow","executionId":"9","nodeType":"n8n-nodes-base.webhook","nodeName":"Webhook","nodeId":"6d7ffaf0-4bfe-41e9-a798-b44fddeef364"}}
{"__type":"$$EventMessageConfirm","confirm":"bc54baee-d821-4314-9330-7b26e4521055","ts":"2025-12-13T00:14:57.909+07:00","source":{"id":"0","name":"eventBus"}}
{"__type":"$$EventMessageNode","id":"e5eb9f0f-148d-4214-b1bb-fc71b6b36bbb","ts":"2025-12-13T00:14:57.910+07:00","eventName":"n8n.node.finished","message":"n8n.node.finished","payload":{"workflowId":"HmkGu0Qs86INP6ij","workflowName":"My workflow","executionId":"9","nodeType":"n8n-nodes-base.webhook","nodeName":"Webhook","nodeId":"6d7ffaf0-4bfe-41e9-a798-b44fddeef364"}}
{"__type":"$$EventMessageConfirm","confirm":"e5eb9f0f-148d-4214-b1bb-fc71b6b36bbb","ts":"2025-12-13T00:14:57.910+07:00","source":{"id":"0","name":"eventBus"}}
{"__type":"$$EventMessageNode","id":"0760489a-5614-4119-a0f4-a805b26fc755","ts":"2025-12-13T00:14:57.913+07:00","eventName":"n8n.node.started","message":"n8n.node.started","payload":{"workflowId":"HmkGu0Qs86INP6ij","workflowName":"My workflow","executionId":"9","nodeType":"@n8n/n8n-nodes-langchain.ollama","nodeName":"Analyze image1","nodeId":"94dd0954-f1c1-4b29-a9e3-63d049de57c1"}}
{"__type":"$$EventMessageConfirm","confirm":"0760489a-5614-4119-a0f4-a805b26fc755","ts":"2025-12-13T00:14:57.913+07:00","source":{"id":"0","name":"eventBus"}}
{"__type":"$$EventMessageNode","id":"4eac2673-fa4f-40a3-bb95-788bd3a58057","ts":"2025-12-13T00:14:57.915+07:00","eventName":"n8n.node.finished","message":"n8n.node.finished","payload":{"workflowId":"HmkGu0Qs86INP6ij","workflowName":"My workflow","executionId":"9","nodeType":"@n8n/n8n-nodes-langchain.ollama","nodeName":"Analyze image1","nodeId":"94dd0954-f1c1-4b29-a9e3-63d049de57c1"}}
{"__type":"$$EventMessageConfirm","confirm":"4eac2673-fa4f-40a3-bb95-788bd3a58057","ts":"2025-12-13T00:14:57.915+07:00","source":{"id":"0","name":"eventBus"}}
{"__type":"$$EventMessageWorkflow","id":"c1a8e0c6-937a-4ec2-acfa-d1cfbef43f08","ts":"2025-12-13T00:14:57.917+07:00","eventName":"n8n.workflow.failed","message":"n8n.workflow.failed","payload":{"executionId":"9","success":false,"isManual":true,"workflowId":"HmkGu0Qs86INP6ij","workflowName":"My workflow","lastNodeExecuted":"Analyze image1","errorNodeType":"@n8n/n8n-nodes-langchain.ollama","errorMessage":"Cannot read properties of undefined (reading 'id')"}}
{"__type":"$$EventMessageConfirm","confirm":"c1a8e0c6-937a-4ec2-acfa-d1cfbef43f08","ts":"2025-12-13T00:14:57.917+07:00","source":{"id":"0","name":"eventBus"}}
{"__type":"$$EventMessageWorkflow","id":"ec98421f-1080-445f-b2ac-fda33b4dfbf8","ts":"2025-12-13T00:15:24.165+07:00","eventName":"n8n.workflow.started","message":"n8n.workflow.started","payload":{"executionId":"10","workflowId":"HmkGu0Qs86INP6ij","isManual":false,"workflowName":"My workflow"}}
{"__type":"$$EventMessageConfirm","confirm":"ec98421f-1080-445f-b2ac-fda33b4dfbf8","ts":"2025-12-13T00:15:24.165+07:00","source":{"id":"0","name":"eventBus"}}
{"__type":"$$EventMessageNode","id":"b1612109-5305-4ba1-9487-e87fed384960","ts":"2025-12-13T00:15:24.169+07:00","eventName":"n8n.node.started","message":"n8n.node.started","payload":{"workflowId":"HmkGu0Qs86INP6ij","workflowName":"My workflow","executionId":"10","nodeType":"@n8n/n8n-nodes-langchain.ollama","nodeName":"Analyze image","nodeId":"94dd0954-f1c1-4b29-a9e3-63d049de57c1"}}
{"__type":"$$EventMessageConfirm","confirm":"b1612109-5305-4ba1-9487-e87fed384960","ts":"2025-12-13T00:15:24.169+07:00","source":{"id":"0","name":"eventBus"}}
{"__type":"$$EventMessageNode","id":"4b9d2253-1475-4887-9a05-c2273b135fff","ts":"2025-12-13T00:15:24.170+07:00","eventName":"n8n.node.finished","message":"n8n.node.finished","payload":{"workflowId":"HmkGu0Qs86INP6ij","workflowName":"My workflow","executionId":"10","nodeType":"@n8n/n8n-nodes-langchain.ollama","nodeName":"Analyze image","nodeId":"94dd0954-f1c1-4b29-a9e3-63d049de57c1"}}
{"__type":"$$EventMessageConfirm","confirm":"4b9d2253-1475-4887-9a05-c2273b135fff","ts":"2025-12-13T00:15:24.170+07:00","source":{"id":"0","name":"eventBus"}}
{"__type":"$$EventMessageWorkflow","id":"5ad87f1b-752f-44a5-9350-48781034a8bb","ts":"2025-12-13T00:15:24.172+07:00","eventName":"n8n.workflow.failed","message":"n8n.workflow.failed","payload":{"userId":"491d35c9-9726-404d-ae12-f4c780734843","executionId":"10","success":false,"isManual":true,"workflowId":"HmkGu0Qs86INP6ij","workflowName":"My workflow","lastNodeExecuted":"Analyze image","errorNodeType":"@n8n/n8n-nodes-langchain.ollama","errorMessage":"Cannot read properties of undefined (reading 'id')"}}
{"__type":"$$EventMessageConfirm","confirm":"5ad87f1b-752f-44a5-9350-48781034a8bb","ts":"2025-12-13T00:15:24.172+07:00","source":{"id":"0","name":"eventBus"}}
{"__type":"$$EventMessageWorkflow","id":"015f19f3-aa5a-4935-a05c-3f708a151cee","ts":"2025-12-13T00:17:42.283+07:00","eventName":"n8n.workflow.started","message":"n8n.workflow.started","payload":{"executionId":"11","workflowId":"HmkGu0Qs86INP6ij","isManual":false,"workflowName":"My workflow"}}
{"__type":"$$EventMessageConfirm","confirm":"015f19f3-aa5a-4935-a05c-3f708a151cee","ts":"2025-12-13T00:17:42.283+07:00","source":{"id":"0","name":"eventBus"}}
{"__type":"$$EventMessageNode","id":"724b36c8-fb49-407d-991c-1dc058429969","ts":"2025-12-13T00:17:42.283+07:00","eventName":"n8n.node.started","message":"n8n.node.started","payload":{"workflowId":"HmkGu0Qs86INP6ij","workflowName":"My workflow","executionId":"11","nodeType":"n8n-nodes-base.webhook","nodeName":"Webhook","nodeId":"6d7ffaf0-4bfe-41e9-a798-b44fddeef364"}}
{"__type":"$$EventMessageConfirm","confirm":"724b36c8-fb49-407d-991c-1dc058429969","ts":"2025-12-13T00:17:42.283+07:00","source":{"id":"0","name":"eventBus"}}
{"__type":"$$EventMessageNode","id":"fa8564fa-9d94-40b4-ae21-582c3be270ce","ts":"2025-12-13T00:17:42.283+07:00","eventName":"n8n.node.finished","message":"n8n.node.finished","payload":{"workflowId":"HmkGu0Qs86INP6ij","workflowName":"My workflow","executionId":"11","nodeType":"n8n-nodes-base.webhook","nodeName":"Webhook","nodeId":"6d7ffaf0-4bfe-41e9-a798-b44fddeef364"}}
{"__type":"$$EventMessageConfirm","confirm":"fa8564fa-9d94-40b4-ae21-582c3be270ce","ts":"2025-12-13T00:17:42.283+07:00","source":{"id":"0","name":"eventBus"}}
{"__type":"$$EventMessageNode","id":"2cce6f92-e878-49bf-a77b-03947076c5b4","ts":"2025-12-13T00:17:42.285+07:00","eventName":"n8n.node.started","message":"n8n.node.started","payload":{"workflowId":"HmkGu0Qs86INP6ij","workflowName":"My workflow","executionId":"11","nodeType":"@n8n/n8n-nodes-langchain.ollama","nodeName":"Analyze image","nodeId":"94dd0954-f1c1-4b29-a9e3-63d049de57c1"}}
{"__type":"$$EventMessageConfirm","confirm":"2cce6f92-e878-49bf-a77b-03947076c5b4","ts":"2025-12-13T00:17:42.285+07:00","source":{"id":"0","name":"eventBus"}}
{"__type":"$$EventMessageNode","id":"62b17daa-7bd7-4581-a98e-3262ba702186","ts":"2025-12-13T00:19:28.336+07:00","eventName":"n8n.node.finished","message":"n8n.node.finished","payload":{"workflowId":"HmkGu0Qs86INP6ij","workflowName":"My workflow","executionId":"11","nodeType":"@n8n/n8n-nodes-langchain.ollama","nodeName":"Analyze image","nodeId":"94dd0954-f1c1-4b29-a9e3-63d049de57c1"}}
{"__type":"$$EventMessageConfirm","confirm":"62b17daa-7bd7-4581-a98e-3262ba702186","ts":"2025-12-13T00:19:28.359+07:00","source":{"id":"0","name":"eventBus"}}
{"__type":"$$EventMessageWorkflow","id":"c5587973-a1fa-4427-b32b-8a975c22f942","ts":"2025-12-13T00:19:28.514+07:00","eventName":"n8n.workflow.success","message":"n8n.workflow.success","payload":{"executionId":"11","success":true,"isManual":true,"workflowId":"HmkGu0Qs86INP6ij","workflowName":"My workflow"}}
{"__type":"$$EventMessageConfirm","confirm":"c5587973-a1fa-4427-b32b-8a975c22f942","ts":"2025-12-13T00:19:28.515+07:00","source":{"id":"0","name":"eventBus"}}
{"__type":"$$EventMessageWorkflow","id":"3e6ae28f-d79c-40b5-8348-2b22f4fa6cf4","ts":"2025-12-13T00:21:40.749+07:00","eventName":"n8n.workflow.started","message":"n8n.workflow.started","payload":{"executionId":"12","workflowId":"HmkGu0Qs86INP6ij","isManual":false,"workflowName":"My workflow"}}
{"__type":"$$EventMessageConfirm","confirm":"3e6ae28f-d79c-40b5-8348-2b22f4fa6cf4","ts":"2025-12-13T00:21:40.750+07:00","source":{"id":"0","name":"eventBus"}}
{"__type":"$$EventMessageNode","id":"ebe5f460-dd52-419f-8817-8fc7bb5b2763","ts":"2025-12-13T00:21:40.750+07:00","eventName":"n8n.node.started","message":"n8n.node.started","payload":{"workflowId":"HmkGu0Qs86INP6ij","workflowName":"My workflow","executionId":"12","nodeType":"n8n-nodes-base.webhook","nodeName":"Webhook","nodeId":"6d7ffaf0-4bfe-41e9-a798-b44fddeef364"}}
{"__type":"$$EventMessageConfirm","confirm":"ebe5f460-dd52-419f-8817-8fc7bb5b2763","ts":"2025-12-13T00:21:40.750+07:00","source":{"id":"0","name":"eventBus"}}
{"__type":"$$EventMessageNode","id":"680e451e-4b56-45cc-9e98-0fd02bcea0c5","ts":"2025-12-13T00:21:40.751+07:00","eventName":"n8n.node.finished","message":"n8n.node.finished","payload":{"workflowId":"HmkGu0Qs86INP6ij","workflowName":"My workflow","executionId":"12","nodeType":"n8n-nodes-base.webhook","nodeName":"Webhook","nodeId":"6d7ffaf0-4bfe-41e9-a798-b44fddeef364"}}
{"__type":"$$EventMessageConfirm","confirm":"680e451e-4b56-45cc-9e98-0fd02bcea0c5","ts":"2025-12-13T00:21:40.751+07:00","source":{"id":"0","name":"eventBus"}}
{"__type":"$$EventMessageNode","id":"254dd229-dbad-416e-ad1d-b7b1780cf297","ts":"2025-12-13T00:21:40.774+07:00","eventName":"n8n.node.started","message":"n8n.node.started","payload":{"workflowId":"HmkGu0Qs86INP6ij","workflowName":"My workflow","executionId":"12","nodeType":"@n8n/n8n-nodes-langchain.ollama","nodeName":"Analyze image","nodeId":"94dd0954-f1c1-4b29-a9e3-63d049de57c1"}}
{"__type":"$$EventMessageConfirm","confirm":"254dd229-dbad-416e-ad1d-b7b1780cf297","ts":"2025-12-13T00:21:40.774+07:00","source":{"id":"0","name":"eventBus"}}
{"__type":"$$EventMessageNode","id":"192d5065-b781-4d5a-9a4a-6847cb171ca3","ts":"2025-12-13T00:22:56.500+07:00","eventName":"n8n.node.finished","message":"n8n.node.finished","payload":{"workflowId":"HmkGu0Qs86INP6ij","workflowName":"My workflow","executionId":"12","nodeType":"@n8n/n8n-nodes-langchain.ollama","nodeName":"Analyze image","nodeId":"94dd0954-f1c1-4b29-a9e3-63d049de57c1"}}
{"__type":"$$EventMessageConfirm","confirm":"192d5065-b781-4d5a-9a4a-6847cb171ca3","ts":"2025-12-13T00:22:56.538+07:00","source":{"id":"0","name":"eventBus"}}
{"__type":"$$EventMessageWorkflow","id":"b491f668-12ba-46a0-88ba-9842f68d5a75","ts":"2025-12-13T00:22:56.709+07:00","eventName":"n8n.workflow.success","message":"n8n.workflow.success","payload":{"executionId":"12","success":true,"isManual":true,"workflowId":"HmkGu0Qs86INP6ij","workflowName":"My workflow"}}
{"__type":"$$EventMessageConfirm","confirm":"b491f668-12ba-46a0-88ba-9842f68d5a75","ts":"2025-12-13T00:22:56.710+07:00","source":{"id":"0","name":"eventBus"}}
{"__type":"$$EventMessageWorkflow","id":"e1edce08-f6d4-4750-8923-465575fb4bcc","ts":"2025-12-13T00:23:32.039+07:00","eventName":"n8n.workflow.started","message":"n8n.workflow.started","payload":{"executionId":"13","workflowId":"HmkGu0Qs86INP6ij","isManual":false,"workflowName":"My workflow"}}
{"__type":"$$EventMessageConfirm","confirm":"e1edce08-f6d4-4750-8923-465575fb4bcc","ts":"2025-12-13T00:23:32.039+07:00","source":{"id":"0","name":"eventBus"}}
{"__type":"$$EventMessageNode","id":"8aeb7f05-e17b-4d39-a8af-0a4321101ce2","ts":"2025-12-13T00:23:32.040+07:00","eventName":"n8n.node.started","message":"n8n.node.started","payload":{"workflowId":"HmkGu0Qs86INP6ij","workflowName":"My workflow","executionId":"13","nodeType":"n8n-nodes-base.webhook","nodeName":"Webhook","nodeId":"6d7ffaf0-4bfe-41e9-a798-b44fddeef364"}}
{"__type":"$$EventMessageConfirm","confirm":"8aeb7f05-e17b-4d39-a8af-0a4321101ce2","ts":"2025-12-13T00:23:32.041+07:00","source":{"id":"0","name":"eventBus"}}
{"__type":"$$EventMessageNode","id":"16cdbe01-f6bb-417d-94ac-a88ee8d09dbd","ts":"2025-12-13T00:23:32.041+07:00","eventName":"n8n.node.finished","message":"n8n.node.finished","payload":{"workflowId":"HmkGu0Qs86INP6ij","workflowName":"My workflow","executionId":"13","nodeType":"n8n-nodes-base.webhook","nodeName":"Webhook","nodeId":"6d7ffaf0-4bfe-41e9-a798-b44fddeef364"}}
{"__type":"$$EventMessageConfirm","confirm":"16cdbe01-f6bb-417d-94ac-a88ee8d09dbd","ts":"2025-12-13T00:23:32.041+07:00","source":{"id":"0","name":"eventBus"}}
{"__type":"$$EventMessageNode","id":"00dcd4a2-7549-4ed3-91dd-86b8c59538cc","ts":"2025-12-13T00:23:32.065+07:00","eventName":"n8n.node.started","message":"n8n.node.started","payload":{"workflowId":"HmkGu0Qs86INP6ij","workflowName":"My workflow","executionId":"13","nodeType":"@n8n/n8n-nodes-langchain.ollama","nodeName":"Analyze image","nodeId":"94dd0954-f1c1-4b29-a9e3-63d049de57c1"}}
{"__type":"$$EventMessageConfirm","confirm":"00dcd4a2-7549-4ed3-91dd-86b8c59538cc","ts":"2025-12-13T00:23:32.065+07:00","source":{"id":"0","name":"eventBus"}}
{"__type":"$$EventMessageNode","id":"9fc480e1-17cc-4086-9f6d-ffe5c6b585a6","ts":"2025-12-13T00:24:02.693+07:00","eventName":"n8n.node.finished","message":"n8n.node.finished","payload":{"workflowId":"HmkGu0Qs86INP6ij","workflowName":"My workflow","executionId":"13","nodeType":"@n8n/n8n-nodes-langchain.ollama","nodeName":"Analyze image","nodeId":"94dd0954-f1c1-4b29-a9e3-63d049de57c1"}}
{"__type":"$$EventMessageConfirm","confirm":"9fc480e1-17cc-4086-9f6d-ffe5c6b585a6","ts":"2025-12-13T00:24:02.708+07:00","source":{"id":"0","name":"eventBus"}}
{"__type":"$$EventMessageWorkflow","id":"ae34247a-75b4-40f9-a61c-4b987644958f","ts":"2025-12-13T00:24:02.778+07:00","eventName":"n8n.workflow.success","message":"n8n.workflow.success","payload":{"executionId":"13","success":true,"isManual":true,"workflowId":"HmkGu0Qs86INP6ij","workflowName":"My workflow"}}
{"__type":"$$EventMessageConfirm","confirm":"ae34247a-75b4-40f9-a61c-4b987644958f","ts":"2025-12-13T00:24:02.779+07:00","source":{"id":"0","name":"eventBus"}}
{"__type":"$$EventMessageAudit","id":"dee63029-109f-429d-a0c4-583445983637","ts":"2025-12-13T00:25:17.947+07:00","eventName":"n8n.audit.workflow.updated","message":"n8n.audit.workflow.updated","payload":{"userId":"491d35c9-9726-404d-ae12-f4c780734843","_email":"natchnon654321@gmail.com","_firstName":"Nutchanon","_lastName":"Sapmeechai","globalRole":"global:owner","workflowId":"HmkGu0Qs86INP6ij","workflowName":"My workflow"}}
{"__type":"$$EventMessageConfirm","confirm":"dee63029-109f-429d-a0c4-583445983637","ts":"2025-12-13T00:25:17.947+07:00","source":{"id":"0","name":"eventBus"}}
{"__type":"$$EventMessageWorkflow","id":"fdd259bc-ab35-45e6-9924-5e3036851e52","ts":"2025-12-13T00:25:29.311+07:00","eventName":"n8n.workflow.started","message":"n8n.workflow.started","payload":{"executionId":"14","workflowId":"HmkGu0Qs86INP6ij","isManual":false,"workflowName":"My workflow"}}
{"__type":"$$EventMessageConfirm","confirm":"fdd259bc-ab35-45e6-9924-5e3036851e52","ts":"2025-12-13T00:25:29.312+07:00","source":{"id":"0","name":"eventBus"}}
{"__type":"$$EventMessageNode","id":"57a6927c-1df6-487a-8137-0368454eefee","ts":"2025-12-13T00:25:29.312+07:00","eventName":"n8n.node.started","message":"n8n.node.started","payload":{"workflowId":"HmkGu0Qs86INP6ij","workflowName":"My workflow","executionId":"14","nodeType":"n8n-nodes-base.webhook","nodeName":"Webhook","nodeId":"6d7ffaf0-4bfe-41e9-a798-b44fddeef364"}}
{"__type":"$$EventMessageConfirm","confirm":"57a6927c-1df6-487a-8137-0368454eefee","ts":"2025-12-13T00:25:29.313+07:00","source":{"id":"0","name":"eventBus"}}
{"__type":"$$EventMessageNode","id":"83ae64f5-5b3b-4f8c-85dd-86b218d5189e","ts":"2025-12-13T00:25:29.313+07:00","eventName":"n8n.node.finished","message":"n8n.node.finished","payload":{"workflowId":"HmkGu0Qs86INP6ij","workflowName":"My workflow","executionId":"14","nodeType":"n8n-nodes-base.webhook","nodeName":"Webhook","nodeId":"6d7ffaf0-4bfe-41e9-a798-b44fddeef364"}}
{"__type":"$$EventMessageConfirm","confirm":"83ae64f5-5b3b-4f8c-85dd-86b218d5189e","ts":"2025-12-13T00:25:29.313+07:00","source":{"id":"0","name":"eventBus"}}
{"__type":"$$EventMessageNode","id":"65c00ac3-9a68-4673-b6eb-8bbc377a4545","ts":"2025-12-13T00:25:29.388+07:00","eventName":"n8n.node.started","message":"n8n.node.started","payload":{"workflowId":"HmkGu0Qs86INP6ij","workflowName":"My workflow","executionId":"14","nodeType":"@n8n/n8n-nodes-langchain.ollama","nodeName":"Analyze image","nodeId":"94dd0954-f1c1-4b29-a9e3-63d049de57c1"}}
{"__type":"$$EventMessageConfirm","confirm":"65c00ac3-9a68-4673-b6eb-8bbc377a4545","ts":"2025-12-13T00:25:29.389+07:00","source":{"id":"0","name":"eventBus"}}
{"__type":"$$EventMessageNode","id":"49fb191e-ed85-427b-a6ad-a82025dd85ab","ts":"2025-12-13T00:26:15.959+07:00","eventName":"n8n.node.finished","message":"n8n.node.finished","payload":{"workflowId":"HmkGu0Qs86INP6ij","workflowName":"My workflow","executionId":"14","nodeType":"@n8n/n8n-nodes-langchain.ollama","nodeName":"Analyze image","nodeId":"94dd0954-f1c1-4b29-a9e3-63d049de57c1"}}
{"__type":"$$EventMessageConfirm","confirm":"49fb191e-ed85-427b-a6ad-a82025dd85ab","ts":"2025-12-13T00:26:15.990+07:00","source":{"id":"0","name":"eventBus"}}
{"__type":"$$EventMessageWorkflow","id":"0d2ce1ae-aa77-4480-b6be-bdf3db8d412e","ts":"2025-12-13T00:26:16.136+07:00","eventName":"n8n.workflow.success","message":"n8n.workflow.success","payload":{"executionId":"14","success":true,"isManual":true,"workflowId":"HmkGu0Qs86INP6ij","workflowName":"My workflow"}}
{"__type":"$$EventMessageConfirm","confirm":"0d2ce1ae-aa77-4480-b6be-bdf3db8d412e","ts":"2025-12-13T00:26:16.136+07:00","source":{"id":"0","name":"eventBus"}}
{"__type":"$$EventMessageWorkflow","id":"0f9596b4-c560-49bf-84cb-de491317aa59","ts":"2025-12-13T00:28:01.882+07:00","eventName":"n8n.workflow.started","message":"n8n.workflow.started","payload":{"executionId":"15","workflowId":"HmkGu0Qs86INP6ij","isManual":false,"workflowName":"My workflow"}}
{"__type":"$$EventMessageConfirm","confirm":"0f9596b4-c560-49bf-84cb-de491317aa59","ts":"2025-12-13T00:28:01.882+07:00","source":{"id":"0","name":"eventBus"}}
{"__type":"$$EventMessageNode","id":"a76c8c92-1acc-4c73-aec0-fb5790ecc629","ts":"2025-12-13T00:28:01.883+07:00","eventName":"n8n.node.started","message":"n8n.node.started","payload":{"workflowId":"HmkGu0Qs86INP6ij","workflowName":"My workflow","executionId":"15","nodeType":"n8n-nodes-base.webhook","nodeName":"Webhook","nodeId":"6d7ffaf0-4bfe-41e9-a798-b44fddeef364"}}
{"__type":"$$EventMessageConfirm","confirm":"a76c8c92-1acc-4c73-aec0-fb5790ecc629","ts":"2025-12-13T00:28:01.883+07:00","source":{"id":"0","name":"eventBus"}}
{"__type":"$$EventMessageNode","id":"e0be7f8a-92bc-4f25-a05b-b33b7be92a66","ts":"2025-12-13T00:28:01.883+07:00","eventName":"n8n.node.finished","message":"n8n.node.finished","payload":{"workflowId":"HmkGu0Qs86INP6ij","workflowName":"My workflow","executionId":"15","nodeType":"n8n-nodes-base.webhook","nodeName":"Webhook","nodeId":"6d7ffaf0-4bfe-41e9-a798-b44fddeef364"}}
{"__type":"$$EventMessageConfirm","confirm":"e0be7f8a-92bc-4f25-a05b-b33b7be92a66","ts":"2025-12-13T00:28:01.883+07:00","source":{"id":"0","name":"eventBus"}}
{"__type":"$$EventMessageWorkflow","id":"56578e4f-3d72-43ea-af41-f04f0f08df15","ts":"2025-12-13T00:28:01.918+07:00","eventName":"n8n.workflow.success","message":"n8n.workflow.success","payload":{"executionId":"15","success":true,"isManual":true,"workflowId":"HmkGu0Qs86INP6ij","workflowName":"My workflow"}}
{"__type":"$$EventMessageConfirm","confirm":"56578e4f-3d72-43ea-af41-f04f0f08df15","ts":"2025-12-13T00:28:01.918+07:00","source":{"id":"0","name":"eventBus"}}
{"__type":"$$EventMessageAudit","id":"ff471d42-88bc-4ff8-9fee-7ceebdccdbae","ts":"2025-12-13T00:29:00.296+07:00","eventName":"n8n.audit.workflow.updated","message":"n8n.audit.workflow.updated","payload":{"userId":"491d35c9-9726-404d-ae12-f4c780734843","_email":"natchnon654321@gmail.com","_firstName":"Nutchanon","_lastName":"Sapmeechai","globalRole":"global:owner","workflowId":"HmkGu0Qs86INP6ij","workflowName":"My workflow"}}
{"__type":"$$EventMessageConfirm","confirm":"ff471d42-88bc-4ff8-9fee-7ceebdccdbae","ts":"2025-12-13T00:29:00.297+07:00","source":{"id":"0","name":"eventBus"}}
{"__type":"$$EventMessageWorkflow","id":"673f4086-93e2-4204-8372-998b6c376d68","ts":"2025-12-13T00:29:11.178+07:00","eventName":"n8n.workflow.started","message":"n8n.workflow.started","payload":{"executionId":"16","workflowId":"HmkGu0Qs86INP6ij","isManual":false,"workflowName":"My workflow"}}
{"__type":"$$EventMessageConfirm","confirm":"673f4086-93e2-4204-8372-998b6c376d68","ts":"2025-12-13T00:29:11.178+07:00","source":{"id":"0","name":"eventBus"}}
{"__type":"$$EventMessageNode","id":"466987b5-de24-459e-990a-25237ed3a3ac","ts":"2025-12-13T00:29:11.181+07:00","eventName":"n8n.node.started","message":"n8n.node.started","payload":{"workflowId":"HmkGu0Qs86INP6ij","workflowName":"My workflow","executionId":"16","nodeType":"n8n-nodes-base.webhook","nodeName":"Webhook","nodeId":"6d7ffaf0-4bfe-41e9-a798-b44fddeef364"}}
{"__type":"$$EventMessageConfirm","confirm":"466987b5-de24-459e-990a-25237ed3a3ac","ts":"2025-12-13T00:29:11.182+07:00","source":{"id":"0","name":"eventBus"}}
{"__type":"$$EventMessageNode","id":"7cd7f6b8-358c-4cd0-abaf-744615b0bab9","ts":"2025-12-13T00:29:11.183+07:00","eventName":"n8n.node.finished","message":"n8n.node.finished","payload":{"workflowId":"HmkGu0Qs86INP6ij","workflowName":"My workflow","executionId":"16","nodeType":"n8n-nodes-base.webhook","nodeName":"Webhook","nodeId":"6d7ffaf0-4bfe-41e9-a798-b44fddeef364"}}
{"__type":"$$EventMessageConfirm","confirm":"7cd7f6b8-358c-4cd0-abaf-744615b0bab9","ts":"2025-12-13T00:29:11.183+07:00","source":{"id":"0","name":"eventBus"}}
{"__type":"$$EventMessageNode","id":"c2e7db89-75b5-47bf-8fde-490a15bf0cdb","ts":"2025-12-13T00:29:11.209+07:00","eventName":"n8n.node.started","message":"n8n.node.started","payload":{"workflowId":"HmkGu0Qs86INP6ij","workflowName":"My workflow","executionId":"16","nodeType":"@n8n/n8n-nodes-langchain.ollama","nodeName":"Analyze image","nodeId":"94dd0954-f1c1-4b29-a9e3-63d049de57c1"}}
{"__type":"$$EventMessageConfirm","confirm":"c2e7db89-75b5-47bf-8fde-490a15bf0cdb","ts":"2025-12-13T00:29:11.210+07:00","source":{"id":"0","name":"eventBus"}}
{"__type":"$$EventMessageNode","id":"3e04d800-f02b-4366-a2ae-9b0a731a70eb","ts":"2025-12-13T00:29:48.385+07:00","eventName":"n8n.node.finished","message":"n8n.node.finished","payload":{"workflowId":"HmkGu0Qs86INP6ij","workflowName":"My workflow","executionId":"16","nodeType":"@n8n/n8n-nodes-langchain.ollama","nodeName":"Analyze image","nodeId":"94dd0954-f1c1-4b29-a9e3-63d049de57c1"}}
{"__type":"$$EventMessageConfirm","confirm":"3e04d800-f02b-4366-a2ae-9b0a731a70eb","ts":"2025-12-13T00:29:48.402+07:00","source":{"id":"0","name":"eventBus"}}
{"__type":"$$EventMessageWorkflow","id":"199dbbd3-f56f-4ecd-9eb2-9950266aac65","ts":"2025-12-13T00:29:48.515+07:00","eventName":"n8n.workflow.success","message":"n8n.workflow.success","payload":{"executionId":"16","success":true,"isManual":true,"workflowId":"HmkGu0Qs86INP6ij","workflowName":"My workflow"}}
{"__type":"$$EventMessageConfirm","confirm":"199dbbd3-f56f-4ecd-9eb2-9950266aac65","ts":"2025-12-13T00:29:48.516+07:00","source":{"id":"0","name":"eventBus"}}
{"__type":"$$EventMessageWorkflow","id":"763c4382-b3ba-41fa-80be-7d73792e02ea","ts":"2025-12-13T00:37:00.167+07:00","eventName":"n8n.workflow.started","message":"n8n.workflow.started","payload":{"executionId":"17","workflowId":"HmkGu0Qs86INP6ij","isManual":false,"workflowName":"My workflow"}}
{"__type":"$$EventMessageConfirm","confirm":"763c4382-b3ba-41fa-80be-7d73792e02ea","ts":"2025-12-13T00:37:00.168+07:00","source":{"id":"0","name":"eventBus"}}
{"__type":"$$EventMessageNode","id":"b200aa82-8fbd-4b0f-b9a0-3be7cdd08ec7","ts":"2025-12-13T00:37:00.168+07:00","eventName":"n8n.node.started","message":"n8n.node.started","payload":{"workflowId":"HmkGu0Qs86INP6ij","workflowName":"My workflow","executionId":"17","nodeType":"n8n-nodes-base.webhook","nodeName":"Webhook","nodeId":"6d7ffaf0-4bfe-41e9-a798-b44fddeef364"}}
{"__type":"$$EventMessageConfirm","confirm":"b200aa82-8fbd-4b0f-b9a0-3be7cdd08ec7","ts":"2025-12-13T00:37:00.168+07:00","source":{"id":"0","name":"eventBus"}}
{"__type":"$$EventMessageNode","id":"c11d23a1-336b-457f-bf04-02d8260fa01a","ts":"2025-12-13T00:37:00.169+07:00","eventName":"n8n.node.finished","message":"n8n.node.finished","payload":{"workflowId":"HmkGu0Qs86INP6ij","workflowName":"My workflow","executionId":"17","nodeType":"n8n-nodes-base.webhook","nodeName":"Webhook","nodeId":"6d7ffaf0-4bfe-41e9-a798-b44fddeef364"}}
{"__type":"$$EventMessageConfirm","confirm":"c11d23a1-336b-457f-bf04-02d8260fa01a","ts":"2025-12-13T00:37:00.169+07:00","source":{"id":"0","name":"eventBus"}}
{"__type":"$$EventMessageWorkflow","id":"d4fc2887-18f1-4faa-a036-8d17b5aa45b0","ts":"2025-12-13T00:37:00.173+07:00","eventName":"n8n.workflow.success","message":"n8n.workflow.success","payload":{"executionId":"17","success":true,"isManual":true,"workflowId":"HmkGu0Qs86INP6ij","workflowName":"My workflow"}}
{"__type":"$$EventMessageConfirm","confirm":"d4fc2887-18f1-4faa-a036-8d17b5aa45b0","ts":"2025-12-13T00:37:00.173+07:00","source":{"id":"0","name":"eventBus"}}
{"__type":"$$EventMessageAudit","id":"a98ac360-322b-41ed-9bdf-367eaa15d9df","ts":"2025-12-13T00:38:28.225+07:00","eventName":"n8n.audit.workflow.updated","message":"n8n.audit.workflow.updated","payload":{"userId":"491d35c9-9726-404d-ae12-f4c780734843","_email":"natchnon654321@gmail.com","_firstName":"Nutchanon","_lastName":"Sapmeechai","globalRole":"global:owner","workflowId":"HmkGu0Qs86INP6ij","workflowName":"My workflow"}}
{"__type":"$$EventMessageConfirm","confirm":"a98ac360-322b-41ed-9bdf-367eaa15d9df","ts":"2025-12-13T00:38:28.225+07:00","source":{"id":"0","name":"eventBus"}}
{"__type":"$$EventMessageWorkflow","id":"b04a2ef4-d7ef-4fef-930e-ae2e82fd6ce2","ts":"2025-12-13T00:38:39.072+07:00","eventName":"n8n.workflow.started","message":"n8n.workflow.started","payload":{"executionId":"18","workflowId":"HmkGu0Qs86INP6ij","isManual":false,"workflowName":"My workflow"}}
{"__type":"$$EventMessageConfirm","confirm":"b04a2ef4-d7ef-4fef-930e-ae2e82fd6ce2","ts":"2025-12-13T00:38:39.072+07:00","source":{"id":"0","name":"eventBus"}}
{"__type":"$$EventMessageNode","id":"1d8c2152-8d2e-4f51-b4e4-d0cdd03db526","ts":"2025-12-13T00:38:39.072+07:00","eventName":"n8n.node.started","message":"n8n.node.started","payload":{"workflowId":"HmkGu0Qs86INP6ij","workflowName":"My workflow","executionId":"18","nodeType":"n8n-nodes-base.webhook","nodeName":"Webhook","nodeId":"6d7ffaf0-4bfe-41e9-a798-b44fddeef364"}}
{"__type":"$$EventMessageConfirm","confirm":"1d8c2152-8d2e-4f51-b4e4-d0cdd03db526","ts":"2025-12-13T00:38:39.072+07:00","source":{"id":"0","name":"eventBus"}}
{"__type":"$$EventMessageNode","id":"82914759-baaf-4fbc-8a55-df433b48e4d8","ts":"2025-12-13T00:38:39.073+07:00","eventName":"n8n.node.finished","message":"n8n.node.finished","payload":{"workflowId":"HmkGu0Qs86INP6ij","workflowName":"My workflow","executionId":"18","nodeType":"n8n-nodes-base.webhook","nodeName":"Webhook","nodeId":"6d7ffaf0-4bfe-41e9-a798-b44fddeef364"}}
{"__type":"$$EventMessageConfirm","confirm":"82914759-baaf-4fbc-8a55-df433b48e4d8","ts":"2025-12-13T00:38:39.073+07:00","source":{"id":"0","name":"eventBus"}}
{"__type":"$$EventMessageNode","id":"4712157d-4562-4505-8ac9-d78a21a56a95","ts":"2025-12-13T00:38:39.073+07:00","eventName":"n8n.node.started","message":"n8n.node.started","payload":{"workflowId":"HmkGu0Qs86INP6ij","workflowName":"My workflow","executionId":"18","nodeType":"@n8n/n8n-nodes-langchain.ollama","nodeName":"Analyze image","nodeId":"94dd0954-f1c1-4b29-a9e3-63d049de57c1"}}
{"__type":"$$EventMessageConfirm","confirm":"4712157d-4562-4505-8ac9-d78a21a56a95","ts":"2025-12-13T00:38:39.073+07:00","source":{"id":"0","name":"eventBus"}}
{"__type":"$$EventMessageWorkflow","id":"ec1ccd9d-c078-457c-8c8a-18264f626218","ts":"2025-12-13T00:39:16.108+07:00","eventName":"n8n.workflow.started","message":"n8n.workflow.started","payload":{"executionId":"19","workflowId":"HmkGu0Qs86INP6ij","isManual":false,"workflowName":"My workflow"}}
{"__type":"$$EventMessageConfirm","confirm":"ec1ccd9d-c078-457c-8c8a-18264f626218","ts":"2025-12-13T00:39:16.108+07:00","source":{"id":"0","name":"eventBus"}}
{"__type":"$$EventMessageNode","id":"7a22b49e-9d9f-42c5-a3ce-908517a83bc7","ts":"2025-12-13T00:39:16.108+07:00","eventName":"n8n.node.started","message":"n8n.node.started","payload":{"workflowId":"HmkGu0Qs86INP6ij","workflowName":"My workflow","executionId":"19","nodeType":"n8n-nodes-base.webhook","nodeName":"Webhook","nodeId":"6d7ffaf0-4bfe-41e9-a798-b44fddeef364"}}
{"__type":"$$EventMessageConfirm","confirm":"7a22b49e-9d9f-42c5-a3ce-908517a83bc7","ts":"2025-12-13T00:39:16.109+07:00","source":{"id":"0","name":"eventBus"}}
{"__type":"$$EventMessageNode","id":"529c577e-61c2-4552-90ca-86de586f2d25","ts":"2025-12-13T00:39:16.109+07:00","eventName":"n8n.node.finished","message":"n8n.node.finished","payload":{"workflowId":"HmkGu0Qs86INP6ij","workflowName":"My workflow","executionId":"19","nodeType":"n8n-nodes-base.webhook","nodeName":"Webhook","nodeId":"6d7ffaf0-4bfe-41e9-a798-b44fddeef364"}}
{"__type":"$$EventMessageConfirm","confirm":"529c577e-61c2-4552-90ca-86de586f2d25","ts":"2025-12-13T00:39:16.109+07:00","source":{"id":"0","name":"eventBus"}}
{"__type":"$$EventMessageNode","id":"e20ac0fa-138f-4935-9475-641c950336ea","ts":"2025-12-13T00:39:16.109+07:00","eventName":"n8n.node.started","message":"n8n.node.started","payload":{"workflowId":"HmkGu0Qs86INP6ij","workflowName":"My workflow","executionId":"19","nodeType":"@n8n/n8n-nodes-langchain.ollama","nodeName":"Analyze image","nodeId":"94dd0954-f1c1-4b29-a9e3-63d049de57c1"}}
{"__type":"$$EventMessageConfirm","confirm":"e20ac0fa-138f-4935-9475-641c950336ea","ts":"2025-12-13T00:39:16.109+07:00","source":{"id":"0","name":"eventBus"}}
{"__type":"$$EventMessageWorkflow","id":"907b6ce9-0a7e-45c4-951f-41dcbc18b825","ts":"2025-12-13T00:39:24.266+07:00","eventName":"n8n.workflow.started","message":"n8n.workflow.started","payload":{"executionId":"20","workflowId":"HmkGu0Qs86INP6ij","isManual":false,"workflowName":"My workflow"}}
{"__type":"$$EventMessageConfirm","confirm":"907b6ce9-0a7e-45c4-951f-41dcbc18b825","ts":"2025-12-13T00:39:24.267+07:00","source":{"id":"0","name":"eventBus"}}
{"__type":"$$EventMessageNode","id":"3b60bd7e-4ff3-482d-a84b-03f1e8496ded","ts":"2025-12-13T00:39:24.267+07:00","eventName":"n8n.node.started","message":"n8n.node.started","payload":{"workflowId":"HmkGu0Qs86INP6ij","workflowName":"My workflow","executionId":"20","nodeType":"n8n-nodes-base.webhook","nodeName":"Webhook","nodeId":"6d7ffaf0-4bfe-41e9-a798-b44fddeef364"}}
{"__type":"$$EventMessageConfirm","confirm":"3b60bd7e-4ff3-482d-a84b-03f1e8496ded","ts":"2025-12-13T00:39:24.267+07:00","source":{"id":"0","name":"eventBus"}}
{"__type":"$$EventMessageNode","id":"184cf787-4271-4599-b0a3-36423cecde4b","ts":"2025-12-13T00:39:24.268+07:00","eventName":"n8n.node.finished","message":"n8n.node.finished","payload":{"workflowId":"HmkGu0Qs86INP6ij","workflowName":"My workflow","executionId":"20","nodeType":"n8n-nodes-base.webhook","nodeName":"Webhook","nodeId":"6d7ffaf0-4bfe-41e9-a798-b44fddeef364"}}
{"__type":"$$EventMessageConfirm","confirm":"184cf787-4271-4599-b0a3-36423cecde4b","ts":"2025-12-13T00:39:24.268+07:00","source":{"id":"0","name":"eventBus"}}
{"__type":"$$EventMessageNode","id":"a7a1f89c-9a9a-407c-ac1c-f7cfcd99d336","ts":"2025-12-13T00:39:24.268+07:00","eventName":"n8n.node.started","message":"n8n.node.started","payload":{"workflowId":"HmkGu0Qs86INP6ij","workflowName":"My workflow","executionId":"20","nodeType":"@n8n/n8n-nodes-langchain.ollama","nodeName":"Analyze image","nodeId":"94dd0954-f1c1-4b29-a9e3-63d049de57c1"}}
{"__type":"$$EventMessageConfirm","confirm":"a7a1f89c-9a9a-407c-ac1c-f7cfcd99d336","ts":"2025-12-13T00:39:24.268+07:00","source":{"id":"0","name":"eventBus"}}
{"__type":"$$EventMessageWorkflow","id":"37dd784b-9692-413f-b50e-11e0a7592f24","ts":"2025-12-13T00:39:44.389+07:00","eventName":"n8n.workflow.started","message":"n8n.workflow.started","payload":{"executionId":"21","workflowId":"HmkGu0Qs86INP6ij","isManual":false,"workflowName":"My workflow"}}
{"__type":"$$EventMessageConfirm","confirm":"37dd784b-9692-413f-b50e-11e0a7592f24","ts":"2025-12-13T00:39:44.390+07:00","source":{"id":"0","name":"eventBus"}}
{"__type":"$$EventMessageNode","id":"af3cf114-b5a0-4df4-94c4-730820679a80","ts":"2025-12-13T00:39:44.391+07:00","eventName":"n8n.node.started","message":"n8n.node.started","payload":{"workflowId":"HmkGu0Qs86INP6ij","workflowName":"My workflow","executionId":"21","nodeType":"n8n-nodes-base.webhook","nodeName":"Webhook","nodeId":"6d7ffaf0-4bfe-41e9-a798-b44fddeef364"}}
{"__type":"$$EventMessageConfirm","confirm":"af3cf114-b5a0-4df4-94c4-730820679a80","ts":"2025-12-13T00:39:44.391+07:00","source":{"id":"0","name":"eventBus"}}
{"__type":"$$EventMessageNode","id":"82ef2816-cfff-4f7f-95e5-aaaf826e056e","ts":"2025-12-13T00:39:44.391+07:00","eventName":"n8n.node.finished","message":"n8n.node.finished","payload":{"workflowId":"HmkGu0Qs86INP6ij","workflowName":"My workflow","executionId":"21","nodeType":"n8n-nodes-base.webhook","nodeName":"Webhook","nodeId":"6d7ffaf0-4bfe-41e9-a798-b44fddeef364"}}
{"__type":"$$EventMessageConfirm","confirm":"82ef2816-cfff-4f7f-95e5-aaaf826e056e","ts":"2025-12-13T00:39:44.391+07:00","source":{"id":"0","name":"eventBus"}}
{"__type":"$$EventMessageNode","id":"731a5533-b330-44a7-9a97-19bbca6c5af0","ts":"2025-12-13T00:39:44.392+07:00","eventName":"n8n.node.started","message":"n8n.node.started","payload":{"workflowId":"HmkGu0Qs86INP6ij","workflowName":"My workflow","executionId":"21","nodeType":"@n8n/n8n-nodes-langchain.ollama","nodeName":"Analyze image","nodeId":"94dd0954-f1c1-4b29-a9e3-63d049de57c1"}}
{"__type":"$$EventMessageConfirm","confirm":"731a5533-b330-44a7-9a97-19bbca6c5af0","ts":"2025-12-13T00:39:44.392+07:00","source":{"id":"0","name":"eventBus"}}
{"__type":"$$EventMessageNode","id":"9e95644f-9633-4719-93b4-4dc52fd5e7d4","ts":"2025-12-13T00:40:31.084+07:00","eventName":"n8n.node.finished","message":"n8n.node.finished","payload":{"workflowId":"HmkGu0Qs86INP6ij","workflowName":"My workflow","executionId":"18","nodeType":"@n8n/n8n-nodes-langchain.ollama","nodeName":"Analyze image","nodeId":"94dd0954-f1c1-4b29-a9e3-63d049de57c1"}}
{"__type":"$$EventMessageConfirm","confirm":"9e95644f-9633-4719-93b4-4dc52fd5e7d4","ts":"2025-12-13T00:40:31.120+07:00","source":{"id":"0","name":"eventBus"}}
{"__type":"$$EventMessageWorkflow","id":"afb8b260-7435-43b1-ac43-ad363eede441","ts":"2025-12-13T00:40:31.171+07:00","eventName":"n8n.workflow.success","message":"n8n.workflow.success","payload":{"executionId":"18","success":true,"isManual":false,"workflowId":"HmkGu0Qs86INP6ij","workflowName":"My workflow"}}
{"__type":"$$EventMessageConfirm","confirm":"afb8b260-7435-43b1-ac43-ad363eede441","ts":"2025-12-13T00:40:31.172+07:00","source":{"id":"0","name":"eventBus"}}
{"__type":"$$EventMessageNode","id":"9c5974b1-9d87-41a1-acee-53a0b875effa","ts":"2025-12-13T00:40:52.600+07:00","eventName":"n8n.node.finished","message":"n8n.node.finished","payload":{"workflowId":"HmkGu0Qs86INP6ij","workflowName":"My workflow","executionId":"19","nodeType":"@n8n/n8n-nodes-langchain.ollama","nodeName":"Analyze image","nodeId":"94dd0954-f1c1-4b29-a9e3-63d049de57c1"}}
{"__type":"$$EventMessageConfirm","confirm":"9c5974b1-9d87-41a1-acee-53a0b875effa","ts":"2025-12-13T00:40:52.683+07:00","source":{"id":"0","name":"eventBus"}}
{"__type":"$$EventMessageWorkflow","id":"97faaca7-f4b6-4dec-8dd0-dd255f2d3e6b","ts":"2025-12-13T00:40:52.788+07:00","eventName":"n8n.workflow.success","message":"n8n.workflow.success","payload":{"executionId":"19","success":true,"isManual":false,"workflowId":"HmkGu0Qs86INP6ij","workflowName":"My workflow"}}
{"__type":"$$EventMessageConfirm","confirm":"97faaca7-f4b6-4dec-8dd0-dd255f2d3e6b","ts":"2025-12-13T00:40:52.791+07:00","source":{"id":"0","name":"eventBus"}}
{"__type":"$$EventMessageNode","id":"46a62012-a893-499d-929b-a4827691d7ab","ts":"2025-12-13T00:41:23.559+07:00","eventName":"n8n.node.finished","message":"n8n.node.finished","payload":{"workflowId":"HmkGu0Qs86INP6ij","workflowName":"My workflow","executionId":"20","nodeType":"@n8n/n8n-nodes-langchain.ollama","nodeName":"Analyze image","nodeId":"94dd0954-f1c1-4b29-a9e3-63d049de57c1"}}
{"__type":"$$EventMessageConfirm","confirm":"46a62012-a893-499d-929b-a4827691d7ab","ts":"2025-12-13T00:41:23.624+07:00","source":{"id":"0","name":"eventBus"}}
{"__type":"$$EventMessageWorkflow","id":"e3fff64b-041b-402e-a152-bccca4b56fc9","ts":"2025-12-13T00:41:23.679+07:00","eventName":"n8n.workflow.success","message":"n8n.workflow.success","payload":{"executionId":"20","success":true,"isManual":false,"workflowId":"HmkGu0Qs86INP6ij","workflowName":"My workflow"}}
{"__type":"$$EventMessageConfirm","confirm":"e3fff64b-041b-402e-a152-bccca4b56fc9","ts":"2025-12-13T00:41:23.688+07:00","source":{"id":"0","name":"eventBus"}}
{"__type":"$$EventMessageNode","id":"a121ed6d-6349-474a-a95b-4d1f36a06d0c","ts":"2025-12-13T00:42:01.034+07:00","eventName":"n8n.node.finished","message":"n8n.node.finished","payload":{"workflowId":"HmkGu0Qs86INP6ij","workflowName":"My workflow","executionId":"21","nodeType":"@n8n/n8n-nodes-langchain.ollama","nodeName":"Analyze image","nodeId":"94dd0954-f1c1-4b29-a9e3-63d049de57c1"}}
{"__type":"$$EventMessageConfirm","confirm":"a121ed6d-6349-474a-a95b-4d1f36a06d0c","ts":"2025-12-13T00:42:01.040+07:00","source":{"id":"0","name":"eventBus"}}
{"__type":"$$EventMessageWorkflow","id":"c2afdbc1-573f-4df8-95c2-2b627d16251c","ts":"2025-12-13T00:42:01.082+07:00","eventName":"n8n.workflow.success","message":"n8n.workflow.success","payload":{"executionId":"21","success":true,"isManual":false,"workflowId":"HmkGu0Qs86INP6ij","workflowName":"My workflow"}}
{"__type":"$$EventMessageConfirm","confirm":"c2afdbc1-573f-4df8-95c2-2b627d16251c","ts":"2025-12-13T00:42:01.082+07:00","source":{"id":"0","name":"eventBus"}}
{"__type":"$$EventMessageAudit","id":"721d3862-827b-4f21-939e-b79f9e1242f4","ts":"2025-12-13T00:42:15.494+07:00","eventName":"n8n.audit.workflow.updated","message":"n8n.audit.workflow.updated","payload":{"userId":"491d35c9-9726-404d-ae12-f4c780734843","_email":"natchnon654321@gmail.com","_firstName":"Nutchanon","_lastName":"Sapmeechai","globalRole":"global:owner","workflowId":"HmkGu0Qs86INP6ij","workflowName":"My workflow"}}
{"__type":"$$EventMessageConfirm","confirm":"721d3862-827b-4f21-939e-b79f9e1242f4","ts":"2025-12-13T00:42:15.494+07:00","source":{"id":"0","name":"eventBus"}}
{"__type":"$$EventMessageWorkflow","id":"8077f438-7b9d-4ab3-8d28-db9b920218b3","ts":"2025-12-13T00:42:35.411+07:00","eventName":"n8n.workflow.started","message":"n8n.workflow.started","payload":{"executionId":"22","workflowId":"HmkGu0Qs86INP6ij","isManual":false,"workflowName":"My workflow"}}
{"__type":"$$EventMessageConfirm","confirm":"8077f438-7b9d-4ab3-8d28-db9b920218b3","ts":"2025-12-13T00:42:35.412+07:00","source":{"id":"0","name":"eventBus"}}
{"__type":"$$EventMessageNode","id":"5cf677a9-a281-4139-baa7-78f6284ab7f2","ts":"2025-12-13T00:42:35.413+07:00","eventName":"n8n.node.started","message":"n8n.node.started","payload":{"workflowId":"HmkGu0Qs86INP6ij","workflowName":"My workflow","executionId":"22","nodeType":"n8n-nodes-base.webhook","nodeName":"Webhook","nodeId":"6d7ffaf0-4bfe-41e9-a798-b44fddeef364"}}
{"__type":"$$EventMessageConfirm","confirm":"5cf677a9-a281-4139-baa7-78f6284ab7f2","ts":"2025-12-13T00:42:35.413+07:00","source":{"id":"0","name":"eventBus"}}
{"__type":"$$EventMessageNode","id":"d398fe0e-ead1-44cf-a394-93805735e42e","ts":"2025-12-13T00:42:35.416+07:00","eventName":"n8n.node.finished","message":"n8n.node.finished","payload":{"workflowId":"HmkGu0Qs86INP6ij","workflowName":"My workflow","executionId":"22","nodeType":"n8n-nodes-base.webhook","nodeName":"Webhook","nodeId":"6d7ffaf0-4bfe-41e9-a798-b44fddeef364"}}
{"__type":"$$EventMessageConfirm","confirm":"d398fe0e-ead1-44cf-a394-93805735e42e","ts":"2025-12-13T00:42:35.416+07:00","source":{"id":"0","name":"eventBus"}}
{"__type":"$$EventMessageNode","id":"fc3dec78-2757-491b-a5a2-6173dc9448dc","ts":"2025-12-13T00:42:35.422+07:00","eventName":"n8n.node.started","message":"n8n.node.started","payload":{"workflowId":"HmkGu0Qs86INP6ij","workflowName":"My workflow","executionId":"22","nodeType":"@n8n/n8n-nodes-langchain.ollama","nodeName":"Analyze image","nodeId":"94dd0954-f1c1-4b29-a9e3-63d049de57c1"}}
{"__type":"$$EventMessageConfirm","confirm":"fc3dec78-2757-491b-a5a2-6173dc9448dc","ts":"2025-12-13T00:42:35.422+07:00","source":{"id":"0","name":"eventBus"}}
{"__type":"$$EventMessageNode","id":"54ebb863-fecc-4eb3-b7b1-bfc20d0343fe","ts":"2025-12-13T00:43:36.023+07:00","eventName":"n8n.node.finished","message":"n8n.node.finished","payload":{"workflowId":"HmkGu0Qs86INP6ij","workflowName":"My workflow","executionId":"22","nodeType":"@n8n/n8n-nodes-langchain.ollama","nodeName":"Analyze image","nodeId":"94dd0954-f1c1-4b29-a9e3-63d049de57c1"}}
{"__type":"$$EventMessageConfirm","confirm":"54ebb863-fecc-4eb3-b7b1-bfc20d0343fe","ts":"2025-12-13T00:43:36.049+07:00","source":{"id":"0","name":"eventBus"}}
{"__type":"$$EventMessageWorkflow","id":"3f4a5470-fb14-4c1f-b376-78596f856bca","ts":"2025-12-13T00:43:36.246+07:00","eventName":"n8n.workflow.success","message":"n8n.workflow.success","payload":{"executionId":"22","success":true,"isManual":true,"workflowId":"HmkGu0Qs86INP6ij","workflowName":"My workflow"}}
{"__type":"$$EventMessageConfirm","confirm":"3f4a5470-fb14-4c1f-b376-78596f856bca","ts":"2025-12-13T00:43:36.259+07:00","source":{"id":"0","name":"eventBus"}}
{"__type":"$$EventMessageWorkflow","id":"79513525-ee51-4f99-80cb-95a01769dac2","ts":"2025-12-13T00:43:44.122+07:00","eventName":"n8n.workflow.started","message":"n8n.workflow.started","payload":{"executionId":"23","workflowId":"HmkGu0Qs86INP6ij","isManual":false,"workflowName":"My workflow"}}
{"__type":"$$EventMessageConfirm","confirm":"79513525-ee51-4f99-80cb-95a01769dac2","ts":"2025-12-13T00:43:44.123+07:00","source":{"id":"0","name":"eventBus"}}
{"__type":"$$EventMessageNode","id":"48cd1d1a-ae3f-4207-97b2-0ec4f3caac52","ts":"2025-12-13T00:43:44.152+07:00","eventName":"n8n.node.started","message":"n8n.node.started","payload":{"workflowId":"HmkGu0Qs86INP6ij","workflowName":"My workflow","executionId":"23","nodeType":"n8n-nodes-base.respondToWebhook","nodeName":"Respond to Webhook","nodeId":"545e8180-e2d4-4914-8f32-8031ca9616df"}}
{"__type":"$$EventMessageConfirm","confirm":"48cd1d1a-ae3f-4207-97b2-0ec4f3caac52","ts":"2025-12-13T00:43:44.152+07:00","source":{"id":"0","name":"eventBus"}}
{"__type":"$$EventMessageNode","id":"965debdc-8cfc-4ae7-bc7c-d4f4ef0be6bf","ts":"2025-12-13T00:43:44.172+07:00","eventName":"n8n.node.finished","message":"n8n.node.finished","payload":{"workflowId":"HmkGu0Qs86INP6ij","workflowName":"My workflow","executionId":"23","nodeType":"n8n-nodes-base.respondToWebhook","nodeName":"Respond to Webhook","nodeId":"545e8180-e2d4-4914-8f32-8031ca9616df"}}
{"__type":"$$EventMessageConfirm","confirm":"965debdc-8cfc-4ae7-bc7c-d4f4ef0be6bf","ts":"2025-12-13T00:43:44.172+07:00","source":{"id":"0","name":"eventBus"}}
{"__type":"$$EventMessageWorkflow","id":"fb41f747-366b-4384-8d44-003eb79959e2","ts":"2025-12-13T00:43:44.217+07:00","eventName":"n8n.workflow.success","message":"n8n.workflow.success","payload":{"userId":"491d35c9-9726-404d-ae12-f4c780734843","executionId":"23","success":true,"isManual":true,"workflowId":"HmkGu0Qs86INP6ij","workflowName":"My workflow"}}
{"__type":"$$EventMessageConfirm","confirm":"fb41f747-366b-4384-8d44-003eb79959e2","ts":"2025-12-13T00:43:44.217+07:00","source":{"id":"0","name":"eventBus"}}
{"__type":"$$EventMessageWorkflow","id":"82282cc0-06d2-487c-b837-703685d6ad46","ts":"2025-12-13T00:44:17.249+07:00","eventName":"n8n.workflow.started","message":"n8n.workflow.started","payload":{"executionId":"24","workflowId":"HmkGu0Qs86INP6ij","isManual":false,"workflowName":"My workflow"}}
{"__type":"$$EventMessageConfirm","confirm":"82282cc0-06d2-487c-b837-703685d6ad46","ts":"2025-12-13T00:44:17.249+07:00","source":{"id":"0","name":"eventBus"}}
{"__type":"$$EventMessageNode","id":"b295c926-9c63-4e02-b849-881e24d7d547","ts":"2025-12-13T00:44:17.250+07:00","eventName":"n8n.node.started","message":"n8n.node.started","payload":{"workflowId":"HmkGu0Qs86INP6ij","workflowName":"My workflow","executionId":"24","nodeType":"n8n-nodes-base.webhook","nodeName":"Webhook","nodeId":"6d7ffaf0-4bfe-41e9-a798-b44fddeef364"}}
{"__type":"$$EventMessageConfirm","confirm":"b295c926-9c63-4e02-b849-881e24d7d547","ts":"2025-12-13T00:44:17.250+07:00","source":{"id":"0","name":"eventBus"}}
{"__type":"$$EventMessageNode","id":"bdc7562d-2834-4d0a-b7d1-8fb876657746","ts":"2025-12-13T00:44:17.252+07:00","eventName":"n8n.node.finished","message":"n8n.node.finished","payload":{"workflowId":"HmkGu0Qs86INP6ij","workflowName":"My workflow","executionId":"24","nodeType":"n8n-nodes-base.webhook","nodeName":"Webhook","nodeId":"6d7ffaf0-4bfe-41e9-a798-b44fddeef364"}}
{"__type":"$$EventMessageConfirm","confirm":"bdc7562d-2834-4d0a-b7d1-8fb876657746","ts":"2025-12-13T00:44:17.252+07:00","source":{"id":"0","name":"eventBus"}}
{"__type":"$$EventMessageWorkflow","id":"ac00e682-0b58-4b72-a71b-6341a3e51d34","ts":"2025-12-13T00:44:17.259+07:00","eventName":"n8n.workflow.failed","message":"n8n.workflow.failed","payload":{"executionId":"24","success":false,"isManual":true,"workflowId":"HmkGu0Qs86INP6ij","workflowName":"My workflow","lastNodeExecuted":"Webhook","errorMessage":"Unused Respond to Webhook node found in the workflow"}}
{"__type":"$$EventMessageConfirm","confirm":"ac00e682-0b58-4b72-a71b-6341a3e51d34","ts":"2025-12-13T00:44:17.259+07:00","source":{"id":"0","name":"eventBus"}}
{"__type":"$$EventMessageWorkflow","id":"84b110ec-0536-461d-b203-2a795d55ea35","ts":"2025-12-13T00:52:13.374+07:00","eventName":"n8n.workflow.started","message":"n8n.workflow.started","payload":{"executionId":"25","workflowId":"HmkGu0Qs86INP6ij","isManual":false,"workflowName":"My workflow"}}
{"__type":"$$EventMessageConfirm","confirm":"84b110ec-0536-461d-b203-2a795d55ea35","ts":"2025-12-13T00:52:13.374+07:00","source":{"id":"0","name":"eventBus"}}
{"__type":"$$EventMessageNode","id":"1e4be768-201f-44c6-95f2-abcea2cca537","ts":"2025-12-13T00:52:13.375+07:00","eventName":"n8n.node.started","message":"n8n.node.started","payload":{"workflowId":"HmkGu0Qs86INP6ij","workflowName":"My workflow","executionId":"25","nodeType":"n8n-nodes-base.webhook","nodeName":"Webhook","nodeId":"6d7ffaf0-4bfe-41e9-a798-b44fddeef364"}}
{"__type":"$$EventMessageConfirm","confirm":"1e4be768-201f-44c6-95f2-abcea2cca537","ts":"2025-12-13T00:52:13.375+07:00","source":{"id":"0","name":"eventBus"}}
{"__type":"$$EventMessageNode","id":"c4fd83d1-9686-4f53-91f1-f8b981525137","ts":"2025-12-13T00:52:13.375+07:00","eventName":"n8n.node.finished","message":"n8n.node.finished","payload":{"workflowId":"HmkGu0Qs86INP6ij","workflowName":"My workflow","executionId":"25","nodeType":"n8n-nodes-base.webhook","nodeName":"Webhook","nodeId":"6d7ffaf0-4bfe-41e9-a798-b44fddeef364"}}
{"__type":"$$EventMessageConfirm","confirm":"c4fd83d1-9686-4f53-91f1-f8b981525137","ts":"2025-12-13T00:52:13.375+07:00","source":{"id":"0","name":"eventBus"}}
{"__type":"$$EventMessageWorkflow","id":"48ac5475-ea75-4764-965b-b18434c914fd","ts":"2025-12-13T00:52:13.379+07:00","eventName":"n8n.workflow.failed","message":"n8n.workflow.failed","payload":{"executionId":"25","success":false,"isManual":true,"workflowId":"HmkGu0Qs86INP6ij","workflowName":"My workflow","lastNodeExecuted":"Webhook","errorMessage":"Unused Respond to Webhook node found in the workflow"}}
{"__type":"$$EventMessageConfirm","confirm":"48ac5475-ea75-4764-965b-b18434c914fd","ts":"2025-12-13T00:52:13.379+07:00","source":{"id":"0","name":"eventBus"}}
{"__type":"$$EventMessageWorkflow","id":"03e6ddf9-3c7b-473e-81da-f141fd6a4c77","ts":"2025-12-13T00:54:12.614+07:00","eventName":"n8n.workflow.started","message":"n8n.workflow.started","payload":{"executionId":"26","workflowId":"HmkGu0Qs86INP6ij","isManual":false,"workflowName":"My workflow"}}
{"__type":"$$EventMessageConfirm","confirm":"03e6ddf9-3c7b-473e-81da-f141fd6a4c77","ts":"2025-12-13T00:54:12.614+07:00","source":{"id":"0","name":"eventBus"}}
{"__type":"$$EventMessageWorkflow","id":"42d10000-d07f-43ff-8909-e2d573643597","ts":"2025-12-13T00:54:12.615+07:00","eventName":"n8n.workflow.success","message":"n8n.workflow.success","payload":{"userId":"491d35c9-9726-404d-ae12-f4c780734843","executionId":"26","success":true,"isManual":true,"workflowId":"HmkGu0Qs86INP6ij","workflowName":"My workflow"}}
{"__type":"$$EventMessageConfirm","confirm":"42d10000-d07f-43ff-8909-e2d573643597","ts":"2025-12-13T00:54:12.616+07:00","source":{"id":"0","name":"eventBus"}}
{"__type":"$$EventMessageWorkflow","id":"41588bbf-0022-495c-96db-53dcd83ce5ab","ts":"2025-12-13T00:54:18.396+07:00","eventName":"n8n.workflow.started","message":"n8n.workflow.started","payload":{"executionId":"27","workflowId":"HmkGu0Qs86INP6ij","isManual":false,"workflowName":"My workflow"}}
{"__type":"$$EventMessageConfirm","confirm":"41588bbf-0022-495c-96db-53dcd83ce5ab","ts":"2025-12-13T00:54:18.396+07:00","source":{"id":"0","name":"eventBus"}}
{"__type":"$$EventMessageNode","id":"40cd16ba-3955-4871-8fe1-33a5e086756e","ts":"2025-12-13T00:54:18.396+07:00","eventName":"n8n.node.started","message":"n8n.node.started","payload":{"workflowId":"HmkGu0Qs86INP6ij","workflowName":"My workflow","executionId":"27","nodeType":"n8n-nodes-base.webhook","nodeName":"Webhook","nodeId":"6d7ffaf0-4bfe-41e9-a798-b44fddeef364"}}
{"__type":"$$EventMessageConfirm","confirm":"40cd16ba-3955-4871-8fe1-33a5e086756e","ts":"2025-12-13T00:54:18.396+07:00","source":{"id":"0","name":"eventBus"}}
{"__type":"$$EventMessageNode","id":"3afbdf02-042a-4c14-8d7e-d0665856b7ef","ts":"2025-12-13T00:54:18.397+07:00","eventName":"n8n.node.finished","message":"n8n.node.finished","payload":{"workflowId":"HmkGu0Qs86INP6ij","workflowName":"My workflow","executionId":"27","nodeType":"n8n-nodes-base.webhook","nodeName":"Webhook","nodeId":"6d7ffaf0-4bfe-41e9-a798-b44fddeef364"}}
{"__type":"$$EventMessageConfirm","confirm":"3afbdf02-042a-4c14-8d7e-d0665856b7ef","ts":"2025-12-13T00:54:18.397+07:00","source":{"id":"0","name":"eventBus"}}
{"__type":"$$EventMessageWorkflow","id":"11039ef2-189c-4fa4-990f-60988781c878","ts":"2025-12-13T00:54:18.399+07:00","eventName":"n8n.workflow.failed","message":"n8n.workflow.failed","payload":{"executionId":"27","success":false,"isManual":true,"workflowId":"HmkGu0Qs86INP6ij","workflowName":"My workflow","lastNodeExecuted":"Webhook","errorMessage":"Unused Respond to Webhook node found in the workflow"}}
{"__type":"$$EventMessageConfirm","confirm":"11039ef2-189c-4fa4-990f-60988781c878","ts":"2025-12-13T00:54:18.399+07:00","source":{"id":"0","name":"eventBus"}}
{"__type":"$$EventMessageWorkflow","id":"d2d2df42-5ab4-43ba-b14a-e86acd778dba","ts":"2025-12-13T00:55:37.042+07:00","eventName":"n8n.workflow.started","message":"n8n.workflow.started","payload":{"executionId":"28","workflowId":"HmkGu0Qs86INP6ij","isManual":false,"workflowName":"My workflow"}}
{"__type":"$$EventMessageConfirm","confirm":"d2d2df42-5ab4-43ba-b14a-e86acd778dba","ts":"2025-12-13T00:55:37.042+07:00","source":{"id":"0","name":"eventBus"}}
{"__type":"$$EventMessageNode","id":"d4297806-4059-4501-b2c7-87b7eb238579","ts":"2025-12-13T00:55:37.042+07:00","eventName":"n8n.node.started","message":"n8n.node.started","payload":{"workflowId":"HmkGu0Qs86INP6ij","workflowName":"My workflow","executionId":"28","nodeType":"n8n-nodes-base.webhook","nodeName":"Webhook","nodeId":"6d7ffaf0-4bfe-41e9-a798-b44fddeef364"}}
{"__type":"$$EventMessageConfirm","confirm":"d4297806-4059-4501-b2c7-87b7eb238579","ts":"2025-12-13T00:55:37.042+07:00","source":{"id":"0","name":"eventBus"}}
{"__type":"$$EventMessageNode","id":"50fa547a-a818-43ae-8465-aad7ccfa8570","ts":"2025-12-13T00:55:37.042+07:00","eventName":"n8n.node.finished","message":"n8n.node.finished","payload":{"workflowId":"HmkGu0Qs86INP6ij","workflowName":"My workflow","executionId":"28","nodeType":"n8n-nodes-base.webhook","nodeName":"Webhook","nodeId":"6d7ffaf0-4bfe-41e9-a798-b44fddeef364"}}
{"__type":"$$EventMessageConfirm","confirm":"50fa547a-a818-43ae-8465-aad7ccfa8570","ts":"2025-12-13T00:55:37.042+07:00","source":{"id":"0","name":"eventBus"}}
{"__type":"$$EventMessageWorkflow","id":"ca0c8d76-0970-4f6b-8320-eba375d0f066","ts":"2025-12-13T00:55:37.044+07:00","eventName":"n8n.workflow.failed","message":"n8n.workflow.failed","payload":{"executionId":"28","success":false,"isManual":true,"workflowId":"HmkGu0Qs86INP6ij","workflowName":"My workflow","lastNodeExecuted":"Webhook","errorMessage":"Unused Respond to Webhook node found in the workflow"}}
{"__type":"$$EventMessageConfirm","confirm":"ca0c8d76-0970-4f6b-8320-eba375d0f066","ts":"2025-12-13T00:55:37.044+07:00","source":{"id":"0","name":"eventBus"}}
{"__type":"$$EventMessageWorkflow","id":"a11154a2-5a1a-409d-8e26-5df846b1cc85","ts":"2025-12-13T00:59:20.610+07:00","eventName":"n8n.workflow.started","message":"n8n.workflow.started","payload":{"executionId":"29","workflowId":"HmkGu0Qs86INP6ij","isManual":false,"workflowName":"My workflow"}}
{"__type":"$$EventMessageConfirm","confirm":"a11154a2-5a1a-409d-8e26-5df846b1cc85","ts":"2025-12-13T00:59:20.610+07:00","source":{"id":"0","name":"eventBus"}}
{"__type":"$$EventMessageNode","id":"918c2d15-7f5c-43c6-a975-da09724af112","ts":"2025-12-13T00:59:20.611+07:00","eventName":"n8n.node.started","message":"n8n.node.started","payload":{"workflowId":"HmkGu0Qs86INP6ij","workflowName":"My workflow","executionId":"29","nodeType":"n8n-nodes-base.webhook","nodeName":"Webhook","nodeId":"6d7ffaf0-4bfe-41e9-a798-b44fddeef364"}}
{"__type":"$$EventMessageConfirm","confirm":"918c2d15-7f5c-43c6-a975-da09724af112","ts":"2025-12-13T00:59:20.611+07:00","source":{"id":"0","name":"eventBus"}}
{"__type":"$$EventMessageNode","id":"f1ed76aa-c4de-4952-917f-f0cc4694f8d4","ts":"2025-12-13T00:59:20.611+07:00","eventName":"n8n.node.finished","message":"n8n.node.finished","payload":{"workflowId":"HmkGu0Qs86INP6ij","workflowName":"My workflow","executionId":"29","nodeType":"n8n-nodes-base.webhook","nodeName":"Webhook","nodeId":"6d7ffaf0-4bfe-41e9-a798-b44fddeef364"}}
{"__type":"$$EventMessageConfirm","confirm":"f1ed76aa-c4de-4952-917f-f0cc4694f8d4","ts":"2025-12-13T00:59:20.611+07:00","source":{"id":"0","name":"eventBus"}}
{"__type":"$$EventMessageWorkflow","id":"22ae2974-a288-4d10-b5dd-24fa0fa4284a","ts":"2025-12-13T00:59:20.613+07:00","eventName":"n8n.workflow.failed","message":"n8n.workflow.failed","payload":{"executionId":"29","success":false,"isManual":true,"workflowId":"HmkGu0Qs86INP6ij","workflowName":"My workflow","lastNodeExecuted":"Webhook","errorMessage":"Unused Respond to Webhook node found in the workflow"}}
{"__type":"$$EventMessageConfirm","confirm":"22ae2974-a288-4d10-b5dd-24fa0fa4284a","ts":"2025-12-13T00:59:20.613+07:00","source":{"id":"0","name":"eventBus"}}
{"__type":"$$EventMessageWorkflow","id":"e6047728-2cc2-4aff-8509-5f8fe236d64a","ts":"2025-12-13T01:00:01.178+07:00","eventName":"n8n.workflow.started","message":"n8n.workflow.started","payload":{"executionId":"30","workflowId":"HmkGu0Qs86INP6ij","isManual":false,"workflowName":"My workflow"}}
{"__type":"$$EventMessageConfirm","confirm":"e6047728-2cc2-4aff-8509-5f8fe236d64a","ts":"2025-12-13T01:00:01.178+07:00","source":{"id":"0","name":"eventBus"}}
{"__type":"$$EventMessageNode","id":"514c16b6-93f0-4f16-bf4e-491da00cccb0","ts":"2025-12-13T01:00:01.179+07:00","eventName":"n8n.node.started","message":"n8n.node.started","payload":{"workflowId":"HmkGu0Qs86INP6ij","workflowName":"My workflow","executionId":"30","nodeType":"n8n-nodes-base.webhook","nodeName":"Webhook","nodeId":"6d7ffaf0-4bfe-41e9-a798-b44fddeef364"}}
{"__type":"$$EventMessageConfirm","confirm":"514c16b6-93f0-4f16-bf4e-491da00cccb0","ts":"2025-12-13T01:00:01.179+07:00","source":{"id":"0","name":"eventBus"}}
{"__type":"$$EventMessageNode","id":"7ec3bd9f-69ff-4eeb-953c-9534c02501d1","ts":"2025-12-13T01:00:01.179+07:00","eventName":"n8n.node.finished","message":"n8n.node.finished","payload":{"workflowId":"HmkGu0Qs86INP6ij","workflowName":"My workflow","executionId":"30","nodeType":"n8n-nodes-base.webhook","nodeName":"Webhook","nodeId":"6d7ffaf0-4bfe-41e9-a798-b44fddeef364"}}
{"__type":"$$EventMessageConfirm","confirm":"7ec3bd9f-69ff-4eeb-953c-9534c02501d1","ts":"2025-12-13T01:00:01.179+07:00","source":{"id":"0","name":"eventBus"}}
{"__type":"$$EventMessageWorkflow","id":"78f71b76-ced5-4fe9-b6c9-9aeedd0c66b9","ts":"2025-12-13T01:00:01.181+07:00","eventName":"n8n.workflow.failed","message":"n8n.workflow.failed","payload":{"executionId":"30","success":false,"isManual":true,"workflowId":"HmkGu0Qs86INP6ij","workflowName":"My workflow","lastNodeExecuted":"Webhook","errorMessage":"Unused Respond to Webhook node found in the workflow"}}
{"__type":"$$EventMessageConfirm","confirm":"78f71b76-ced5-4fe9-b6c9-9aeedd0c66b9","ts":"2025-12-13T01:00:01.181+07:00","source":{"id":"0","name":"eventBus"}}
{"__type":"$$EventMessageAudit","id":"7bec0fbc-57be-4ad4-9b1d-86683842cf0a","ts":"2025-12-13T01:02:28.776+07:00","eventName":"n8n.audit.workflow.updated","message":"n8n.audit.workflow.updated","payload":{"userId":"491d35c9-9726-404d-ae12-f4c780734843","_email":"natchnon654321@gmail.com","_firstName":"Nutchanon","_lastName":"Sapmeechai","globalRole":"global:owner","workflowId":"HmkGu0Qs86INP6ij","workflowName":"My workflow"}}
{"__type":"$$EventMessageConfirm","confirm":"7bec0fbc-57be-4ad4-9b1d-86683842cf0a","ts":"2025-12-13T01:02:28.776+07:00","source":{"id":"0","name":"eventBus"}}
{"__type":"$$EventMessageWorkflow","id":"fcd285cf-2c90-4ecd-82ad-640adc676e11","ts":"2025-12-13T01:02:38.458+07:00","eventName":"n8n.workflow.started","message":"n8n.workflow.started","payload":{"executionId":"31","workflowId":"HmkGu0Qs86INP6ij","isManual":false,"workflowName":"My workflow"}}
{"__type":"$$EventMessageConfirm","confirm":"fcd285cf-2c90-4ecd-82ad-640adc676e11","ts":"2025-12-13T01:02:38.458+07:00","source":{"id":"0","name":"eventBus"}}
{"__type":"$$EventMessageNode","id":"427bdc09-a5d7-456c-936a-ea3f66e431c2","ts":"2025-12-13T01:02:38.458+07:00","eventName":"n8n.node.started","message":"n8n.node.started","payload":{"workflowId":"HmkGu0Qs86INP6ij","workflowName":"My workflow","executionId":"31","nodeType":"n8n-nodes-base.webhook","nodeName":"Webhook","nodeId":"6d7ffaf0-4bfe-41e9-a798-b44fddeef364"}}
{"__type":"$$EventMessageConfirm","confirm":"427bdc09-a5d7-456c-936a-ea3f66e431c2","ts":"2025-12-13T01:02:38.458+07:00","source":{"id":"0","name":"eventBus"}}
{"__type":"$$EventMessageNode","id":"6401c241-3700-428e-ae9e-16eb1722422b","ts":"2025-12-13T01:02:38.459+07:00","eventName":"n8n.node.finished","message":"n8n.node.finished","payload":{"workflowId":"HmkGu0Qs86INP6ij","workflowName":"My workflow","executionId":"31","nodeType":"n8n-nodes-base.webhook","nodeName":"Webhook","nodeId":"6d7ffaf0-4bfe-41e9-a798-b44fddeef364"}}
{"__type":"$$EventMessageConfirm","confirm":"6401c241-3700-428e-ae9e-16eb1722422b","ts":"2025-12-13T01:02:38.459+07:00","source":{"id":"0","name":"eventBus"}}
{"__type":"$$EventMessageWorkflow","id":"79d28704-c7ca-447c-8ee6-9179d21c8dfd","ts":"2025-12-13T01:02:38.461+07:00","eventName":"n8n.workflow.failed","message":"n8n.workflow.failed","payload":{"executionId":"31","success":false,"isManual":true,"workflowId":"HmkGu0Qs86INP6ij","workflowName":"My workflow","lastNodeExecuted":"Webhook","errorMessage":"Unused Respond to Webhook node found in the workflow"}}
{"__type":"$$EventMessageConfirm","confirm":"79d28704-c7ca-447c-8ee6-9179d21c8dfd","ts":"2025-12-13T01:02:38.461+07:00","source":{"id":"0","name":"eventBus"}}
{"__type":"$$EventMessageWorkflow","id":"10e9befd-e812-418d-a7da-fbbfae170325","ts":"2025-12-13T01:03:49.509+07:00","eventName":"n8n.workflow.started","message":"n8n.workflow.started","payload":{"executionId":"32","workflowId":"HmkGu0Qs86INP6ij","isManual":false,"workflowName":"My workflow"}}
{"__type":"$$EventMessageConfirm","confirm":"10e9befd-e812-418d-a7da-fbbfae170325","ts":"2025-12-13T01:03:49.509+07:00","source":{"id":"0","name":"eventBus"}}
{"__type":"$$EventMessageNode","id":"a0eb793a-c447-4273-9ceb-05b4c4eb1df0","ts":"2025-12-13T01:03:49.509+07:00","eventName":"n8n.node.started","message":"n8n.node.started","payload":{"workflowId":"HmkGu0Qs86INP6ij","workflowName":"My workflow","executionId":"32","nodeType":"n8n-nodes-base.webhook","nodeName":"Webhook","nodeId":"6d7ffaf0-4bfe-41e9-a798-b44fddeef364"}}
{"__type":"$$EventMessageConfirm","confirm":"a0eb793a-c447-4273-9ceb-05b4c4eb1df0","ts":"2025-12-13T01:03:49.509+07:00","source":{"id":"0","name":"eventBus"}}
{"__type":"$$EventMessageNode","id":"2020661e-adae-40f2-b943-241596baf902","ts":"2025-12-13T01:03:49.510+07:00","eventName":"n8n.node.finished","message":"n8n.node.finished","payload":{"workflowId":"HmkGu0Qs86INP6ij","workflowName":"My workflow","executionId":"32","nodeType":"n8n-nodes-base.webhook","nodeName":"Webhook","nodeId":"6d7ffaf0-4bfe-41e9-a798-b44fddeef364"}}
{"__type":"$$EventMessageConfirm","confirm":"2020661e-adae-40f2-b943-241596baf902","ts":"2025-12-13T01:03:49.510+07:00","source":{"id":"0","name":"eventBus"}}
{"__type":"$$EventMessageWorkflow","id":"cbc7431b-a3ef-4ae9-9960-0a35bfa10735","ts":"2025-12-13T01:03:49.513+07:00","eventName":"n8n.workflow.failed","message":"n8n.workflow.failed","payload":{"executionId":"32","success":false,"isManual":true,"workflowId":"HmkGu0Qs86INP6ij","workflowName":"My workflow","lastNodeExecuted":"Webhook","errorMessage":"Unused Respond to Webhook node found in the workflow"}}
{"__type":"$$EventMessageConfirm","confirm":"cbc7431b-a3ef-4ae9-9960-0a35bfa10735","ts":"2025-12-13T01:03:49.513+07:00","source":{"id":"0","name":"eventBus"}}
{"__type":"$$EventMessageWorkflow","id":"b1c21864-7f30-42bb-98a1-86ce7e70be6d","ts":"2025-12-13T01:04:07.580+07:00","eventName":"n8n.workflow.started","message":"n8n.workflow.started","payload":{"executionId":"33","workflowId":"HmkGu0Qs86INP6ij","isManual":false,"workflowName":"My workflow"}}
{"__type":"$$EventMessageConfirm","confirm":"b1c21864-7f30-42bb-98a1-86ce7e70be6d","ts":"2025-12-13T01:04:07.580+07:00","source":{"id":"0","name":"eventBus"}}
{"__type":"$$EventMessageNode","id":"3afe861d-3482-4b95-8306-0741c08abda1","ts":"2025-12-13T01:04:07.580+07:00","eventName":"n8n.node.started","message":"n8n.node.started","payload":{"workflowId":"HmkGu0Qs86INP6ij","workflowName":"My workflow","executionId":"33","nodeType":"n8n-nodes-base.webhook","nodeName":"Webhook","nodeId":"6d7ffaf0-4bfe-41e9-a798-b44fddeef364"}}
{"__type":"$$EventMessageConfirm","confirm":"3afe861d-3482-4b95-8306-0741c08abda1","ts":"2025-12-13T01:04:07.580+07:00","source":{"id":"0","name":"eventBus"}}
{"__type":"$$EventMessageNode","id":"f2c0ea86-872f-4669-82ac-17047be55854","ts":"2025-12-13T01:04:07.581+07:00","eventName":"n8n.node.finished","message":"n8n.node.finished","payload":{"workflowId":"HmkGu0Qs86INP6ij","workflowName":"My workflow","executionId":"33","nodeType":"n8n-nodes-base.webhook","nodeName":"Webhook","nodeId":"6d7ffaf0-4bfe-41e9-a798-b44fddeef364"}}
{"__type":"$$EventMessageConfirm","confirm":"f2c0ea86-872f-4669-82ac-17047be55854","ts":"2025-12-13T01:04:07.581+07:00","source":{"id":"0","name":"eventBus"}}
{"__type":"$$EventMessageWorkflow","id":"e1cbbf45-a5a9-4d8c-88f4-de359dcb0632","ts":"2025-12-13T01:04:07.582+07:00","eventName":"n8n.workflow.failed","message":"n8n.workflow.failed","payload":{"executionId":"33","success":false,"isManual":true,"workflowId":"HmkGu0Qs86INP6ij","workflowName":"My workflow","lastNodeExecuted":"Webhook","errorMessage":"Unused Respond to Webhook node found in the workflow"}}
{"__type":"$$EventMessageConfirm","confirm":"e1cbbf45-a5a9-4d8c-88f4-de359dcb0632","ts":"2025-12-13T01:04:07.583+07:00","source":{"id":"0","name":"eventBus"}}
{"__type":"$$EventMessageWorkflow","id":"c5d84c3a-1ded-4f01-bf63-20c33bf97b97","ts":"2025-12-13T01:04:28.290+07:00","eventName":"n8n.workflow.started","message":"n8n.workflow.started","payload":{"executionId":"34","workflowId":"HmkGu0Qs86INP6ij","isManual":false,"workflowName":"My workflow"}}
{"__type":"$$EventMessageConfirm","confirm":"c5d84c3a-1ded-4f01-bf63-20c33bf97b97","ts":"2025-12-13T01:04:28.290+07:00","source":{"id":"0","name":"eventBus"}}
{"__type":"$$EventMessageNode","id":"9fa6933b-603f-48f5-b1f9-f5ea910fd485","ts":"2025-12-13T01:04:28.290+07:00","eventName":"n8n.node.started","message":"n8n.node.started","payload":{"workflowId":"HmkGu0Qs86INP6ij","workflowName":"My workflow","executionId":"34","nodeType":"n8n-nodes-base.webhook","nodeName":"Webhook","nodeId":"6d7ffaf0-4bfe-41e9-a798-b44fddeef364"}}
{"__type":"$$EventMessageConfirm","confirm":"9fa6933b-603f-48f5-b1f9-f5ea910fd485","ts":"2025-12-13T01:04:28.290+07:00","source":{"id":"0","name":"eventBus"}}
{"__type":"$$EventMessageNode","id":"c4cecf79-63d4-4ae7-8d2f-56bbde6115b7","ts":"2025-12-13T01:04:28.291+07:00","eventName":"n8n.node.finished","message":"n8n.node.finished","payload":{"workflowId":"HmkGu0Qs86INP6ij","workflowName":"My workflow","executionId":"34","nodeType":"n8n-nodes-base.webhook","nodeName":"Webhook","nodeId":"6d7ffaf0-4bfe-41e9-a798-b44fddeef364"}}
{"__type":"$$EventMessageConfirm","confirm":"c4cecf79-63d4-4ae7-8d2f-56bbde6115b7","ts":"2025-12-13T01:04:28.291+07:00","source":{"id":"0","name":"eventBus"}}
{"__type":"$$EventMessageWorkflow","id":"fe518036-f328-47b4-9ed6-1cd23c772357","ts":"2025-12-13T01:04:28.293+07:00","eventName":"n8n.workflow.failed","message":"n8n.workflow.failed","payload":{"executionId":"34","success":false,"isManual":true,"workflowId":"HmkGu0Qs86INP6ij","workflowName":"My workflow","lastNodeExecuted":"Webhook","errorMessage":"Unused Respond to Webhook node found in the workflow"}}
{"__type":"$$EventMessageConfirm","confirm":"fe518036-f328-47b4-9ed6-1cd23c772357","ts":"2025-12-13T01:04:28.293+07:00","source":{"id":"0","name":"eventBus"}}
{"__type":"$$EventMessageWorkflow","id":"b2fb8dd2-296a-4a04-a1da-f8f9da585a9d","ts":"2025-12-13T01:05:27.658+07:00","eventName":"n8n.workflow.started","message":"n8n.workflow.started","payload":{"executionId":"35","workflowId":"HmkGu0Qs86INP6ij","isManual":false,"workflowName":"My workflow"}}
{"__type":"$$EventMessageConfirm","confirm":"b2fb8dd2-296a-4a04-a1da-f8f9da585a9d","ts":"2025-12-13T01:05:27.658+07:00","source":{"id":"0","name":"eventBus"}}
{"__type":"$$EventMessageNode","id":"5210e3b1-b646-41c6-94a1-76fffdbd9823","ts":"2025-12-13T01:05:27.659+07:00","eventName":"n8n.node.started","message":"n8n.node.started","payload":{"workflowId":"HmkGu0Qs86INP6ij","workflowName":"My workflow","executionId":"35","nodeType":"n8n-nodes-base.webhook","nodeName":"Webhook","nodeId":"6d7ffaf0-4bfe-41e9-a798-b44fddeef364"}}
{"__type":"$$EventMessageConfirm","confirm":"5210e3b1-b646-41c6-94a1-76fffdbd9823","ts":"2025-12-13T01:05:27.659+07:00","source":{"id":"0","name":"eventBus"}}
{"__type":"$$EventMessageNode","id":"854e6042-d3c8-4d5c-8fba-57ea0a7cb738","ts":"2025-12-13T01:05:27.660+07:00","eventName":"n8n.node.finished","message":"n8n.node.finished","payload":{"workflowId":"HmkGu0Qs86INP6ij","workflowName":"My workflow","executionId":"35","nodeType":"n8n-nodes-base.webhook","nodeName":"Webhook","nodeId":"6d7ffaf0-4bfe-41e9-a798-b44fddeef364"}}
{"__type":"$$EventMessageConfirm","confirm":"854e6042-d3c8-4d5c-8fba-57ea0a7cb738","ts":"2025-12-13T01:05:27.660+07:00","source":{"id":"0","name":"eventBus"}}
{"__type":"$$EventMessageWorkflow","id":"20e46316-d1e8-4dde-90d4-44a4bea5d597","ts":"2025-12-13T01:05:27.662+07:00","eventName":"n8n.workflow.failed","message":"n8n.workflow.failed","payload":{"executionId":"35","success":false,"isManual":true,"workflowId":"HmkGu0Qs86INP6ij","workflowName":"My workflow","lastNodeExecuted":"Webhook","errorMessage":"Unused Respond to Webhook node found in the workflow"}}
{"__type":"$$EventMessageConfirm","confirm":"20e46316-d1e8-4dde-90d4-44a4bea5d597","ts":"2025-12-13T01:05:27.662+07:00","source":{"id":"0","name":"eventBus"}}
{"__type":"$$EventMessageWorkflow","id":"e1bb4c1c-0df7-42f4-89ce-71da360d0c00","ts":"2025-12-13T01:06:17.987+07:00","eventName":"n8n.workflow.started","message":"n8n.workflow.started","payload":{"executionId":"36","workflowId":"HmkGu0Qs86INP6ij","isManual":false,"workflowName":"My workflow"}}
{"__type":"$$EventMessageConfirm","confirm":"e1bb4c1c-0df7-42f4-89ce-71da360d0c00","ts":"2025-12-13T01:06:17.987+07:00","source":{"id":"0","name":"eventBus"}}
{"__type":"$$EventMessageNode","id":"4e2a5071-0ef9-498d-b0de-cdd5edbb89c4","ts":"2025-12-13T01:06:17.987+07:00","eventName":"n8n.node.started","message":"n8n.node.started","payload":{"workflowId":"HmkGu0Qs86INP6ij","workflowName":"My workflow","executionId":"36","nodeType":"n8n-nodes-base.webhook","nodeName":"Webhook","nodeId":"6d7ffaf0-4bfe-41e9-a798-b44fddeef364"}}
{"__type":"$$EventMessageConfirm","confirm":"4e2a5071-0ef9-498d-b0de-cdd5edbb89c4","ts":"2025-12-13T01:06:17.987+07:00","source":{"id":"0","name":"eventBus"}}
{"__type":"$$EventMessageNode","id":"9fcd5e77-506c-43bf-af33-ab81077534c2","ts":"2025-12-13T01:06:17.988+07:00","eventName":"n8n.node.finished","message":"n8n.node.finished","payload":{"workflowId":"HmkGu0Qs86INP6ij","workflowName":"My workflow","executionId":"36","nodeType":"n8n-nodes-base.webhook","nodeName":"Webhook","nodeId":"6d7ffaf0-4bfe-41e9-a798-b44fddeef364"}}
{"__type":"$$EventMessageConfirm","confirm":"9fcd5e77-506c-43bf-af33-ab81077534c2","ts":"2025-12-13T01:06:17.988+07:00","source":{"id":"0","name":"eventBus"}}
{"__type":"$$EventMessageWorkflow","id":"bf5de00b-7aad-4898-869d-9231b6b73fc6","ts":"2025-12-13T01:06:17.989+07:00","eventName":"n8n.workflow.failed","message":"n8n.workflow.failed","payload":{"executionId":"36","success":false,"isManual":true,"workflowId":"HmkGu0Qs86INP6ij","workflowName":"My workflow","lastNodeExecuted":"Webhook","errorMessage":"Unused Respond to Webhook node found in the workflow"}}
{"__type":"$$EventMessageConfirm","confirm":"bf5de00b-7aad-4898-869d-9231b6b73fc6","ts":"2025-12-13T01:06:17.989+07:00","source":{"id":"0","name":"eventBus"}}
{"__type":"$$EventMessageWorkflow","id":"99910712-4968-4781-95d4-c32e3e792eb8","ts":"2025-12-13T01:06:45.283+07:00","eventName":"n8n.workflow.started","message":"n8n.workflow.started","payload":{"executionId":"37","workflowId":"HmkGu0Qs86INP6ij","isManual":false,"workflowName":"My workflow"}}
{"__type":"$$EventMessageConfirm","confirm":"99910712-4968-4781-95d4-c32e3e792eb8","ts":"2025-12-13T01:06:45.284+07:00","source":{"id":"0","name":"eventBus"}}
{"__type":"$$EventMessageNode","id":"7975927a-e357-4817-be54-487193338c55","ts":"2025-12-13T01:06:45.284+07:00","eventName":"n8n.node.started","message":"n8n.node.started","payload":{"workflowId":"HmkGu0Qs86INP6ij","workflowName":"My workflow","executionId":"37","nodeType":"n8n-nodes-base.webhook","nodeName":"Webhook","nodeId":"6d7ffaf0-4bfe-41e9-a798-b44fddeef364"}}
{"__type":"$$EventMessageConfirm","confirm":"7975927a-e357-4817-be54-487193338c55","ts":"2025-12-13T01:06:45.284+07:00","source":{"id":"0","name":"eventBus"}}
{"__type":"$$EventMessageNode","id":"907a24cc-4b0f-46d2-8b27-fdf633b44a9a","ts":"2025-12-13T01:06:45.284+07:00","eventName":"n8n.node.finished","message":"n8n.node.finished","payload":{"workflowId":"HmkGu0Qs86INP6ij","workflowName":"My workflow","executionId":"37","nodeType":"n8n-nodes-base.webhook","nodeName":"Webhook","nodeId":"6d7ffaf0-4bfe-41e9-a798-b44fddeef364"}}
{"__type":"$$EventMessageConfirm","confirm":"907a24cc-4b0f-46d2-8b27-fdf633b44a9a","ts":"2025-12-13T01:06:45.284+07:00","source":{"id":"0","name":"eventBus"}}
{"__type":"$$EventMessageWorkflow","id":"02f85105-ba37-414f-b7f5-c97292ca5f6f","ts":"2025-12-13T01:06:45.287+07:00","eventName":"n8n.workflow.success","message":"n8n.workflow.success","payload":{"executionId":"37","success":true,"isManual":true,"workflowId":"HmkGu0Qs86INP6ij","workflowName":"My workflow"}}
{"__type":"$$EventMessageConfirm","confirm":"02f85105-ba37-414f-b7f5-c97292ca5f6f","ts":"2025-12-13T01:06:45.287+07:00","source":{"id":"0","name":"eventBus"}}
{"__type":"$$EventMessageAudit","id":"1f771e86-7376-472b-8fcb-7794d334a4fe","ts":"2025-12-13T01:06:55.503+07:00","eventName":"n8n.audit.workflow.updated","message":"n8n.audit.workflow.updated","payload":{"userId":"491d35c9-9726-404d-ae12-f4c780734843","_email":"natchnon654321@gmail.com","_firstName":"Nutchanon","_lastName":"Sapmeechai","globalRole":"global:owner","workflowId":"HmkGu0Qs86INP6ij","workflowName":"My workflow"}}
{"__type":"$$EventMessageConfirm","confirm":"1f771e86-7376-472b-8fcb-7794d334a4fe","ts":"2025-12-13T01:06:55.503+07:00","source":{"id":"0","name":"eventBus"}}
{"__type":"$$EventMessageWorkflow","id":"32c01e25-88d8-4241-81db-8a9ff2f0e42b","ts":"2025-12-13T01:07:10.322+07:00","eventName":"n8n.workflow.started","message":"n8n.workflow.started","payload":{"executionId":"38","workflowId":"HmkGu0Qs86INP6ij","isManual":false,"workflowName":"My workflow"}}
{"__type":"$$EventMessageConfirm","confirm":"32c01e25-88d8-4241-81db-8a9ff2f0e42b","ts":"2025-12-13T01:07:10.322+07:00","source":{"id":"0","name":"eventBus"}}
{"__type":"$$EventMessageNode","id":"d6621b75-ba20-4664-8ea6-c54ec495a6c4","ts":"2025-12-13T01:07:10.323+07:00","eventName":"n8n.node.started","message":"n8n.node.started","payload":{"workflowId":"HmkGu0Qs86INP6ij","workflowName":"My workflow","executionId":"38","nodeType":"n8n-nodes-base.webhook","nodeName":"Webhook","nodeId":"6d7ffaf0-4bfe-41e9-a798-b44fddeef364"}}
{"__type":"$$EventMessageConfirm","confirm":"d6621b75-ba20-4664-8ea6-c54ec495a6c4","ts":"2025-12-13T01:07:10.323+07:00","source":{"id":"0","name":"eventBus"}}
{"__type":"$$EventMessageNode","id":"2348072f-ae20-4d3b-96b9-c94a31e19199","ts":"2025-12-13T01:07:10.323+07:00","eventName":"n8n.node.finished","message":"n8n.node.finished","payload":{"workflowId":"HmkGu0Qs86INP6ij","workflowName":"My workflow","executionId":"38","nodeType":"n8n-nodes-base.webhook","nodeName":"Webhook","nodeId":"6d7ffaf0-4bfe-41e9-a798-b44fddeef364"}}
{"__type":"$$EventMessageConfirm","confirm":"2348072f-ae20-4d3b-96b9-c94a31e19199","ts":"2025-12-13T01:07:10.323+07:00","source":{"id":"0","name":"eventBus"}}
{"__type":"$$EventMessageWorkflow","id":"5e36f034-08da-462e-9714-c4eda8cbaf69","ts":"2025-12-13T01:07:10.326+07:00","eventName":"n8n.workflow.success","message":"n8n.workflow.success","payload":{"executionId":"38","success":true,"isManual":true,"workflowId":"HmkGu0Qs86INP6ij","workflowName":"My workflow"}}
{"__type":"$$EventMessageConfirm","confirm":"5e36f034-08da-462e-9714-c4eda8cbaf69","ts":"2025-12-13T01:07:10.326+07:00","source":{"id":"0","name":"eventBus"}}
{"__type":"$$EventMessageWorkflow","id":"cd9d3426-a34c-4317-9421-deb9ed8f0a31","ts":"2025-12-13T01:07:55.853+07:00","eventName":"n8n.workflow.started","message":"n8n.workflow.started","payload":{"executionId":"39","workflowId":"HmkGu0Qs86INP6ij","isManual":false,"workflowName":"My workflow"}}
{"__type":"$$EventMessageConfirm","confirm":"cd9d3426-a34c-4317-9421-deb9ed8f0a31","ts":"2025-12-13T01:07:55.853+07:00","source":{"id":"0","name":"eventBus"}}
{"__type":"$$EventMessageNode","id":"fb0a0736-e127-4bb3-900a-2dce8d644483","ts":"2025-12-13T01:07:55.854+07:00","eventName":"n8n.node.started","message":"n8n.node.started","payload":{"workflowId":"HmkGu0Qs86INP6ij","workflowName":"My workflow","executionId":"39","nodeType":"n8n-nodes-base.webhook","nodeName":"Webhook","nodeId":"6d7ffaf0-4bfe-41e9-a798-b44fddeef364"}}
{"__type":"$$EventMessageConfirm","confirm":"fb0a0736-e127-4bb3-900a-2dce8d644483","ts":"2025-12-13T01:07:55.854+07:00","source":{"id":"0","name":"eventBus"}}
{"__type":"$$EventMessageNode","id":"329c8d7e-c006-4870-954e-3e0bd0f373b1","ts":"2025-12-13T01:07:55.854+07:00","eventName":"n8n.node.finished","message":"n8n.node.finished","payload":{"workflowId":"HmkGu0Qs86INP6ij","workflowName":"My workflow","executionId":"39","nodeType":"n8n-nodes-base.webhook","nodeName":"Webhook","nodeId":"6d7ffaf0-4bfe-41e9-a798-b44fddeef364"}}
{"__type":"$$EventMessageConfirm","confirm":"329c8d7e-c006-4870-954e-3e0bd0f373b1","ts":"2025-12-13T01:07:55.854+07:00","source":{"id":"0","name":"eventBus"}}
{"__type":"$$EventMessageWorkflow","id":"93a8ec3b-0978-49d9-842f-cd386067a7bc","ts":"2025-12-13T01:07:55.856+07:00","eventName":"n8n.workflow.failed","message":"n8n.workflow.failed","payload":{"executionId":"39","success":false,"isManual":true,"workflowId":"HmkGu0Qs86INP6ij","workflowName":"My workflow","lastNodeExecuted":"Webhook","errorMessage":"Unused Respond to Webhook node found in the workflow"}}
{"__type":"$$EventMessageConfirm","confirm":"93a8ec3b-0978-49d9-842f-cd386067a7bc","ts":"2025-12-13T01:07:55.856+07:00","source":{"id":"0","name":"eventBus"}}
{"__type":"$$EventMessageWorkflow","id":"9ada90f7-7f32-4cd6-b977-3014f4cd6c0c","ts":"2025-12-13T01:08:00.475+07:00","eventName":"n8n.workflow.started","message":"n8n.workflow.started","payload":{"executionId":"40","workflowId":"HmkGu0Qs86INP6ij","isManual":false,"workflowName":"My workflow"}}
{"__type":"$$EventMessageConfirm","confirm":"9ada90f7-7f32-4cd6-b977-3014f4cd6c0c","ts":"2025-12-13T01:08:00.475+07:00","source":{"id":"0","name":"eventBus"}}
{"__type":"$$EventMessageWorkflow","id":"a4e8c8e4-6080-451d-9f88-4c61af87be01","ts":"2025-12-13T01:08:00.477+07:00","eventName":"n8n.workflow.success","message":"n8n.workflow.success","payload":{"userId":"491d35c9-9726-404d-ae12-f4c780734843","executionId":"40","success":true,"isManual":true,"workflowId":"HmkGu0Qs86INP6ij","workflowName":"My workflow"}}
{"__type":"$$EventMessageConfirm","confirm":"a4e8c8e4-6080-451d-9f88-4c61af87be01","ts":"2025-12-13T01:08:00.477+07:00","source":{"id":"0","name":"eventBus"}}
{"__type":"$$EventMessageWorkflow","id":"95cf30e4-9f97-4d71-a1f4-7cead2a2b944","ts":"2025-12-13T01:08:12.537+07:00","eventName":"n8n.workflow.started","message":"n8n.workflow.started","payload":{"executionId":"41","workflowId":"HmkGu0Qs86INP6ij","isManual":false,"workflowName":"My workflow"}}
{"__type":"$$EventMessageConfirm","confirm":"95cf30e4-9f97-4d71-a1f4-7cead2a2b944","ts":"2025-12-13T01:08:12.537+07:00","source":{"id":"0","name":"eventBus"}}
{"__type":"$$EventMessageNode","id":"696ef27c-a608-49e9-8fcc-5b8aa3a906f7","ts":"2025-12-13T01:08:12.537+07:00","eventName":"n8n.node.started","message":"n8n.node.started","payload":{"workflowId":"HmkGu0Qs86INP6ij","workflowName":"My workflow","executionId":"41","nodeType":"n8n-nodes-base.webhook","nodeName":"Webhook","nodeId":"6d7ffaf0-4bfe-41e9-a798-b44fddeef364"}}
{"__type":"$$EventMessageConfirm","confirm":"696ef27c-a608-49e9-8fcc-5b8aa3a906f7","ts":"2025-12-13T01:08:12.537+07:00","source":{"id":"0","name":"eventBus"}}
{"__type":"$$EventMessageNode","id":"f96e313d-6286-48a9-b6f9-9d2b04e4665e","ts":"2025-12-13T01:08:12.537+07:00","eventName":"n8n.node.finished","message":"n8n.node.finished","payload":{"workflowId":"HmkGu0Qs86INP6ij","workflowName":"My workflow","executionId":"41","nodeType":"n8n-nodes-base.webhook","nodeName":"Webhook","nodeId":"6d7ffaf0-4bfe-41e9-a798-b44fddeef364"}}
{"__type":"$$EventMessageConfirm","confirm":"f96e313d-6286-48a9-b6f9-9d2b04e4665e","ts":"2025-12-13T01:08:12.537+07:00","source":{"id":"0","name":"eventBus"}}
{"__type":"$$EventMessageNode","id":"2fe6062d-2b69-4017-bbae-c3ec39d2af5f","ts":"2025-12-13T01:08:12.539+07:00","eventName":"n8n.node.started","message":"n8n.node.started","payload":{"workflowId":"HmkGu0Qs86INP6ij","workflowName":"My workflow","executionId":"41","nodeType":"@n8n/n8n-nodes-langchain.ollama","nodeName":"Analyze image","nodeId":"94dd0954-f1c1-4b29-a9e3-63d049de57c1"}}
{"__type":"$$EventMessageConfirm","confirm":"2fe6062d-2b69-4017-bbae-c3ec39d2af5f","ts":"2025-12-13T01:08:12.539+07:00","source":{"id":"0","name":"eventBus"}}
{"__type":"$$EventMessageNode","id":"1bd0652d-f6bc-4022-92d0-718d5db741ea","ts":"2025-12-13T01:09:54.248+07:00","eventName":"n8n.node.finished","message":"n8n.node.finished","payload":{"workflowId":"HmkGu0Qs86INP6ij","workflowName":"My workflow","executionId":"41","nodeType":"@n8n/n8n-nodes-langchain.ollama","nodeName":"Analyze image","nodeId":"94dd0954-f1c1-4b29-a9e3-63d049de57c1"}}
{"__type":"$$EventMessageConfirm","confirm":"1bd0652d-f6bc-4022-92d0-718d5db741ea","ts":"2025-12-13T01:09:54.261+07:00","source":{"id":"0","name":"eventBus"}}
{"__type":"$$EventMessageWorkflow","id":"3512aaf7-0c7a-4857-bb72-02270dcecec6","ts":"2025-12-13T01:09:54.359+07:00","eventName":"n8n.workflow.success","message":"n8n.workflow.success","payload":{"executionId":"41","success":true,"isManual":true,"workflowId":"HmkGu0Qs86INP6ij","workflowName":"My workflow"}}
{"__type":"$$EventMessageConfirm","confirm":"3512aaf7-0c7a-4857-bb72-02270dcecec6","ts":"2025-12-13T01:09:54.360+07:00","source":{"id":"0","name":"eventBus"}}
{"__type":"$$EventMessageWorkflow","id":"03a94d74-ffc2-4ec9-bf00-682be366d082","ts":"2025-12-13T01:10:28.768+07:00","eventName":"n8n.workflow.started","message":"n8n.workflow.started","payload":{"executionId":"42","workflowId":"HmkGu0Qs86INP6ij","isManual":false,"workflowName":"My workflow"}}
{"__type":"$$EventMessageConfirm","confirm":"03a94d74-ffc2-4ec9-bf00-682be366d082","ts":"2025-12-13T01:10:28.770+07:00","source":{"id":"0","name":"eventBus"}}
{"__type":"$$EventMessageNode","id":"81405285-d4aa-4c02-ac37-625b7d8e47f7","ts":"2025-12-13T01:10:28.803+07:00","eventName":"n8n.node.started","message":"n8n.node.started","payload":{"workflowId":"HmkGu0Qs86INP6ij","workflowName":"My workflow","executionId":"42","nodeType":"n8n-nodes-base.respondToWebhook","nodeName":"Respond to Webhook","nodeId":"7739057b-1a4d-479a-85f9-01c796b585fa"}}
{"__type":"$$EventMessageConfirm","confirm":"81405285-d4aa-4c02-ac37-625b7d8e47f7","ts":"2025-12-13T01:10:28.803+07:00","source":{"id":"0","name":"eventBus"}}
{"__type":"$$EventMessageNode","id":"0a52b43a-c060-4e95-82fd-c2b3fa230645","ts":"2025-12-13T01:10:28.817+07:00","eventName":"n8n.node.finished","message":"n8n.node.finished","payload":{"workflowId":"HmkGu0Qs86INP6ij","workflowName":"My workflow","executionId":"42","nodeType":"n8n-nodes-base.respondToWebhook","nodeName":"Respond to Webhook","nodeId":"7739057b-1a4d-479a-85f9-01c796b585fa"}}
{"__type":"$$EventMessageConfirm","confirm":"0a52b43a-c060-4e95-82fd-c2b3fa230645","ts":"2025-12-13T01:10:28.817+07:00","source":{"id":"0","name":"eventBus"}}
{"__type":"$$EventMessageWorkflow","id":"047bd8ba-73cd-44f5-b7ae-e5f0664abc25","ts":"2025-12-13T01:10:28.824+07:00","eventName":"n8n.workflow.success","message":"n8n.workflow.success","payload":{"userId":"491d35c9-9726-404d-ae12-f4c780734843","executionId":"42","success":true,"isManual":true,"workflowId":"HmkGu0Qs86INP6ij","workflowName":"My workflow"}}
{"__type":"$$EventMessageConfirm","confirm":"047bd8ba-73cd-44f5-b7ae-e5f0664abc25","ts":"2025-12-13T01:10:28.824+07:00","source":{"id":"0","name":"eventBus"}}
{"__type":"$$EventMessageWorkflow","id":"71860e38-b0e4-4853-862b-525d50df3066","ts":"2025-12-13T01:10:38.533+07:00","eventName":"n8n.workflow.started","message":"n8n.workflow.started","payload":{"executionId":"43","workflowId":"HmkGu0Qs86INP6ij","isManual":false,"workflowName":"My workflow"}}
{"__type":"$$EventMessageConfirm","confirm":"71860e38-b0e4-4853-862b-525d50df3066","ts":"2025-12-13T01:10:38.533+07:00","source":{"id":"0","name":"eventBus"}}
{"__type":"$$EventMessageNode","id":"4d80c747-dffb-4744-8286-6deecb0f877a","ts":"2025-12-13T01:10:38.533+07:00","eventName":"n8n.node.started","message":"n8n.node.started","payload":{"workflowId":"HmkGu0Qs86INP6ij","workflowName":"My workflow","executionId":"43","nodeType":"n8n-nodes-base.webhook","nodeName":"Webhook","nodeId":"6d7ffaf0-4bfe-41e9-a798-b44fddeef364"}}
{"__type":"$$EventMessageConfirm","confirm":"4d80c747-dffb-4744-8286-6deecb0f877a","ts":"2025-12-13T01:10:38.534+07:00","source":{"id":"0","name":"eventBus"}}
{"__type":"$$EventMessageNode","id":"c6442b73-e4fd-4369-9e89-6b103e8230c0","ts":"2025-12-13T01:10:38.534+07:00","eventName":"n8n.node.finished","message":"n8n.node.finished","payload":{"workflowId":"HmkGu0Qs86INP6ij","workflowName":"My workflow","executionId":"43","nodeType":"n8n-nodes-base.webhook","nodeName":"Webhook","nodeId":"6d7ffaf0-4bfe-41e9-a798-b44fddeef364"}}
{"__type":"$$EventMessageConfirm","confirm":"c6442b73-e4fd-4369-9e89-6b103e8230c0","ts":"2025-12-13T01:10:38.534+07:00","source":{"id":"0","name":"eventBus"}}
{"__type":"$$EventMessageWorkflow","id":"a0ae1f28-bd87-4ced-b900-eb5c2dadf199","ts":"2025-12-13T01:10:38.538+07:00","eventName":"n8n.workflow.failed","message":"n8n.workflow.failed","payload":{"executionId":"43","success":false,"isManual":true,"workflowId":"HmkGu0Qs86INP6ij","workflowName":"My workflow","lastNodeExecuted":"Webhook","errorMessage":"Unused Respond to Webhook node found in the workflow"}}
{"__type":"$$EventMessageConfirm","confirm":"a0ae1f28-bd87-4ced-b900-eb5c2dadf199","ts":"2025-12-13T01:10:38.538+07:00","source":{"id":"0","name":"eventBus"}}
{"__type":"$$EventMessageWorkflow","id":"6e7adefb-e4b3-48a4-b633-fd3e4680115c","ts":"2025-12-13T01:11:38.191+07:00","eventName":"n8n.workflow.started","message":"n8n.workflow.started","payload":{"executionId":"44","workflowId":"HmkGu0Qs86INP6ij","isManual":false,"workflowName":"My workflow"}}
{"__type":"$$EventMessageConfirm","confirm":"6e7adefb-e4b3-48a4-b633-fd3e4680115c","ts":"2025-12-13T01:11:38.192+07:00","source":{"id":"0","name":"eventBus"}}
{"__type":"$$EventMessageNode","id":"cd4f4bd1-3c54-4c64-9d6a-3bc81e5bedfe","ts":"2025-12-13T01:11:38.192+07:00","eventName":"n8n.node.started","message":"n8n.node.started","payload":{"workflowId":"HmkGu0Qs86INP6ij","workflowName":"My workflow","executionId":"44","nodeType":"n8n-nodes-base.webhook","nodeName":"Webhook","nodeId":"6d7ffaf0-4bfe-41e9-a798-b44fddeef364"}}
{"__type":"$$EventMessageConfirm","confirm":"cd4f4bd1-3c54-4c64-9d6a-3bc81e5bedfe","ts":"2025-12-13T01:11:38.192+07:00","source":{"id":"0","name":"eventBus"}}
{"__type":"$$EventMessageNode","id":"fb39b0e9-61ce-4124-989a-bece8dd77b5d","ts":"2025-12-13T01:11:38.193+07:00","eventName":"n8n.node.finished","message":"n8n.node.finished","payload":{"workflowId":"HmkGu0Qs86INP6ij","workflowName":"My workflow","executionId":"44","nodeType":"n8n-nodes-base.webhook","nodeName":"Webhook","nodeId":"6d7ffaf0-4bfe-41e9-a798-b44fddeef364"}}
{"__type":"$$EventMessageConfirm","confirm":"fb39b0e9-61ce-4124-989a-bece8dd77b5d","ts":"2025-12-13T01:11:38.193+07:00","source":{"id":"0","name":"eventBus"}}
{"__type":"$$EventMessageNode","id":"dacbd351-77ce-4ae3-b2a2-7d2d4f7c9bd8","ts":"2025-12-13T01:11:38.197+07:00","eventName":"n8n.node.started","message":"n8n.node.started","payload":{"workflowId":"HmkGu0Qs86INP6ij","workflowName":"My workflow","executionId":"44","nodeType":"@n8n/n8n-nodes-langchain.ollama","nodeName":"Analyze image","nodeId":"94dd0954-f1c1-4b29-a9e3-63d049de57c1"}}
{"__type":"$$EventMessageConfirm","confirm":"dacbd351-77ce-4ae3-b2a2-7d2d4f7c9bd8","ts":"2025-12-13T01:11:38.197+07:00","source":{"id":"0","name":"eventBus"}}
{"__type":"$$EventMessageNode","id":"b7d07fb2-8c5f-4dca-8f84-c37ac5719205","ts":"2025-12-13T01:12:23.910+07:00","eventName":"n8n.node.finished","message":"n8n.node.finished","payload":{"workflowId":"HmkGu0Qs86INP6ij","workflowName":"My workflow","executionId":"44","nodeType":"@n8n/n8n-nodes-langchain.ollama","nodeName":"Analyze image","nodeId":"94dd0954-f1c1-4b29-a9e3-63d049de57c1"}}
{"__type":"$$EventMessageConfirm","confirm":"b7d07fb2-8c5f-4dca-8f84-c37ac5719205","ts":"2025-12-13T01:12:23.927+07:00","source":{"id":"0","name":"eventBus"}}
{"__type":"$$EventMessageWorkflow","id":"3520a7f5-3ea4-4b54-83a2-ae3357c4b026","ts":"2025-12-13T01:12:24.070+07:00","eventName":"n8n.workflow.success","message":"n8n.workflow.success","payload":{"executionId":"44","success":true,"isManual":true,"workflowId":"HmkGu0Qs86INP6ij","workflowName":"My workflow"}}
{"__type":"$$EventMessageConfirm","confirm":"3520a7f5-3ea4-4b54-83a2-ae3357c4b026","ts":"2025-12-13T01:12:24.070+07:00","source":{"id":"0","name":"eventBus"}}
{"__type":"$$EventMessageAudit","id":"e2ddad87-2c2b-49e5-a362-c8e9a1864881","ts":"2025-12-13T01:12:36.200+07:00","eventName":"n8n.audit.workflow.updated","message":"n8n.audit.workflow.updated","payload":{"userId":"491d35c9-9726-404d-ae12-f4c780734843","_email":"natchnon654321@gmail.com","_firstName":"Nutchanon","_lastName":"Sapmeechai","globalRole":"global:owner","workflowId":"HmkGu0Qs86INP6ij","workflowName":"My workflow"}}
{"__type":"$$EventMessageConfirm","confirm":"e2ddad87-2c2b-49e5-a362-c8e9a1864881","ts":"2025-12-13T01:12:36.201+07:00","source":{"id":"0","name":"eventBus"}}
{"__type":"$$EventMessageWorkflow","id":"1d7f608e-fce0-45e9-9028-2a81f6704e7a","ts":"2025-12-13T01:12:44.753+07:00","eventName":"n8n.workflow.started","message":"n8n.workflow.started","payload":{"executionId":"45","workflowId":"HmkGu0Qs86INP6ij","isManual":false,"workflowName":"My workflow"}}
{"__type":"$$EventMessageConfirm","confirm":"1d7f608e-fce0-45e9-9028-2a81f6704e7a","ts":"2025-12-13T01:12:44.754+07:00","source":{"id":"0","name":"eventBus"}}
{"__type":"$$EventMessageNode","id":"dffec83e-1543-47e8-97b1-999dc447a3fe","ts":"2025-12-13T01:12:44.755+07:00","eventName":"n8n.node.started","message":"n8n.node.started","payload":{"workflowId":"HmkGu0Qs86INP6ij","workflowName":"My workflow","executionId":"45","nodeType":"n8n-nodes-base.webhook","nodeName":"Webhook","nodeId":"6d7ffaf0-4bfe-41e9-a798-b44fddeef364"}}
{"__type":"$$EventMessageConfirm","confirm":"dffec83e-1543-47e8-97b1-999dc447a3fe","ts":"2025-12-13T01:12:44.755+07:00","source":{"id":"0","name":"eventBus"}}
{"__type":"$$EventMessageNode","id":"239673c0-b900-458f-8c78-dbf04bf0b482","ts":"2025-12-13T01:12:44.756+07:00","eventName":"n8n.node.finished","message":"n8n.node.finished","payload":{"workflowId":"HmkGu0Qs86INP6ij","workflowName":"My workflow","executionId":"45","nodeType":"n8n-nodes-base.webhook","nodeName":"Webhook","nodeId":"6d7ffaf0-4bfe-41e9-a798-b44fddeef364"}}
{"__type":"$$EventMessageConfirm","confirm":"239673c0-b900-458f-8c78-dbf04bf0b482","ts":"2025-12-13T01:12:44.756+07:00","source":{"id":"0","name":"eventBus"}}
{"__type":"$$EventMessageWorkflow","id":"e28bb5dc-4d2a-424f-a5de-f95fe9aaa953","ts":"2025-12-13T01:12:44.758+07:00","eventName":"n8n.workflow.failed","message":"n8n.workflow.failed","payload":{"executionId":"45","success":false,"isManual":true,"workflowId":"HmkGu0Qs86INP6ij","workflowName":"My workflow","lastNodeExecuted":"Webhook","errorMessage":"Unused Respond to Webhook node found in the workflow"}}
{"__type":"$$EventMessageConfirm","confirm":"e28bb5dc-4d2a-424f-a5de-f95fe9aaa953","ts":"2025-12-13T01:12:44.758+07:00","source":{"id":"0","name":"eventBus"}}
{"__type":"$$EventMessageWorkflow","id":"dc33b249-19d9-4ef4-bb47-fe250dd5263f","ts":"2025-12-13T01:12:53.473+07:00","eventName":"n8n.workflow.started","message":"n8n.workflow.started","payload":{"executionId":"46","workflowId":"HmkGu0Qs86INP6ij","isManual":false,"workflowName":"My workflow"}}
{"__type":"$$EventMessageConfirm","confirm":"dc33b249-19d9-4ef4-bb47-fe250dd5263f","ts":"2025-12-13T01:12:53.473+07:00","source":{"id":"0","name":"eventBus"}}
{"__type":"$$EventMessageWorkflow","id":"6ebc5941-7aae-4b34-aa52-b1c68691b4fc","ts":"2025-12-13T01:12:53.476+07:00","eventName":"n8n.workflow.success","message":"n8n.workflow.success","payload":{"userId":"491d35c9-9726-404d-ae12-f4c780734843","executionId":"46","success":true,"isManual":true,"workflowId":"HmkGu0Qs86INP6ij","workflowName":"My workflow"}}
{"__type":"$$EventMessageConfirm","confirm":"6ebc5941-7aae-4b34-aa52-b1c68691b4fc","ts":"2025-12-13T01:12:53.476+07:00","source":{"id":"0","name":"eventBus"}}
{"__type":"$$EventMessageAudit","id":"d57f147d-3b18-4c08-9818-44326f9339f7","ts":"2025-12-13T01:13:21.010+07:00","eventName":"n8n.audit.workflow.updated","message":"n8n.audit.workflow.updated","payload":{"userId":"491d35c9-9726-404d-ae12-f4c780734843","_email":"natchnon654321@gmail.com","_firstName":"Nutchanon","_lastName":"Sapmeechai","globalRole":"global:owner","workflowId":"HmkGu0Qs86INP6ij","workflowName":"My workflow"}}
{"__type":"$$EventMessageConfirm","confirm":"d57f147d-3b18-4c08-9818-44326f9339f7","ts":"2025-12-13T01:13:21.010+07:00","source":{"id":"0","name":"eventBus"}}
{"__type":"$$EventMessageWorkflow","id":"c01e6661-c9be-4047-8c80-b25473a0fa3b","ts":"2025-12-13T01:13:29.551+07:00","eventName":"n8n.workflow.started","message":"n8n.workflow.started","payload":{"executionId":"47","workflowId":"HmkGu0Qs86INP6ij","isManual":false,"workflowName":"My workflow"}}
{"__type":"$$EventMessageConfirm","confirm":"c01e6661-c9be-4047-8c80-b25473a0fa3b","ts":"2025-12-13T01:13:29.552+07:00","source":{"id":"0","name":"eventBus"}}
{"__type":"$$EventMessageNode","id":"dc0a0fe6-6f8d-433c-9d34-cd8971a57807","ts":"2025-12-13T01:13:29.553+07:00","eventName":"n8n.node.started","message":"n8n.node.started","payload":{"workflowId":"HmkGu0Qs86INP6ij","workflowName":"My workflow","executionId":"47","nodeType":"n8n-nodes-base.webhook","nodeName":"Webhook","nodeId":"6d7ffaf0-4bfe-41e9-a798-b44fddeef364"}}
{"__type":"$$EventMessageConfirm","confirm":"dc0a0fe6-6f8d-433c-9d34-cd8971a57807","ts":"2025-12-13T01:13:29.553+07:00","source":{"id":"0","name":"eventBus"}}
{"__type":"$$EventMessageNode","id":"1e365ab7-36a2-4754-b3be-83febb3fac16","ts":"2025-12-13T01:13:29.553+07:00","eventName":"n8n.node.finished","message":"n8n.node.finished","payload":{"workflowId":"HmkGu0Qs86INP6ij","workflowName":"My workflow","executionId":"47","nodeType":"n8n-nodes-base.webhook","nodeName":"Webhook","nodeId":"6d7ffaf0-4bfe-41e9-a798-b44fddeef364"}}
{"__type":"$$EventMessageConfirm","confirm":"1e365ab7-36a2-4754-b3be-83febb3fac16","ts":"2025-12-13T01:13:29.553+07:00","source":{"id":"0","name":"eventBus"}}
{"__type":"$$EventMessageWorkflow","id":"b4b46d04-5cf8-4ec4-a40a-7c74f4c399b2","ts":"2025-12-13T01:13:29.561+07:00","eventName":"n8n.workflow.success","message":"n8n.workflow.success","payload":{"executionId":"47","success":true,"isManual":true,"workflowId":"HmkGu0Qs86INP6ij","workflowName":"My workflow"}}
{"__type":"$$EventMessageConfirm","confirm":"b4b46d04-5cf8-4ec4-a40a-7c74f4c399b2","ts":"2025-12-13T01:13:29.561+07:00","source":{"id":"0","name":"eventBus"}}
{"__type":"$$EventMessageWorkflow","id":"b3a6f4c5-5c90-4c3b-97da-ff1b85742024","ts":"2025-12-13T01:13:50.996+07:00","eventName":"n8n.workflow.started","message":"n8n.workflow.started","payload":{"executionId":"48","workflowId":"HmkGu0Qs86INP6ij","isManual":false,"workflowName":"My workflow"}}
{"__type":"$$EventMessageConfirm","confirm":"b3a6f4c5-5c90-4c3b-97da-ff1b85742024","ts":"2025-12-13T01:13:50.996+07:00","source":{"id":"0","name":"eventBus"}}
{"__type":"$$EventMessageNode","id":"fd3aaf9d-4b34-47f6-ae94-6630cf805863","ts":"2025-12-13T01:13:50.997+07:00","eventName":"n8n.node.started","message":"n8n.node.started","payload":{"workflowId":"HmkGu0Qs86INP6ij","workflowName":"My workflow","executionId":"48","nodeType":"n8n-nodes-base.webhook","nodeName":"Webhook","nodeId":"6d7ffaf0-4bfe-41e9-a798-b44fddeef364"}}
{"__type":"$$EventMessageConfirm","confirm":"fd3aaf9d-4b34-47f6-ae94-6630cf805863","ts":"2025-12-13T01:13:50.997+07:00","source":{"id":"0","name":"eventBus"}}
{"__type":"$$EventMessageNode","id":"a6ce8694-75a4-4fc0-9c52-4fa9efe21a80","ts":"2025-12-13T01:13:50.997+07:00","eventName":"n8n.node.finished","message":"n8n.node.finished","payload":{"workflowId":"HmkGu0Qs86INP6ij","workflowName":"My workflow","executionId":"48","nodeType":"n8n-nodes-base.webhook","nodeName":"Webhook","nodeId":"6d7ffaf0-4bfe-41e9-a798-b44fddeef364"}}
{"__type":"$$EventMessageConfirm","confirm":"a6ce8694-75a4-4fc0-9c52-4fa9efe21a80","ts":"2025-12-13T01:13:50.997+07:00","source":{"id":"0","name":"eventBus"}}
{"__type":"$$EventMessageWorkflow","id":"22cb9dc2-26ec-476f-8d12-3d3473557c64","ts":"2025-12-13T01:13:51.001+07:00","eventName":"n8n.workflow.success","message":"n8n.workflow.success","payload":{"executionId":"48","success":true,"isManual":true,"workflowId":"HmkGu0Qs86INP6ij","workflowName":"My workflow"}}
{"__type":"$$EventMessageConfirm","confirm":"22cb9dc2-26ec-476f-8d12-3d3473557c64","ts":"2025-12-13T01:13:51.001+07:00","source":{"id":"0","name":"eventBus"}}
{"__type":"$$EventMessageWorkflow","id":"f1b53ff1-c812-4435-a710-638ae7a7b1dc","ts":"2025-12-13T01:14:14.171+07:00","eventName":"n8n.workflow.started","message":"n8n.workflow.started","payload":{"executionId":"49","workflowId":"HmkGu0Qs86INP6ij","isManual":false,"workflowName":"My workflow"}}
{"__type":"$$EventMessageConfirm","confirm":"f1b53ff1-c812-4435-a710-638ae7a7b1dc","ts":"2025-12-13T01:14:14.172+07:00","source":{"id":"0","name":"eventBus"}}
{"__type":"$$EventMessageNode","id":"11290c67-5be6-45a4-89be-c8e6ee07c390","ts":"2025-12-13T01:14:14.172+07:00","eventName":"n8n.node.started","message":"n8n.node.started","payload":{"workflowId":"HmkGu0Qs86INP6ij","workflowName":"My workflow","executionId":"49","nodeType":"n8n-nodes-base.webhook","nodeName":"Webhook","nodeId":"6d7ffaf0-4bfe-41e9-a798-b44fddeef364"}}
{"__type":"$$EventMessageConfirm","confirm":"11290c67-5be6-45a4-89be-c8e6ee07c390","ts":"2025-12-13T01:14:14.172+07:00","source":{"id":"0","name":"eventBus"}}
{"__type":"$$EventMessageNode","id":"8e805853-853d-4d73-b271-e1d1bda06565","ts":"2025-12-13T01:14:14.173+07:00","eventName":"n8n.node.finished","message":"n8n.node.finished","payload":{"workflowId":"HmkGu0Qs86INP6ij","workflowName":"My workflow","executionId":"49","nodeType":"n8n-nodes-base.webhook","nodeName":"Webhook","nodeId":"6d7ffaf0-4bfe-41e9-a798-b44fddeef364"}}
{"__type":"$$EventMessageConfirm","confirm":"8e805853-853d-4d73-b271-e1d1bda06565","ts":"2025-12-13T01:14:14.173+07:00","source":{"id":"0","name":"eventBus"}}
{"__type":"$$EventMessageNode","id":"9184c19a-8a10-4c50-87b6-07fbb7e1ca0b","ts":"2025-12-13T01:14:14.174+07:00","eventName":"n8n.node.started","message":"n8n.node.started","payload":{"workflowId":"HmkGu0Qs86INP6ij","workflowName":"My workflow","executionId":"49","nodeType":"@n8n/n8n-nodes-langchain.ollama","nodeName":"Analyze image","nodeId":"94dd0954-f1c1-4b29-a9e3-63d049de57c1"}}
{"__type":"$$EventMessageConfirm","confirm":"9184c19a-8a10-4c50-87b6-07fbb7e1ca0b","ts":"2025-12-13T01:14:14.174+07:00","source":{"id":"0","name":"eventBus"}}
{"__type":"$$EventMessageNode","id":"cadfc3b1-0df7-4041-b7aa-027284fdee99","ts":"2025-12-13T01:14:56.092+07:00","eventName":"n8n.node.finished","message":"n8n.node.finished","payload":{"workflowId":"HmkGu0Qs86INP6ij","workflowName":"My workflow","executionId":"49","nodeType":"@n8n/n8n-nodes-langchain.ollama","nodeName":"Analyze image","nodeId":"94dd0954-f1c1-4b29-a9e3-63d049de57c1"}}
{"__type":"$$EventMessageConfirm","confirm":"cadfc3b1-0df7-4041-b7aa-027284fdee99","ts":"2025-12-13T01:14:56.104+07:00","source":{"id":"0","name":"eventBus"}}
{"__type":"$$EventMessageWorkflow","id":"7568e018-2cef-443c-8b1a-ca86a67f92ba","ts":"2025-12-13T01:14:56.164+07:00","eventName":"n8n.workflow.success","message":"n8n.workflow.success","payload":{"executionId":"49","success":true,"isManual":true,"workflowId":"HmkGu0Qs86INP6ij","workflowName":"My workflow"}}
{"__type":"$$EventMessageConfirm","confirm":"7568e018-2cef-443c-8b1a-ca86a67f92ba","ts":"2025-12-13T01:14:56.164+07:00","source":{"id":"0","name":"eventBus"}}
{"__type":"$$EventMessageWorkflow","id":"10a12da5-9416-427b-97a4-18c0c8be1e7e","ts":"2025-12-13T01:17:07.934+07:00","eventName":"n8n.workflow.started","message":"n8n.workflow.started","payload":{"executionId":"50","workflowId":"HmkGu0Qs86INP6ij","isManual":false,"workflowName":"My workflow"}}
{"__type":"$$EventMessageConfirm","confirm":"10a12da5-9416-427b-97a4-18c0c8be1e7e","ts":"2025-12-13T01:17:07.936+07:00","source":{"id":"0","name":"eventBus"}}
{"__type":"$$EventMessageNode","id":"73c94d5d-83ba-458e-b018-0fbe108ab1e8","ts":"2025-12-13T01:17:07.940+07:00","eventName":"n8n.node.started","message":"n8n.node.started","payload":{"workflowId":"HmkGu0Qs86INP6ij","workflowName":"My workflow","executionId":"50","nodeType":"n8n-nodes-base.webhook","nodeName":"Webhook","nodeId":"6d7ffaf0-4bfe-41e9-a798-b44fddeef364"}}
{"__type":"$$EventMessageConfirm","confirm":"73c94d5d-83ba-458e-b018-0fbe108ab1e8","ts":"2025-12-13T01:17:07.940+07:00","source":{"id":"0","name":"eventBus"}}
{"__type":"$$EventMessageNode","id":"8b8b2ed0-fc67-4478-865d-31e7c1f446fe","ts":"2025-12-13T01:17:07.941+07:00","eventName":"n8n.node.finished","message":"n8n.node.finished","payload":{"workflowId":"HmkGu0Qs86INP6ij","workflowName":"My workflow","executionId":"50","nodeType":"n8n-nodes-base.webhook","nodeName":"Webhook","nodeId":"6d7ffaf0-4bfe-41e9-a798-b44fddeef364"}}
{"__type":"$$EventMessageConfirm","confirm":"8b8b2ed0-fc67-4478-865d-31e7c1f446fe","ts":"2025-12-13T01:17:07.941+07:00","source":{"id":"0","name":"eventBus"}}
{"__type":"$$EventMessageNode","id":"a2c7a386-6211-49c0-9df4-fe069db06dd4","ts":"2025-12-13T01:17:07.945+07:00","eventName":"n8n.node.started","message":"n8n.node.started","payload":{"workflowId":"HmkGu0Qs86INP6ij","workflowName":"My workflow","executionId":"50","nodeType":"@n8n/n8n-nodes-langchain.ollama","nodeName":"Analyze image","nodeId":"94dd0954-f1c1-4b29-a9e3-63d049de57c1"}}
{"__type":"$$EventMessageConfirm","confirm":"a2c7a386-6211-49c0-9df4-fe069db06dd4","ts":"2025-12-13T01:17:07.945+07:00","source":{"id":"0","name":"eventBus"}}
{"__type":"$$EventMessageNode","id":"04d622b2-e4b8-44b1-8ae3-0f6c01a76a63","ts":"2025-12-13T01:17:52.316+07:00","eventName":"n8n.node.finished","message":"n8n.node.finished","payload":{"workflowId":"HmkGu0Qs86INP6ij","workflowName":"My workflow","executionId":"50","nodeType":"@n8n/n8n-nodes-langchain.ollama","nodeName":"Analyze image","nodeId":"94dd0954-f1c1-4b29-a9e3-63d049de57c1"}}
{"__type":"$$EventMessageConfirm","confirm":"04d622b2-e4b8-44b1-8ae3-0f6c01a76a63","ts":"2025-12-13T01:17:52.333+07:00","source":{"id":"0","name":"eventBus"}}
{"__type":"$$EventMessageWorkflow","id":"b32d90a3-0579-4f2b-a3ac-d05801e25089","ts":"2025-12-13T01:17:52.461+07:00","eventName":"n8n.workflow.success","message":"n8n.workflow.success","payload":{"executionId":"50","success":true,"isManual":true,"workflowId":"HmkGu0Qs86INP6ij","workflowName":"My workflow"}}
{"__type":"$$EventMessageConfirm","confirm":"b32d90a3-0579-4f2b-a3ac-d05801e25089","ts":"2025-12-13T01:17:52.462+07:00","source":{"id":"0","name":"eventBus"}}
{"__type":"$$EventMessageWorkflow","id":"d93466a4-ca4c-491c-8a4b-47eea2acdebb","ts":"2025-12-13T01:18:16.406+07:00","eventName":"n8n.workflow.started","message":"n8n.workflow.started","payload":{"executionId":"51","workflowId":"HmkGu0Qs86INP6ij","isManual":false,"workflowName":"My workflow"}}
{"__type":"$$EventMessageConfirm","confirm":"d93466a4-ca4c-491c-8a4b-47eea2acdebb","ts":"2025-12-13T01:18:16.408+07:00","source":{"id":"0","name":"eventBus"}}
{"__type":"$$EventMessageNode","id":"04956621-89e1-467d-888e-afa8428bf7cb","ts":"2025-12-13T01:18:16.465+07:00","eventName":"n8n.node.started","message":"n8n.node.started","payload":{"workflowId":"HmkGu0Qs86INP6ij","workflowName":"My workflow","executionId":"51","nodeType":"@n8n/n8n-nodes-langchain.ollama","nodeName":"Analyze image","nodeId":"94dd0954-f1c1-4b29-a9e3-63d049de57c1"}}
{"__type":"$$EventMessageConfirm","confirm":"04956621-89e1-467d-888e-afa8428bf7cb","ts":"2025-12-13T01:18:16.466+07:00","source":{"id":"0","name":"eventBus"}}
{"__type":"$$EventMessageNode","id":"16d53915-1fc3-43e6-80c5-ba64bee8f1a2","ts":"2025-12-13T01:18:48.673+07:00","eventName":"n8n.node.finished","message":"n8n.node.finished","payload":{"workflowId":"HmkGu0Qs86INP6ij","workflowName":"My workflow","executionId":"51","nodeType":"@n8n/n8n-nodes-langchain.ollama","nodeName":"Analyze image","nodeId":"94dd0954-f1c1-4b29-a9e3-63d049de57c1"}}
{"__type":"$$EventMessageConfirm","confirm":"16d53915-1fc3-43e6-80c5-ba64bee8f1a2","ts":"2025-12-13T01:18:48.686+07:00","source":{"id":"0","name":"eventBus"}}
{"__type":"$$EventMessageWorkflow","id":"06aefdde-fd1a-4668-b533-ee9fa27f3e52","ts":"2025-12-13T01:18:48.760+07:00","eventName":"n8n.workflow.success","message":"n8n.workflow.success","payload":{"userId":"491d35c9-9726-404d-ae12-f4c780734843","executionId":"51","success":true,"isManual":true,"workflowId":"HmkGu0Qs86INP6ij","workflowName":"My workflow"}}
{"__type":"$$EventMessageConfirm","confirm":"06aefdde-fd1a-4668-b533-ee9fa27f3e52","ts":"2025-12-13T01:18:48.761+07:00","source":{"id":"0","name":"eventBus"}}
{"__type":"$$EventMessageWorkflow","id":"74176c1b-3997-4406-8072-6373f95ad0de","ts":"2025-12-13T01:20:44.616+07:00","eventName":"n8n.workflow.started","message":"n8n.workflow.started","payload":{"executionId":"52","workflowId":"HmkGu0Qs86INP6ij","isManual":false,"workflowName":"My workflow"}}
{"__type":"$$EventMessageConfirm","confirm":"74176c1b-3997-4406-8072-6373f95ad0de","ts":"2025-12-13T01:20:44.618+07:00","source":{"id":"0","name":"eventBus"}}
{"__type":"$$EventMessageNode","id":"7e467b6b-ecf1-40c0-aea7-7b11c3da668c","ts":"2025-12-13T01:20:44.627+07:00","eventName":"n8n.node.started","message":"n8n.node.started","payload":{"workflowId":"HmkGu0Qs86INP6ij","workflowName":"My workflow","executionId":"52","nodeType":"@n8n/n8n-nodes-langchain.ollama","nodeName":"Analyze image","nodeId":"94dd0954-f1c1-4b29-a9e3-63d049de57c1"}}
{"__type":"$$EventMessageConfirm","confirm":"7e467b6b-ecf1-40c0-aea7-7b11c3da668c","ts":"2025-12-13T01:20:44.628+07:00","source":{"id":"0","name":"eventBus"}}
{"__type":"$$EventMessageNode","id":"1a5ff9a2-98df-4a54-a2ee-2d000543c59e","ts":"2025-12-13T01:21:27.552+07:00","eventName":"n8n.node.finished","message":"n8n.node.finished","payload":{"workflowId":"HmkGu0Qs86INP6ij","workflowName":"My workflow","executionId":"52","nodeType":"@n8n/n8n-nodes-langchain.ollama","nodeName":"Analyze image","nodeId":"94dd0954-f1c1-4b29-a9e3-63d049de57c1"}}
{"__type":"$$EventMessageConfirm","confirm":"1a5ff9a2-98df-4a54-a2ee-2d000543c59e","ts":"2025-12-13T01:21:27.563+07:00","source":{"id":"0","name":"eventBus"}}
{"__type":"$$EventMessageWorkflow","id":"53ad43fe-854c-46a8-a9c9-20556e53d515","ts":"2025-12-13T01:21:27.592+07:00","eventName":"n8n.workflow.success","message":"n8n.workflow.success","payload":{"userId":"491d35c9-9726-404d-ae12-f4c780734843","executionId":"52","success":true,"isManual":true,"workflowId":"HmkGu0Qs86INP6ij","workflowName":"My workflow"}}
{"__type":"$$EventMessageConfirm","confirm":"53ad43fe-854c-46a8-a9c9-20556e53d515","ts":"2025-12-13T01:21:27.592+07:00","source":{"id":"0","name":"eventBus"}}
{"__type":"$$EventMessageWorkflow","id":"5feb4c45-f0ff-455f-9e3e-241cc1258601","ts":"2025-12-13T01:24:10.764+07:00","eventName":"n8n.workflow.started","message":"n8n.workflow.started","payload":{"executionId":"53","workflowId":"HmkGu0Qs86INP6ij","isManual":false,"workflowName":"My workflow"}}
{"__type":"$$EventMessageConfirm","confirm":"5feb4c45-f0ff-455f-9e3e-241cc1258601","ts":"2025-12-13T01:24:10.766+07:00","source":{"id":"0","name":"eventBus"}}
{"__type":"$$EventMessageNode","id":"e0dfe5a7-8a14-43d7-adda-82dd80c88158","ts":"2025-12-13T01:24:10.793+07:00","eventName":"n8n.node.started","message":"n8n.node.started","payload":{"workflowId":"HmkGu0Qs86INP6ij","workflowName":"My workflow","executionId":"53","nodeType":"@n8n/n8n-nodes-langchain.ollama","nodeName":"Analyze image","nodeId":"94dd0954-f1c1-4b29-a9e3-63d049de57c1"}}
{"__type":"$$EventMessageConfirm","confirm":"e0dfe5a7-8a14-43d7-adda-82dd80c88158","ts":"2025-12-13T01:24:10.793+07:00","source":{"id":"0","name":"eventBus"}}
{"__type":"$$EventMessageNode","id":"1e5895fc-3c21-43c5-99ef-debf3608eeb0","ts":"2025-12-13T01:24:47.729+07:00","eventName":"n8n.node.finished","message":"n8n.node.finished","payload":{"workflowId":"HmkGu0Qs86INP6ij","workflowName":"My workflow","executionId":"53","nodeType":"@n8n/n8n-nodes-langchain.ollama","nodeName":"Analyze image","nodeId":"94dd0954-f1c1-4b29-a9e3-63d049de57c1"}}
{"__type":"$$EventMessageConfirm","confirm":"1e5895fc-3c21-43c5-99ef-debf3608eeb0","ts":"2025-12-13T01:24:47.732+07:00","source":{"id":"0","name":"eventBus"}}
{"__type":"$$EventMessageWorkflow","id":"c943c50a-d302-48d3-a17d-ea4d6179287c","ts":"2025-12-13T01:24:47.767+07:00","eventName":"n8n.workflow.success","message":"n8n.workflow.success","payload":{"userId":"491d35c9-9726-404d-ae12-f4c780734843","executionId":"53","success":true,"isManual":true,"workflowId":"HmkGu0Qs86INP6ij","workflowName":"My workflow"}}
{"__type":"$$EventMessageConfirm","confirm":"c943c50a-d302-48d3-a17d-ea4d6179287c","ts":"2025-12-13T01:24:47.768+07:00","source":{"id":"0","name":"eventBus"}}
{"__type":"$$EventMessageWorkflow","id":"d0de563e-99c2-4c95-a2f3-8a005aa59be0","ts":"2025-12-13T01:25:25.390+07:00","eventName":"n8n.workflow.started","message":"n8n.workflow.started","payload":{"executionId":"54","workflowId":"HmkGu0Qs86INP6ij","isManual":false,"workflowName":"My workflow"}}
{"__type":"$$EventMessageConfirm","confirm":"d0de563e-99c2-4c95-a2f3-8a005aa59be0","ts":"2025-12-13T01:25:25.390+07:00","source":{"id":"0","name":"eventBus"}}
{"__type":"$$EventMessageNode","id":"256ddd2c-87d3-4f87-a573-e4b2fee87b3d","ts":"2025-12-13T01:25:25.393+07:00","eventName":"n8n.node.started","message":"n8n.node.started","payload":{"workflowId":"HmkGu0Qs86INP6ij","workflowName":"My workflow","executionId":"54","nodeType":"n8n-nodes-base.webhook","nodeName":"Webhook","nodeId":"6d7ffaf0-4bfe-41e9-a798-b44fddeef364"}}
{"__type":"$$EventMessageConfirm","confirm":"256ddd2c-87d3-4f87-a573-e4b2fee87b3d","ts":"2025-12-13T01:25:25.393+07:00","source":{"id":"0","name":"eventBus"}}
{"__type":"$$EventMessageNode","id":"b57cda26-bb01-45f3-a5c9-fd6ee754c73e","ts":"2025-12-13T01:25:25.396+07:00","eventName":"n8n.node.finished","message":"n8n.node.finished","payload":{"workflowId":"HmkGu0Qs86INP6ij","workflowName":"My workflow","executionId":"54","nodeType":"n8n-nodes-base.webhook","nodeName":"Webhook","nodeId":"6d7ffaf0-4bfe-41e9-a798-b44fddeef364"}}
{"__type":"$$EventMessageConfirm","confirm":"b57cda26-bb01-45f3-a5c9-fd6ee754c73e","ts":"2025-12-13T01:25:25.396+07:00","source":{"id":"0","name":"eventBus"}}
{"__type":"$$EventMessageNode","id":"50066c88-9b07-4f67-90d2-9da61f346056","ts":"2025-12-13T01:25:25.400+07:00","eventName":"n8n.node.started","message":"n8n.node.started","payload":{"workflowId":"HmkGu0Qs86INP6ij","workflowName":"My workflow","executionId":"54","nodeType":"@n8n/n8n-nodes-langchain.ollama","nodeName":"Analyze image","nodeId":"94dd0954-f1c1-4b29-a9e3-63d049de57c1"}}
{"__type":"$$EventMessageConfirm","confirm":"50066c88-9b07-4f67-90d2-9da61f346056","ts":"2025-12-13T01:25:25.400+07:00","source":{"id":"0","name":"eventBus"}}
{"__type":"$$EventMessageNode","id":"a89b42fb-f2ae-4701-9d06-f90973de9705","ts":"2025-12-13T01:26:07.999+07:00","eventName":"n8n.node.finished","message":"n8n.node.finished","payload":{"workflowId":"HmkGu0Qs86INP6ij","workflowName":"My workflow","executionId":"54","nodeType":"@n8n/n8n-nodes-langchain.ollama","nodeName":"Analyze image","nodeId":"94dd0954-f1c1-4b29-a9e3-63d049de57c1"}}
{"__type":"$$EventMessageConfirm","confirm":"a89b42fb-f2ae-4701-9d06-f90973de9705","ts":"2025-12-13T01:26:08.032+07:00","source":{"id":"0","name":"eventBus"}}
{"__type":"$$EventMessageWorkflow","id":"1347a7ba-a786-4c84-9917-737288ce5ea7","ts":"2025-12-13T01:26:08.229+07:00","eventName":"n8n.workflow.success","message":"n8n.workflow.success","payload":{"executionId":"54","success":true,"isManual":true,"workflowId":"HmkGu0Qs86INP6ij","workflowName":"My workflow"}}
{"__type":"$$EventMessageConfirm","confirm":"1347a7ba-a786-4c84-9917-737288ce5ea7","ts":"2025-12-13T01:26:08.231+07:00","source":{"id":"0","name":"eventBus"}}
{"__type":"$$EventMessageWorkflow","id":"13d67037-bcfc-4364-beae-210766a29fc2","ts":"2025-12-13T01:26:58.054+07:00","eventName":"n8n.workflow.started","message":"n8n.workflow.started","payload":{"executionId":"55","workflowId":"HmkGu0Qs86INP6ij","isManual":false,"workflowName":"My workflow"}}
{"__type":"$$EventMessageConfirm","confirm":"13d67037-bcfc-4364-beae-210766a29fc2","ts":"2025-12-13T01:26:58.059+07:00","source":{"id":"0","name":"eventBus"}}
{"__type":"$$EventMessageNode","id":"6edca234-6724-4d6d-bb2b-eb9eba0d3078","ts":"2025-12-13T01:26:58.123+07:00","eventName":"n8n.node.started","message":"n8n.node.started","payload":{"workflowId":"HmkGu0Qs86INP6ij","workflowName":"My workflow","executionId":"55","nodeType":"@n8n/n8n-nodes-langchain.ollama","nodeName":"Analyze image","nodeId":"94dd0954-f1c1-4b29-a9e3-63d049de57c1"}}
{"__type":"$$EventMessageConfirm","confirm":"6edca234-6724-4d6d-bb2b-eb9eba0d3078","ts":"2025-12-13T01:26:58.123+07:00","source":{"id":"0","name":"eventBus"}}
{"__type":"$$EventMessageNode","id":"076057bb-a500-4e11-8b10-55888519e61d","ts":"2025-12-13T01:27:31.705+07:00","eventName":"n8n.node.finished","message":"n8n.node.finished","payload":{"workflowId":"HmkGu0Qs86INP6ij","workflowName":"My workflow","executionId":"55","nodeType":"@n8n/n8n-nodes-langchain.ollama","nodeName":"Analyze image","nodeId":"94dd0954-f1c1-4b29-a9e3-63d049de57c1"}}
{"__type":"$$EventMessageConfirm","confirm":"076057bb-a500-4e11-8b10-55888519e61d","ts":"2025-12-13T01:27:31.718+07:00","source":{"id":"0","name":"eventBus"}}
{"__type":"$$EventMessageWorkflow","id":"a7069649-4524-41fa-8306-feeacd76a910","ts":"2025-12-13T01:27:31.759+07:00","eventName":"n8n.workflow.success","message":"n8n.workflow.success","payload":{"userId":"491d35c9-9726-404d-ae12-f4c780734843","executionId":"55","success":true,"isManual":true,"workflowId":"HmkGu0Qs86INP6ij","workflowName":"My workflow"}}
{"__type":"$$EventMessageConfirm","confirm":"a7069649-4524-41fa-8306-feeacd76a910","ts":"2025-12-13T01:27:31.759+07:00","source":{"id":"0","name":"eventBus"}}
{"__type":"$$EventMessageWorkflow","id":"38d3a181-2f53-4a46-af4a-7b77b4d7190c","ts":"2025-12-13T01:32:06.039+07:00","eventName":"n8n.workflow.started","message":"n8n.workflow.started","payload":{"executionId":"56","workflowId":"HmkGu0Qs86INP6ij","isManual":false,"workflowName":"My workflow"}}
{"__type":"$$EventMessageConfirm","confirm":"38d3a181-2f53-4a46-af4a-7b77b4d7190c","ts":"2025-12-13T01:32:06.040+07:00","source":{"id":"0","name":"eventBus"}}
{"__type":"$$EventMessageNode","id":"653e7516-a8a9-4271-9b3a-e5a9e5718dd2","ts":"2025-12-13T01:32:06.056+07:00","eventName":"n8n.node.started","message":"n8n.node.started","payload":{"workflowId":"HmkGu0Qs86INP6ij","workflowName":"My workflow","executionId":"56","nodeType":"@n8n/n8n-nodes-langchain.ollama","nodeName":"Analyze image","nodeId":"94dd0954-f1c1-4b29-a9e3-63d049de57c1"}}
{"__type":"$$EventMessageConfirm","confirm":"653e7516-a8a9-4271-9b3a-e5a9e5718dd2","ts":"2025-12-13T01:32:06.056+07:00","source":{"id":"0","name":"eventBus"}}
{"__type":"$$EventMessageNode","id":"749230b1-e12a-42a6-830c-01d62743b023","ts":"2025-12-13T01:32:41.711+07:00","eventName":"n8n.node.finished","message":"n8n.node.finished","payload":{"workflowId":"HmkGu0Qs86INP6ij","workflowName":"My workflow","executionId":"56","nodeType":"@n8n/n8n-nodes-langchain.ollama","nodeName":"Analyze image","nodeId":"94dd0954-f1c1-4b29-a9e3-63d049de57c1"}}
{"__type":"$$EventMessageConfirm","confirm":"749230b1-e12a-42a6-830c-01d62743b023","ts":"2025-12-13T01:32:41.718+07:00","source":{"id":"0","name":"eventBus"}}
{"__type":"$$EventMessageNode","id":"8f199544-2d24-40d4-806f-77b896afd9a8","ts":"2025-12-13T01:32:41.723+07:00","eventName":"n8n.node.started","message":"n8n.node.started","payload":{"workflowId":"HmkGu0Qs86INP6ij","workflowName":"My workflow","executionId":"56","nodeType":"n8n-nodes-base.set","nodeName":"Edit Fields","nodeId":"77efe73a-2a61-41cf-a5b0-9bec580c7603"}}
{"__type":"$$EventMessageConfirm","confirm":"8f199544-2d24-40d4-806f-77b896afd9a8","ts":"2025-12-13T01:32:41.723+07:00","source":{"id":"0","name":"eventBus"}}
{"__type":"$$EventMessageNode","id":"7187b9c6-4fc7-4ea7-a1c1-ded06d2ebdff","ts":"2025-12-13T01:32:41.808+07:00","eventName":"n8n.node.finished","message":"n8n.node.finished","payload":{"workflowId":"HmkGu0Qs86INP6ij","workflowName":"My workflow","executionId":"56","nodeType":"n8n-nodes-base.set","nodeName":"Edit Fields","nodeId":"77efe73a-2a61-41cf-a5b0-9bec580c7603"}}
{"__type":"$$EventMessageConfirm","confirm":"7187b9c6-4fc7-4ea7-a1c1-ded06d2ebdff","ts":"2025-12-13T01:32:41.809+07:00","source":{"id":"0","name":"eventBus"}}
{"__type":"$$EventMessageWorkflow","id":"e6d1ad84-b9c5-41bb-b2c0-ec9b613c133d","ts":"2025-12-13T01:32:41.818+07:00","eventName":"n8n.workflow.success","message":"n8n.workflow.success","payload":{"userId":"491d35c9-9726-404d-ae12-f4c780734843","executionId":"56","success":true,"isManual":true,"workflowId":"HmkGu0Qs86INP6ij","workflowName":"My workflow"}}
{"__type":"$$EventMessageConfirm","confirm":"e6d1ad84-b9c5-41bb-b2c0-ec9b613c133d","ts":"2025-12-13T01:32:41.819+07:00","source":{"id":"0","name":"eventBus"}}
{"__type":"$$EventMessageWorkflow","id":"da13ab1d-66f8-470b-be1b-dcb286c81132","ts":"2025-12-13T01:34:03.150+07:00","eventName":"n8n.workflow.started","message":"n8n.workflow.started","payload":{"executionId":"57","workflowId":"HmkGu0Qs86INP6ij","isManual":false,"workflowName":"My workflow"}}
{"__type":"$$EventMessageConfirm","confirm":"da13ab1d-66f8-470b-be1b-dcb286c81132","ts":"2025-12-13T01:34:03.151+07:00","source":{"id":"0","name":"eventBus"}}
{"__type":"$$EventMessageNode","id":"f7f9c11e-a924-43ec-95c0-b15643fa5820","ts":"2025-12-13T01:34:03.152+07:00","eventName":"n8n.node.started","message":"n8n.node.started","payload":{"workflowId":"HmkGu0Qs86INP6ij","workflowName":"My workflow","executionId":"57","nodeType":"n8n-nodes-base.webhook","nodeName":"Webhook","nodeId":"6d7ffaf0-4bfe-41e9-a798-b44fddeef364"}}
{"__type":"$$EventMessageConfirm","confirm":"f7f9c11e-a924-43ec-95c0-b15643fa5820","ts":"2025-12-13T01:34:03.152+07:00","source":{"id":"0","name":"eventBus"}}
{"__type":"$$EventMessageNode","id":"65554603-a60d-450e-9698-7b12b2411457","ts":"2025-12-13T01:34:03.153+07:00","eventName":"n8n.node.finished","message":"n8n.node.finished","payload":{"workflowId":"HmkGu0Qs86INP6ij","workflowName":"My workflow","executionId":"57","nodeType":"n8n-nodes-base.webhook","nodeName":"Webhook","nodeId":"6d7ffaf0-4bfe-41e9-a798-b44fddeef364"}}
{"__type":"$$EventMessageConfirm","confirm":"65554603-a60d-450e-9698-7b12b2411457","ts":"2025-12-13T01:34:03.153+07:00","source":{"id":"0","name":"eventBus"}}
{"__type":"$$EventMessageNode","id":"fc9bff22-2b4f-4f04-a3aa-8012b1897e13","ts":"2025-12-13T01:34:03.156+07:00","eventName":"n8n.node.started","message":"n8n.node.started","payload":{"workflowId":"HmkGu0Qs86INP6ij","workflowName":"My workflow","executionId":"57","nodeType":"@n8n/n8n-nodes-langchain.ollama","nodeName":"Analyze image","nodeId":"94dd0954-f1c1-4b29-a9e3-63d049de57c1"}}
{"__type":"$$EventMessageConfirm","confirm":"fc9bff22-2b4f-4f04-a3aa-8012b1897e13","ts":"2025-12-13T01:34:03.157+07:00","source":{"id":"0","name":"eventBus"}}
{"__type":"$$EventMessageNode","id":"5e38894c-acb3-4649-93c3-f28001f00412","ts":"2025-12-13T01:34:41.393+07:00","eventName":"n8n.node.finished","message":"n8n.node.finished","payload":{"workflowId":"HmkGu0Qs86INP6ij","workflowName":"My workflow","executionId":"57","nodeType":"@n8n/n8n-nodes-langchain.ollama","nodeName":"Analyze image","nodeId":"94dd0954-f1c1-4b29-a9e3-63d049de57c1"}}
{"__type":"$$EventMessageConfirm","confirm":"5e38894c-acb3-4649-93c3-f28001f00412","ts":"2025-12-13T01:34:41.415+07:00","source":{"id":"0","name":"eventBus"}}
{"__type":"$$EventMessageNode","id":"da1de02d-b678-41bf-a05a-0382556fe929","ts":"2025-12-13T01:34:41.432+07:00","eventName":"n8n.node.started","message":"n8n.node.started","payload":{"workflowId":"HmkGu0Qs86INP6ij","workflowName":"My workflow","executionId":"57","nodeType":"n8n-nodes-base.set","nodeName":"Edit Fields","nodeId":"77efe73a-2a61-41cf-a5b0-9bec580c7603"}}
{"__type":"$$EventMessageConfirm","confirm":"da1de02d-b678-41bf-a05a-0382556fe929","ts":"2025-12-13T01:34:41.432+07:00","source":{"id":"0","name":"eventBus"}}
{"__type":"$$EventMessageNode","id":"8bfe1675-7372-4ba8-9219-faaacb4815f0","ts":"2025-12-13T01:34:41.502+07:00","eventName":"n8n.node.finished","message":"n8n.node.finished","payload":{"workflowId":"HmkGu0Qs86INP6ij","workflowName":"My workflow","executionId":"57","nodeType":"n8n-nodes-base.set","nodeName":"Edit Fields","nodeId":"77efe73a-2a61-41cf-a5b0-9bec580c7603"}}
{"__type":"$$EventMessageConfirm","confirm":"8bfe1675-7372-4ba8-9219-faaacb4815f0","ts":"2025-12-13T01:34:41.502+07:00","source":{"id":"0","name":"eventBus"}}
{"__type":"$$EventMessageWorkflow","id":"d3211aec-ee2c-4089-a256-11eabe3f18bc","ts":"2025-12-13T01:34:41.610+07:00","eventName":"n8n.workflow.success","message":"n8n.workflow.success","payload":{"executionId":"57","success":true,"isManual":true,"workflowId":"HmkGu0Qs86INP6ij","workflowName":"My workflow"}}
{"__type":"$$EventMessageConfirm","confirm":"d3211aec-ee2c-4089-a256-11eabe3f18bc","ts":"2025-12-13T01:34:41.611+07:00","source":{"id":"0","name":"eventBus"}}
{"__type":"$$EventMessageWorkflow","id":"2a6c3a98-59c2-4ed2-b913-8d96a33e3319","ts":"2025-12-13T01:36:10.764+07:00","eventName":"n8n.workflow.started","message":"n8n.workflow.started","payload":{"executionId":"58","workflowId":"HmkGu0Qs86INP6ij","isManual":false,"workflowName":"My workflow"}}
{"__type":"$$EventMessageConfirm","confirm":"2a6c3a98-59c2-4ed2-b913-8d96a33e3319","ts":"2025-12-13T01:36:10.766+07:00","source":{"id":"0","name":"eventBus"}}
{"__type":"$$EventMessageNode","id":"0031a4d0-c92d-4ba7-a77a-0375b9e50fac","ts":"2025-12-13T01:36:10.798+07:00","eventName":"n8n.node.started","message":"n8n.node.started","payload":{"workflowId":"HmkGu0Qs86INP6ij","workflowName":"My workflow","executionId":"58","nodeType":"n8n-nodes-base.set","nodeName":"Edit Fields","nodeId":"77efe73a-2a61-41cf-a5b0-9bec580c7603"}}
{"__type":"$$EventMessageConfirm","confirm":"0031a4d0-c92d-4ba7-a77a-0375b9e50fac","ts":"2025-12-13T01:36:10.798+07:00","source":{"id":"0","name":"eventBus"}}
{"__type":"$$EventMessageNode","id":"250f8dca-91a2-4903-85a2-ecc763921061","ts":"2025-12-13T01:36:10.815+07:00","eventName":"n8n.node.finished","message":"n8n.node.finished","payload":{"workflowId":"HmkGu0Qs86INP6ij","workflowName":"My workflow","executionId":"58","nodeType":"n8n-nodes-base.set","nodeName":"Edit Fields","nodeId":"77efe73a-2a61-41cf-a5b0-9bec580c7603"}}
{"__type":"$$EventMessageConfirm","confirm":"250f8dca-91a2-4903-85a2-ecc763921061","ts":"2025-12-13T01:36:10.815+07:00","source":{"id":"0","name":"eventBus"}}
{"__type":"$$EventMessageWorkflow","id":"f349b3ee-16eb-4049-8537-cc617b6ea331","ts":"2025-12-13T01:36:10.822+07:00","eventName":"n8n.workflow.success","message":"n8n.workflow.success","payload":{"userId":"491d35c9-9726-404d-ae12-f4c780734843","executionId":"58","success":true,"isManual":true,"workflowId":"HmkGu0Qs86INP6ij","workflowName":"My workflow"}}
{"__type":"$$EventMessageConfirm","confirm":"f349b3ee-16eb-4049-8537-cc617b6ea331","ts":"2025-12-13T01:36:10.822+07:00","source":{"id":"0","name":"eventBus"}}
{"__type":"$$EventMessageAudit","id":"a102af16-0708-4d26-88db-b43a2c4efa7f","ts":"2025-12-13T01:36:22.963+07:00","eventName":"n8n.audit.workflow.updated","message":"n8n.audit.workflow.updated","payload":{"userId":"491d35c9-9726-404d-ae12-f4c780734843","_email":"natchnon654321@gmail.com","_firstName":"Nutchanon","_lastName":"Sapmeechai","globalRole":"global:owner","workflowId":"HmkGu0Qs86INP6ij","workflowName":"My workflow"}}
{"__type":"$$EventMessageConfirm","confirm":"a102af16-0708-4d26-88db-b43a2c4efa7f","ts":"2025-12-13T01:36:22.964+07:00","source":{"id":"0","name":"eventBus"}}
{"__type":"$$EventMessageWorkflow","id":"07273467-324d-498d-820a-c172d5d93d33","ts":"2025-12-13T01:36:31.312+07:00","eventName":"n8n.workflow.started","message":"n8n.workflow.started","payload":{"executionId":"59","workflowId":"HmkGu0Qs86INP6ij","isManual":false,"workflowName":"My workflow"}}
{"__type":"$$EventMessageConfirm","confirm":"07273467-324d-498d-820a-c172d5d93d33","ts":"2025-12-13T01:36:31.312+07:00","source":{"id":"0","name":"eventBus"}}
{"__type":"$$EventMessageNode","id":"37a3eca0-a9eb-452c-a004-f2d644b14f60","ts":"2025-12-13T01:36:31.312+07:00","eventName":"n8n.node.started","message":"n8n.node.started","payload":{"workflowId":"HmkGu0Qs86INP6ij","workflowName":"My workflow","executionId":"59","nodeType":"n8n-nodes-base.webhook","nodeName":"Webhook","nodeId":"6d7ffaf0-4bfe-41e9-a798-b44fddeef364"}}
{"__type":"$$EventMessageConfirm","confirm":"37a3eca0-a9eb-452c-a004-f2d644b14f60","ts":"2025-12-13T01:36:31.313+07:00","source":{"id":"0","name":"eventBus"}}
{"__type":"$$EventMessageNode","id":"a51e7365-61ac-44a7-8064-a9f04381f374","ts":"2025-12-13T01:36:31.313+07:00","eventName":"n8n.node.finished","message":"n8n.node.finished","payload":{"workflowId":"HmkGu0Qs86INP6ij","workflowName":"My workflow","executionId":"59","nodeType":"n8n-nodes-base.webhook","nodeName":"Webhook","nodeId":"6d7ffaf0-4bfe-41e9-a798-b44fddeef364"}}
{"__type":"$$EventMessageConfirm","confirm":"a51e7365-61ac-44a7-8064-a9f04381f374","ts":"2025-12-13T01:36:31.313+07:00","source":{"id":"0","name":"eventBus"}}
{"__type":"$$EventMessageNode","id":"ae074eb7-8bce-4bde-9878-c00e5f3eb3ad","ts":"2025-12-13T01:36:31.313+07:00","eventName":"n8n.node.started","message":"n8n.node.started","payload":{"workflowId":"HmkGu0Qs86INP6ij","workflowName":"My workflow","executionId":"59","nodeType":"@n8n/n8n-nodes-langchain.ollama","nodeName":"Analyze image","nodeId":"94dd0954-f1c1-4b29-a9e3-63d049de57c1"}}
{"__type":"$$EventMessageConfirm","confirm":"ae074eb7-8bce-4bde-9878-c00e5f3eb3ad","ts":"2025-12-13T01:36:31.313+07:00","source":{"id":"0","name":"eventBus"}}
{"__type":"$$EventMessageNode","id":"e7cf01a7-6d70-4ec7-a27f-d771dc8dbd41","ts":"2025-12-13T01:37:05.507+07:00","eventName":"n8n.node.finished","message":"n8n.node.finished","payload":{"workflowId":"HmkGu0Qs86INP6ij","workflowName":"My workflow","executionId":"59","nodeType":"@n8n/n8n-nodes-langchain.ollama","nodeName":"Analyze image","nodeId":"94dd0954-f1c1-4b29-a9e3-63d049de57c1"}}
{"__type":"$$EventMessageConfirm","confirm":"e7cf01a7-6d70-4ec7-a27f-d771dc8dbd41","ts":"2025-12-13T01:37:05.518+07:00","source":{"id":"0","name":"eventBus"}}
{"__type":"$$EventMessageNode","id":"36756684-11e1-4bfc-a36a-ca1c25feeadc","ts":"2025-12-13T01:37:05.519+07:00","eventName":"n8n.node.started","message":"n8n.node.started","payload":{"workflowId":"HmkGu0Qs86INP6ij","workflowName":"My workflow","executionId":"59","nodeType":"n8n-nodes-base.set","nodeName":"Edit Fields","nodeId":"77efe73a-2a61-41cf-a5b0-9bec580c7603"}}
{"__type":"$$EventMessageConfirm","confirm":"36756684-11e1-4bfc-a36a-ca1c25feeadc","ts":"2025-12-13T01:37:05.519+07:00","source":{"id":"0","name":"eventBus"}}
{"__type":"$$EventMessageNode","id":"aa023442-5cdf-426e-a593-782a892a41fe","ts":"2025-12-13T01:37:05.540+07:00","eventName":"n8n.node.finished","message":"n8n.node.finished","payload":{"workflowId":"HmkGu0Qs86INP6ij","workflowName":"My workflow","executionId":"59","nodeType":"n8n-nodes-base.set","nodeName":"Edit Fields","nodeId":"77efe73a-2a61-41cf-a5b0-9bec580c7603"}}
{"__type":"$$EventMessageConfirm","confirm":"aa023442-5cdf-426e-a593-782a892a41fe","ts":"2025-12-13T01:37:05.540+07:00","source":{"id":"0","name":"eventBus"}}
{"__type":"$$EventMessageWorkflow","id":"aba2ad82-51d9-41d2-b9f6-1bf1d986238b","ts":"2025-12-13T01:37:05.545+07:00","eventName":"n8n.workflow.success","message":"n8n.workflow.success","payload":{"executionId":"59","success":true,"isManual":false,"workflowId":"HmkGu0Qs86INP6ij","workflowName":"My workflow"}}
{"__type":"$$EventMessageConfirm","confirm":"aba2ad82-51d9-41d2-b9f6-1bf1d986238b","ts":"2025-12-13T01:37:05.545+07:00","source":{"id":"0","name":"eventBus"}}
{"__type":"$$EventMessageWorkflow","id":"ed8b4beb-ef8c-461b-989a-7c6cab7ec96d","ts":"2025-12-13T01:40:07.965+07:00","eventName":"n8n.workflow.started","message":"n8n.workflow.started","payload":{"executionId":"60","workflowId":"HmkGu0Qs86INP6ij","isManual":false,"workflowName":"My workflow"}}
{"__type":"$$EventMessageConfirm","confirm":"ed8b4beb-ef8c-461b-989a-7c6cab7ec96d","ts":"2025-12-13T01:40:07.966+07:00","source":{"id":"0","name":"eventBus"}}
{"__type":"$$EventMessageNode","id":"84f4d3ed-a089-41dd-a281-3fa38bfabf4d","ts":"2025-12-13T01:40:07.977+07:00","eventName":"n8n.node.started","message":"n8n.node.started","payload":{"workflowId":"HmkGu0Qs86INP6ij","workflowName":"My workflow","executionId":"60","nodeType":"n8n-nodes-base.code","nodeName":"Code in JavaScript","nodeId":"8504b129-a244-4911-9f53-bad73766591f"}}
{"__type":"$$EventMessageConfirm","confirm":"84f4d3ed-a089-41dd-a281-3fa38bfabf4d","ts":"2025-12-13T01:40:07.978+07:00","source":{"id":"0","name":"eventBus"}}
{"__type":"$$EventMessageNode","id":"31cd358f-6fd6-42d0-bf45-824c624fe7c2","ts":"2025-12-13T01:40:08.025+07:00","eventName":"n8n.node.finished","message":"n8n.node.finished","payload":{"workflowId":"HmkGu0Qs86INP6ij","workflowName":"My workflow","executionId":"60","nodeType":"n8n-nodes-base.code","nodeName":"Code in JavaScript","nodeId":"8504b129-a244-4911-9f53-bad73766591f"}}
{"__type":"$$EventMessageConfirm","confirm":"31cd358f-6fd6-42d0-bf45-824c624fe7c2","ts":"2025-12-13T01:40:08.025+07:00","source":{"id":"0","name":"eventBus"}}
{"__type":"$$EventMessageWorkflow","id":"cb567c52-1a85-4b8f-a1c8-dbe20ed4bdf8","ts":"2025-12-13T01:40:08.032+07:00","eventName":"n8n.workflow.success","message":"n8n.workflow.success","payload":{"userId":"491d35c9-9726-404d-ae12-f4c780734843","executionId":"60","success":true,"isManual":true,"workflowId":"HmkGu0Qs86INP6ij","workflowName":"My workflow"}}
{"__type":"$$EventMessageConfirm","confirm":"cb567c52-1a85-4b8f-a1c8-dbe20ed4bdf8","ts":"2025-12-13T01:40:08.032+07:00","source":{"id":"0","name":"eventBus"}}
{"__type":"$$EventMessageWorkflow","id":"0ed5ec10-19e5-4e41-9b8a-29c4660725c2","ts":"2025-12-13T01:40:25.961+07:00","eventName":"n8n.workflow.started","message":"n8n.workflow.started","payload":{"executionId":"61","workflowId":"HmkGu0Qs86INP6ij","isManual":false,"workflowName":"My workflow"}}
{"__type":"$$EventMessageConfirm","confirm":"0ed5ec10-19e5-4e41-9b8a-29c4660725c2","ts":"2025-12-13T01:40:25.961+07:00","source":{"id":"0","name":"eventBus"}}
{"__type":"$$EventMessageNode","id":"da8172a3-611d-4f7f-99ff-4a7f84999430","ts":"2025-12-13T01:40:25.973+07:00","eventName":"n8n.node.started","message":"n8n.node.started","payload":{"workflowId":"HmkGu0Qs86INP6ij","workflowName":"My workflow","executionId":"61","nodeType":"n8n-nodes-base.code","nodeName":"Code in JavaScript","nodeId":"8504b129-a244-4911-9f53-bad73766591f"}}
{"__type":"$$EventMessageConfirm","confirm":"da8172a3-611d-4f7f-99ff-4a7f84999430","ts":"2025-12-13T01:40:25.973+07:00","source":{"id":"0","name":"eventBus"}}
{"__type":"$$EventMessageNode","id":"1e6e1ae6-a623-44d4-882e-e291bec39723","ts":"2025-12-13T01:40:25.987+07:00","eventName":"n8n.node.finished","message":"n8n.node.finished","payload":{"workflowId":"HmkGu0Qs86INP6ij","workflowName":"My workflow","executionId":"61","nodeType":"n8n-nodes-base.code","nodeName":"Code in JavaScript","nodeId":"8504b129-a244-4911-9f53-bad73766591f"}}
{"__type":"$$EventMessageConfirm","confirm":"1e6e1ae6-a623-44d4-882e-e291bec39723","ts":"2025-12-13T01:40:25.987+07:00","source":{"id":"0","name":"eventBus"}}
{"__type":"$$EventMessageWorkflow","id":"6673b1d1-885a-4c31-aad7-4418219e1ce5","ts":"2025-12-13T01:40:25.989+07:00","eventName":"n8n.workflow.success","message":"n8n.workflow.success","payload":{"userId":"491d35c9-9726-404d-ae12-f4c780734843","executionId":"61","success":true,"isManual":true,"workflowId":"HmkGu0Qs86INP6ij","workflowName":"My workflow"}}
{"__type":"$$EventMessageConfirm","confirm":"6673b1d1-885a-4c31-aad7-4418219e1ce5","ts":"2025-12-13T01:40:25.989+07:00","source":{"id":"0","name":"eventBus"}}
{"__type":"$$EventMessageWorkflow","id":"c4e4f6c6-01bc-44f5-8f8d-3deafb1793b8","ts":"2025-12-13T01:40:28.165+07:00","eventName":"n8n.workflow.started","message":"n8n.workflow.started","payload":{"executionId":"62","workflowId":"HmkGu0Qs86INP6ij","isManual":false,"workflowName":"My workflow"}}
{"__type":"$$EventMessageConfirm","confirm":"c4e4f6c6-01bc-44f5-8f8d-3deafb1793b8","ts":"2025-12-13T01:40:28.165+07:00","source":{"id":"0","name":"eventBus"}}
{"__type":"$$EventMessageNode","id":"70bb8294-1417-48da-b9fc-87194ca2debc","ts":"2025-12-13T01:40:28.174+07:00","eventName":"n8n.node.started","message":"n8n.node.started","payload":{"workflowId":"HmkGu0Qs86INP6ij","workflowName":"My workflow","executionId":"62","nodeType":"n8n-nodes-base.code","nodeName":"Code in JavaScript","nodeId":"8504b129-a244-4911-9f53-bad73766591f"}}
{"__type":"$$EventMessageConfirm","confirm":"70bb8294-1417-48da-b9fc-87194ca2debc","ts":"2025-12-13T01:40:28.174+07:00","source":{"id":"0","name":"eventBus"}}
{"__type":"$$EventMessageNode","id":"4cb04a57-b89b-44d8-b74c-8d18b7c48c36","ts":"2025-12-13T01:40:28.177+07:00","eventName":"n8n.node.finished","message":"n8n.node.finished","payload":{"workflowId":"HmkGu0Qs86INP6ij","workflowName":"My workflow","executionId":"62","nodeType":"n8n-nodes-base.code","nodeName":"Code in JavaScript","nodeId":"8504b129-a244-4911-9f53-bad73766591f"}}
{"__type":"$$EventMessageConfirm","confirm":"4cb04a57-b89b-44d8-b74c-8d18b7c48c36","ts":"2025-12-13T01:40:28.177+07:00","source":{"id":"0","name":"eventBus"}}
{"__type":"$$EventMessageWorkflow","id":"7ae57922-829b-438d-89f2-61e50d40617d","ts":"2025-12-13T01:40:28.178+07:00","eventName":"n8n.workflow.success","message":"n8n.workflow.success","payload":{"userId":"491d35c9-9726-404d-ae12-f4c780734843","executionId":"62","success":true,"isManual":true,"workflowId":"HmkGu0Qs86INP6ij","workflowName":"My workflow"}}
{"__type":"$$EventMessageConfirm","confirm":"7ae57922-829b-438d-89f2-61e50d40617d","ts":"2025-12-13T01:40:28.178+07:00","source":{"id":"0","name":"eventBus"}}
{"__type":"$$EventMessageWorkflow","id":"f91dca19-41e2-43d9-9025-37de0c8b8502","ts":"2025-12-13T01:40:28.567+07:00","eventName":"n8n.workflow.started","message":"n8n.workflow.started","payload":{"executionId":"63","workflowId":"HmkGu0Qs86INP6ij","isManual":false,"workflowName":"My workflow"}}
{"__type":"$$EventMessageConfirm","confirm":"f91dca19-41e2-43d9-9025-37de0c8b8502","ts":"2025-12-13T01:40:28.567+07:00","source":{"id":"0","name":"eventBus"}}
{"__type":"$$EventMessageNode","id":"7a7e050d-bbf4-4eee-acc2-aefc2c6f87f6","ts":"2025-12-13T01:40:28.578+07:00","eventName":"n8n.node.started","message":"n8n.node.started","payload":{"workflowId":"HmkGu0Qs86INP6ij","workflowName":"My workflow","executionId":"63","nodeType":"n8n-nodes-base.code","nodeName":"Code in JavaScript","nodeId":"8504b129-a244-4911-9f53-bad73766591f"}}
{"__type":"$$EventMessageConfirm","confirm":"7a7e050d-bbf4-4eee-acc2-aefc2c6f87f6","ts":"2025-12-13T01:40:28.578+07:00","source":{"id":"0","name":"eventBus"}}
{"__type":"$$EventMessageNode","id":"c07c98b9-02a4-4d1f-a4eb-f8dc4f505919","ts":"2025-12-13T01:40:28.582+07:00","eventName":"n8n.node.finished","message":"n8n.node.finished","payload":{"workflowId":"HmkGu0Qs86INP6ij","workflowName":"My workflow","executionId":"63","nodeType":"n8n-nodes-base.code","nodeName":"Code in JavaScript","nodeId":"8504b129-a244-4911-9f53-bad73766591f"}}
{"__type":"$$EventMessageConfirm","confirm":"c07c98b9-02a4-4d1f-a4eb-f8dc4f505919","ts":"2025-12-13T01:40:28.582+07:00","source":{"id":"0","name":"eventBus"}}
{"__type":"$$EventMessageWorkflow","id":"3e315317-0821-48aa-a73a-ea73d3878acf","ts":"2025-12-13T01:40:28.583+07:00","eventName":"n8n.workflow.success","message":"n8n.workflow.success","payload":{"userId":"491d35c9-9726-404d-ae12-f4c780734843","executionId":"63","success":true,"isManual":true,"workflowId":"HmkGu0Qs86INP6ij","workflowName":"My workflow"}}
{"__type":"$$EventMessageConfirm","confirm":"3e315317-0821-48aa-a73a-ea73d3878acf","ts":"2025-12-13T01:40:28.583+07:00","source":{"id":"0","name":"eventBus"}}
{"__type":"$$EventMessageWorkflow","id":"5013dcde-6e0c-44dc-a27c-52476fc1613e","ts":"2025-12-13T01:41:00.239+07:00","eventName":"n8n.workflow.started","message":"n8n.workflow.started","payload":{"executionId":"64","workflowId":"HmkGu0Qs86INP6ij","isManual":false,"workflowName":"My workflow"}}
{"__type":"$$EventMessageConfirm","confirm":"5013dcde-6e0c-44dc-a27c-52476fc1613e","ts":"2025-12-13T01:41:00.240+07:00","source":{"id":"0","name":"eventBus"}}
{"__type":"$$EventMessageNode","id":"b9232376-00f0-46c3-833d-95feb85396b9","ts":"2025-12-13T01:41:00.240+07:00","eventName":"n8n.node.started","message":"n8n.node.started","payload":{"workflowId":"HmkGu0Qs86INP6ij","workflowName":"My workflow","executionId":"64","nodeType":"n8n-nodes-base.webhook","nodeName":"Webhook","nodeId":"6d7ffaf0-4bfe-41e9-a798-b44fddeef364"}}
{"__type":"$$EventMessageConfirm","confirm":"b9232376-00f0-46c3-833d-95feb85396b9","ts":"2025-12-13T01:41:00.240+07:00","source":{"id":"0","name":"eventBus"}}
{"__type":"$$EventMessageNode","id":"04d6c28f-2b07-4efc-907f-26f77389474a","ts":"2025-12-13T01:41:00.240+07:00","eventName":"n8n.node.finished","message":"n8n.node.finished","payload":{"workflowId":"HmkGu0Qs86INP6ij","workflowName":"My workflow","executionId":"64","nodeType":"n8n-nodes-base.webhook","nodeName":"Webhook","nodeId":"6d7ffaf0-4bfe-41e9-a798-b44fddeef364"}}
{"__type":"$$EventMessageConfirm","confirm":"04d6c28f-2b07-4efc-907f-26f77389474a","ts":"2025-12-13T01:41:00.240+07:00","source":{"id":"0","name":"eventBus"}}
{"__type":"$$EventMessageNode","id":"56b02dc5-551c-4251-835b-4ca868020f84","ts":"2025-12-13T01:41:00.240+07:00","eventName":"n8n.node.started","message":"n8n.node.started","payload":{"workflowId":"HmkGu0Qs86INP6ij","workflowName":"My workflow","executionId":"64","nodeType":"@n8n/n8n-nodes-langchain.ollama","nodeName":"Analyze image","nodeId":"94dd0954-f1c1-4b29-a9e3-63d049de57c1"}}
{"__type":"$$EventMessageConfirm","confirm":"56b02dc5-551c-4251-835b-4ca868020f84","ts":"2025-12-13T01:41:00.241+07:00","source":{"id":"0","name":"eventBus"}}
{"__type":"$$EventMessageAudit","id":"6510ed69-104c-4046-9d36-25509b820c56","ts":"2025-12-13T01:41:28.740+07:00","eventName":"n8n.audit.workflow.updated","message":"n8n.audit.workflow.updated","payload":{"userId":"491d35c9-9726-404d-ae12-f4c780734843","_email":"natchnon654321@gmail.com","_firstName":"Nutchanon","_lastName":"Sapmeechai","globalRole":"global:owner","workflowId":"HmkGu0Qs86INP6ij","workflowName":"My workflow"}}
{"__type":"$$EventMessageConfirm","confirm":"6510ed69-104c-4046-9d36-25509b820c56","ts":"2025-12-13T01:41:28.740+07:00","source":{"id":"0","name":"eventBus"}}
{"__type":"$$EventMessageNode","id":"c8ecd78d-a392-47fc-8bac-3828dc492111","ts":"2025-12-13T01:41:39.639+07:00","eventName":"n8n.node.finished","message":"n8n.node.finished","payload":{"workflowId":"HmkGu0Qs86INP6ij","workflowName":"My workflow","executionId":"64","nodeType":"@n8n/n8n-nodes-langchain.ollama","nodeName":"Analyze image","nodeId":"94dd0954-f1c1-4b29-a9e3-63d049de57c1"}}
{"__type":"$$EventMessageConfirm","confirm":"c8ecd78d-a392-47fc-8bac-3828dc492111","ts":"2025-12-13T01:41:39.651+07:00","source":{"id":"0","name":"eventBus"}}
{"__type":"$$EventMessageNode","id":"60e5228b-fcac-40c2-a81c-17a867894429","ts":"2025-12-13T01:41:39.658+07:00","eventName":"n8n.node.started","message":"n8n.node.started","payload":{"workflowId":"HmkGu0Qs86INP6ij","workflowName":"My workflow","executionId":"64","nodeType":"n8n-nodes-base.set","nodeName":"Edit Fields","nodeId":"77efe73a-2a61-41cf-a5b0-9bec580c7603"}}
{"__type":"$$EventMessageConfirm","confirm":"60e5228b-fcac-40c2-a81c-17a867894429","ts":"2025-12-13T01:41:39.658+07:00","source":{"id":"0","name":"eventBus"}}
{"__type":"$$EventMessageNode","id":"582d4804-a132-483c-8ece-221439c4abfe","ts":"2025-12-13T01:41:39.717+07:00","eventName":"n8n.node.finished","message":"n8n.node.finished","payload":{"workflowId":"HmkGu0Qs86INP6ij","workflowName":"My workflow","executionId":"64","nodeType":"n8n-nodes-base.set","nodeName":"Edit Fields","nodeId":"77efe73a-2a61-41cf-a5b0-9bec580c7603"}}
{"__type":"$$EventMessageConfirm","confirm":"582d4804-a132-483c-8ece-221439c4abfe","ts":"2025-12-13T01:41:39.718+07:00","source":{"id":"0","name":"eventBus"}}
{"__type":"$$EventMessageWorkflow","id":"f43f01e0-0c34-453e-af2f-aaeaddfb818a","ts":"2025-12-13T01:41:39.724+07:00","eventName":"n8n.workflow.success","message":"n8n.workflow.success","payload":{"executionId":"64","success":true,"isManual":false,"workflowId":"HmkGu0Qs86INP6ij","workflowName":"My workflow"}}
{"__type":"$$EventMessageConfirm","confirm":"f43f01e0-0c34-453e-af2f-aaeaddfb818a","ts":"2025-12-13T01:41:39.724+07:00","source":{"id":"0","name":"eventBus"}}
{"__type":"$$EventMessageAudit","id":"62d65d9e-5bab-43b3-8708-8fec2f90e471","ts":"2025-12-13T01:42:09.774+07:00","eventName":"n8n.audit.workflow.updated","message":"n8n.audit.workflow.updated","payload":{"userId":"491d35c9-9726-404d-ae12-f4c780734843","_email":"natchnon654321@gmail.com","_firstName":"Nutchanon","_lastName":"Sapmeechai","globalRole":"global:owner","workflowId":"HmkGu0Qs86INP6ij","workflowName":"My workflow"}}
{"__type":"$$EventMessageConfirm","confirm":"62d65d9e-5bab-43b3-8708-8fec2f90e471","ts":"2025-12-13T01:42:09.775+07:00","source":{"id":"0","name":"eventBus"}}
{"__type":"$$EventMessageWorkflow","id":"8f0328b6-46f4-4980-83d4-40b6523f33b2","ts":"2025-12-13T01:42:17.757+07:00","eventName":"n8n.workflow.started","message":"n8n.workflow.started","payload":{"executionId":"65","workflowId":"HmkGu0Qs86INP6ij","isManual":false,"workflowName":"My workflow"}}
{"__type":"$$EventMessageConfirm","confirm":"8f0328b6-46f4-4980-83d4-40b6523f33b2","ts":"2025-12-13T01:42:17.757+07:00","source":{"id":"0","name":"eventBus"}}
{"__type":"$$EventMessageNode","id":"f911a3a6-7d94-4e2a-8246-f67cf1d1888e","ts":"2025-12-13T01:42:17.758+07:00","eventName":"n8n.node.started","message":"n8n.node.started","payload":{"workflowId":"HmkGu0Qs86INP6ij","workflowName":"My workflow","executionId":"65","nodeType":"n8n-nodes-base.webhook","nodeName":"Webhook","nodeId":"6d7ffaf0-4bfe-41e9-a798-b44fddeef364"}}
{"__type":"$$EventMessageConfirm","confirm":"f911a3a6-7d94-4e2a-8246-f67cf1d1888e","ts":"2025-12-13T01:42:17.758+07:00","source":{"id":"0","name":"eventBus"}}
{"__type":"$$EventMessageNode","id":"3a84385c-ac2f-476f-8601-7621964d90d2","ts":"2025-12-13T01:42:17.758+07:00","eventName":"n8n.node.finished","message":"n8n.node.finished","payload":{"workflowId":"HmkGu0Qs86INP6ij","workflowName":"My workflow","executionId":"65","nodeType":"n8n-nodes-base.webhook","nodeName":"Webhook","nodeId":"6d7ffaf0-4bfe-41e9-a798-b44fddeef364"}}
{"__type":"$$EventMessageConfirm","confirm":"3a84385c-ac2f-476f-8601-7621964d90d2","ts":"2025-12-13T01:42:17.759+07:00","source":{"id":"0","name":"eventBus"}}
{"__type":"$$EventMessageNode","id":"a58730ca-2bd2-4ffb-ab57-ac9c2f42fe75","ts":"2025-12-13T01:42:17.762+07:00","eventName":"n8n.node.started","message":"n8n.node.started","payload":{"workflowId":"HmkGu0Qs86INP6ij","workflowName":"My workflow","executionId":"65","nodeType":"@n8n/n8n-nodes-langchain.ollama","nodeName":"Analyze image","nodeId":"94dd0954-f1c1-4b29-a9e3-63d049de57c1"}}
{"__type":"$$EventMessageConfirm","confirm":"a58730ca-2bd2-4ffb-ab57-ac9c2f42fe75","ts":"2025-12-13T01:42:17.762+07:00","source":{"id":"0","name":"eventBus"}}
{"__type":"$$EventMessageNode","id":"25fa8153-5d15-402e-b254-6d834abf577d","ts":"2025-12-13T01:43:01.997+07:00","eventName":"n8n.node.finished","message":"n8n.node.finished","payload":{"workflowId":"HmkGu0Qs86INP6ij","workflowName":"My workflow","executionId":"65","nodeType":"@n8n/n8n-nodes-langchain.ollama","nodeName":"Analyze image","nodeId":"94dd0954-f1c1-4b29-a9e3-63d049de57c1"}}
{"__type":"$$EventMessageConfirm","confirm":"25fa8153-5d15-402e-b254-6d834abf577d","ts":"2025-12-13T01:43:02.104+07:00","source":{"id":"0","name":"eventBus"}}
{"__type":"$$EventMessageNode","id":"efa2ffb0-a8e5-4bbf-937b-859c9239a218","ts":"2025-12-13T01:43:02.139+07:00","eventName":"n8n.node.started","message":"n8n.node.started","payload":{"workflowId":"HmkGu0Qs86INP6ij","workflowName":"My workflow","executionId":"65","nodeType":"n8n-nodes-base.set","nodeName":"Edit Fields","nodeId":"77efe73a-2a61-41cf-a5b0-9bec580c7603"}}
{"__type":"$$EventMessageConfirm","confirm":"efa2ffb0-a8e5-4bbf-937b-859c9239a218","ts":"2025-12-13T01:43:02.139+07:00","source":{"id":"0","name":"eventBus"}}
{"__type":"$$EventMessageNode","id":"85234d50-d617-43ab-883f-bd96ce29ea92","ts":"2025-12-13T01:43:02.282+07:00","eventName":"n8n.node.finished","message":"n8n.node.finished","payload":{"workflowId":"HmkGu0Qs86INP6ij","workflowName":"My workflow","executionId":"65","nodeType":"n8n-nodes-base.set","nodeName":"Edit Fields","nodeId":"77efe73a-2a61-41cf-a5b0-9bec580c7603"}}
{"__type":"$$EventMessageConfirm","confirm":"85234d50-d617-43ab-883f-bd96ce29ea92","ts":"2025-12-13T01:43:02.284+07:00","source":{"id":"0","name":"eventBus"}}
{"__type":"$$EventMessageNode","id":"11227466-04ed-4ab3-baff-15da62708cf2","ts":"2025-12-13T01:43:02.288+07:00","eventName":"n8n.node.started","message":"n8n.node.started","payload":{"workflowId":"HmkGu0Qs86INP6ij","workflowName":"My workflow","executionId":"65","nodeType":"n8n-nodes-base.code","nodeName":"Code in JavaScript","nodeId":"8504b129-a244-4911-9f53-bad73766591f"}}
{"__type":"$$EventMessageConfirm","confirm":"11227466-04ed-4ab3-baff-15da62708cf2","ts":"2025-12-13T01:43:02.292+07:00","source":{"id":"0","name":"eventBus"}}
{"__type":"$$EventMessageNode","id":"4d184944-be2c-45e1-865d-038c470858d7","ts":"2025-12-13T01:43:02.588+07:00","eventName":"n8n.node.finished","message":"n8n.node.finished","payload":{"workflowId":"HmkGu0Qs86INP6ij","workflowName":"My workflow","executionId":"65","nodeType":"n8n-nodes-base.code","nodeName":"Code in JavaScript","nodeId":"8504b129-a244-4911-9f53-bad73766591f"}}
{"__type":"$$EventMessageConfirm","confirm":"4d184944-be2c-45e1-865d-038c470858d7","ts":"2025-12-13T01:43:02.592+07:00","source":{"id":"0","name":"eventBus"}}
{"__type":"$$EventMessageWorkflow","id":"f5d5345a-76dd-4345-a158-0cfe9ea53e8f","ts":"2025-12-13T01:43:02.820+07:00","eventName":"n8n.workflow.success","message":"n8n.workflow.success","payload":{"executionId":"65","success":true,"isManual":true,"workflowId":"HmkGu0Qs86INP6ij","workflowName":"My workflow"}}
{"__type":"$$EventMessageConfirm","confirm":"f5d5345a-76dd-4345-a158-0cfe9ea53e8f","ts":"2025-12-13T01:43:02.826+07:00","source":{"id":"0","name":"eventBus"}}
{"__type":"$$EventMessageWorkflow","id":"ee601048-4600-4b40-bf60-e29b4f591309","ts":"2025-12-13T01:43:48.825+07:00","eventName":"n8n.workflow.started","message":"n8n.workflow.started","payload":{"executionId":"66","workflowId":"HmkGu0Qs86INP6ij","isManual":false,"workflowName":"My workflow"}}
{"__type":"$$EventMessageConfirm","confirm":"ee601048-4600-4b40-bf60-e29b4f591309","ts":"2025-12-13T01:43:48.825+07:00","source":{"id":"0","name":"eventBus"}}
{"__type":"$$EventMessageNode","id":"d1d01a4b-88aa-4c84-a351-402b256c2f0b","ts":"2025-12-13T01:43:48.826+07:00","eventName":"n8n.node.started","message":"n8n.node.started","payload":{"workflowId":"HmkGu0Qs86INP6ij","workflowName":"My workflow","executionId":"66","nodeType":"n8n-nodes-base.webhook","nodeName":"Webhook","nodeId":"6d7ffaf0-4bfe-41e9-a798-b44fddeef364"}}
{"__type":"$$EventMessageConfirm","confirm":"d1d01a4b-88aa-4c84-a351-402b256c2f0b","ts":"2025-12-13T01:43:48.826+07:00","source":{"id":"0","name":"eventBus"}}
{"__type":"$$EventMessageNode","id":"bf975ed3-e685-4db6-a524-e5bbe315f122","ts":"2025-12-13T01:43:48.828+07:00","eventName":"n8n.node.finished","message":"n8n.node.finished","payload":{"workflowId":"HmkGu0Qs86INP6ij","workflowName":"My workflow","executionId":"66","nodeType":"n8n-nodes-base.webhook","nodeName":"Webhook","nodeId":"6d7ffaf0-4bfe-41e9-a798-b44fddeef364"}}
{"__type":"$$EventMessageConfirm","confirm":"bf975ed3-e685-4db6-a524-e5bbe315f122","ts":"2025-12-13T01:43:48.828+07:00","source":{"id":"0","name":"eventBus"}}
{"__type":"$$EventMessageNode","id":"ab28043f-7bb3-48a5-8b6c-f2591ed3e46d","ts":"2025-12-13T01:43:48.834+07:00","eventName":"n8n.node.started","message":"n8n.node.started","payload":{"workflowId":"HmkGu0Qs86INP6ij","workflowName":"My workflow","executionId":"66","nodeType":"@n8n/n8n-nodes-langchain.ollama","nodeName":"Analyze image","nodeId":"94dd0954-f1c1-4b29-a9e3-63d049de57c1"}}
{"__type":"$$EventMessageConfirm","confirm":"ab28043f-7bb3-48a5-8b6c-f2591ed3e46d","ts":"2025-12-13T01:43:48.834+07:00","source":{"id":"0","name":"eventBus"}}
{"__type":"$$EventMessageNode","id":"726d2fd2-fd51-41cd-9b3b-4a88f99415df","ts":"2025-12-13T01:44:20.315+07:00","eventName":"n8n.node.finished","message":"n8n.node.finished","payload":{"workflowId":"HmkGu0Qs86INP6ij","workflowName":"My workflow","executionId":"66","nodeType":"@n8n/n8n-nodes-langchain.ollama","nodeName":"Analyze image","nodeId":"94dd0954-f1c1-4b29-a9e3-63d049de57c1"}}
{"__type":"$$EventMessageConfirm","confirm":"726d2fd2-fd51-41cd-9b3b-4a88f99415df","ts":"2025-12-13T01:44:20.318+07:00","source":{"id":"0","name":"eventBus"}}
{"__type":"$$EventMessageNode","id":"29303638-6a8a-4a9c-8cbe-09f0bc7d9eb5","ts":"2025-12-13T01:44:20.332+07:00","eventName":"n8n.node.started","message":"n8n.node.started","payload":{"workflowId":"HmkGu0Qs86INP6ij","workflowName":"My workflow","executionId":"66","nodeType":"n8n-nodes-base.set","nodeName":"Edit Fields","nodeId":"77efe73a-2a61-41cf-a5b0-9bec580c7603"}}
{"__type":"$$EventMessageConfirm","confirm":"29303638-6a8a-4a9c-8cbe-09f0bc7d9eb5","ts":"2025-12-13T01:44:20.332+07:00","source":{"id":"0","name":"eventBus"}}
{"__type":"$$EventMessageNode","id":"a8bd57fb-0af9-4b94-b878-39acc9719f0e","ts":"2025-12-13T01:44:20.350+07:00","eventName":"n8n.node.finished","message":"n8n.node.finished","payload":{"workflowId":"HmkGu0Qs86INP6ij","workflowName":"My workflow","executionId":"66","nodeType":"n8n-nodes-base.set","nodeName":"Edit Fields","nodeId":"77efe73a-2a61-41cf-a5b0-9bec580c7603"}}
{"__type":"$$EventMessageConfirm","confirm":"a8bd57fb-0af9-4b94-b878-39acc9719f0e","ts":"2025-12-13T01:44:20.350+07:00","source":{"id":"0","name":"eventBus"}}
{"__type":"$$EventMessageNode","id":"e60d9f3d-5c2a-4470-947c-91e721dc62ba","ts":"2025-12-13T01:44:20.352+07:00","eventName":"n8n.node.started","message":"n8n.node.started","payload":{"workflowId":"HmkGu0Qs86INP6ij","workflowName":"My workflow","executionId":"66","nodeType":"n8n-nodes-base.code","nodeName":"Code in JavaScript","nodeId":"8504b129-a244-4911-9f53-bad73766591f"}}
{"__type":"$$EventMessageConfirm","confirm":"e60d9f3d-5c2a-4470-947c-91e721dc62ba","ts":"2025-12-13T01:44:20.352+07:00","source":{"id":"0","name":"eventBus"}}
{"__type":"$$EventMessageNode","id":"4c132e1b-e849-45ba-a8e7-5905da2f58c9","ts":"2025-12-13T01:44:20.414+07:00","eventName":"n8n.node.finished","message":"n8n.node.finished","payload":{"workflowId":"HmkGu0Qs86INP6ij","workflowName":"My workflow","executionId":"66","nodeType":"n8n-nodes-base.code","nodeName":"Code in JavaScript","nodeId":"8504b129-a244-4911-9f53-bad73766591f"}}
{"__type":"$$EventMessageConfirm","confirm":"4c132e1b-e849-45ba-a8e7-5905da2f58c9","ts":"2025-12-13T01:44:20.414+07:00","source":{"id":"0","name":"eventBus"}}
{"__type":"$$EventMessageWorkflow","id":"556f6cba-60ec-4d32-9529-39ec2db1a9d2","ts":"2025-12-13T01:44:20.430+07:00","eventName":"n8n.workflow.success","message":"n8n.workflow.success","payload":{"executionId":"66","success":true,"isManual":true,"workflowId":"HmkGu0Qs86INP6ij","workflowName":"My workflow"}}
{"__type":"$$EventMessageConfirm","confirm":"556f6cba-60ec-4d32-9529-39ec2db1a9d2","ts":"2025-12-13T01:44:20.430+07:00","source":{"id":"0","name":"eventBus"}}
{"__type":"$$EventMessageWorkflow","id":"8d17e8d7-855b-4a3b-9b00-6a95077307be","ts":"2025-12-13T01:44:58.366+07:00","eventName":"n8n.workflow.started","message":"n8n.workflow.started","payload":{"executionId":"67","workflowId":"HmkGu0Qs86INP6ij","isManual":false,"workflowName":"My workflow"}}
{"__type":"$$EventMessageConfirm","confirm":"8d17e8d7-855b-4a3b-9b00-6a95077307be","ts":"2025-12-13T01:44:58.368+07:00","source":{"id":"0","name":"eventBus"}}
{"__type":"$$EventMessageNode","id":"14c99169-a09e-4212-aca5-b9de27d6b49a","ts":"2025-12-13T01:44:58.447+07:00","eventName":"n8n.node.started","message":"n8n.node.started","payload":{"workflowId":"HmkGu0Qs86INP6ij","workflowName":"My workflow","executionId":"67","nodeType":"@n8n/n8n-nodes-langchain.ollama","nodeName":"Analyze image","nodeId":"94dd0954-f1c1-4b29-a9e3-63d049de57c1"}}
{"__type":"$$EventMessageConfirm","confirm":"14c99169-a09e-4212-aca5-b9de27d6b49a","ts":"2025-12-13T01:44:58.447+07:00","source":{"id":"0","name":"eventBus"}}
{"__type":"$$EventMessageNode","id":"bad9d41e-c403-415c-b379-ba17ef2a1142","ts":"2025-12-13T01:45:27.449+07:00","eventName":"n8n.node.finished","message":"n8n.node.finished","payload":{"workflowId":"HmkGu0Qs86INP6ij","workflowName":"My workflow","executionId":"67","nodeType":"@n8n/n8n-nodes-langchain.ollama","nodeName":"Analyze image","nodeId":"94dd0954-f1c1-4b29-a9e3-63d049de57c1"}}
{"__type":"$$EventMessageConfirm","confirm":"bad9d41e-c403-415c-b379-ba17ef2a1142","ts":"2025-12-13T01:45:27.454+07:00","source":{"id":"0","name":"eventBus"}}
{"__type":"$$EventMessageWorkflow","id":"10843e60-2c30-44e6-89f2-baa1130b62b4","ts":"2025-12-13T01:45:27.504+07:00","eventName":"n8n.workflow.success","message":"n8n.workflow.success","payload":{"userId":"491d35c9-9726-404d-ae12-f4c780734843","executionId":"67","success":true,"isManual":true,"workflowId":"HmkGu0Qs86INP6ij","workflowName":"My workflow"}}
{"__type":"$$EventMessageConfirm","confirm":"10843e60-2c30-44e6-89f2-baa1130b62b4","ts":"2025-12-13T01:45:27.505+07:00","source":{"id":"0","name":"eventBus"}}
{"__type":"$$EventMessageWorkflow","id":"d70c760d-9ebf-4c76-8f7c-aceb58acf4c4","ts":"2025-12-13T01:45:41.921+07:00","eventName":"n8n.workflow.started","message":"n8n.workflow.started","payload":{"executionId":"68","workflowId":"HmkGu0Qs86INP6ij","isManual":false,"workflowName":"My workflow"}}
{"__type":"$$EventMessageConfirm","confirm":"d70c760d-9ebf-4c76-8f7c-aceb58acf4c4","ts":"2025-12-13T01:45:41.921+07:00","source":{"id":"0","name":"eventBus"}}
{"__type":"$$EventMessageNode","id":"cb7c95a2-5806-4a6d-9ec2-71aa59f48f05","ts":"2025-12-13T01:45:41.922+07:00","eventName":"n8n.node.started","message":"n8n.node.started","payload":{"workflowId":"HmkGu0Qs86INP6ij","workflowName":"My workflow","executionId":"68","nodeType":"n8n-nodes-base.webhook","nodeName":"Webhook","nodeId":"6d7ffaf0-4bfe-41e9-a798-b44fddeef364"}}
{"__type":"$$EventMessageConfirm","confirm":"cb7c95a2-5806-4a6d-9ec2-71aa59f48f05","ts":"2025-12-13T01:45:41.923+07:00","source":{"id":"0","name":"eventBus"}}
{"__type":"$$EventMessageNode","id":"da5a5c56-846b-481f-9691-777240cf0810","ts":"2025-12-13T01:45:41.924+07:00","eventName":"n8n.node.finished","message":"n8n.node.finished","payload":{"workflowId":"HmkGu0Qs86INP6ij","workflowName":"My workflow","executionId":"68","nodeType":"n8n-nodes-base.webhook","nodeName":"Webhook","nodeId":"6d7ffaf0-4bfe-41e9-a798-b44fddeef364"}}
{"__type":"$$EventMessageConfirm","confirm":"da5a5c56-846b-481f-9691-777240cf0810","ts":"2025-12-13T01:45:41.924+07:00","source":{"id":"0","name":"eventBus"}}
{"__type":"$$EventMessageNode","id":"e620f669-6ce5-4a8b-badc-3184e9b5b345","ts":"2025-12-13T01:45:41.930+07:00","eventName":"n8n.node.started","message":"n8n.node.started","payload":{"workflowId":"HmkGu0Qs86INP6ij","workflowName":"My workflow","executionId":"68","nodeType":"@n8n/n8n-nodes-langchain.ollama","nodeName":"Analyze image","nodeId":"94dd0954-f1c1-4b29-a9e3-63d049de57c1"}}
{"__type":"$$EventMessageConfirm","confirm":"e620f669-6ce5-4a8b-badc-3184e9b5b345","ts":"2025-12-13T01:45:41.930+07:00","source":{"id":"0","name":"eventBus"}}
{"__type":"$$EventMessageNode","id":"d27e7059-c51e-4b80-8111-4378c54a5172","ts":"2025-12-13T01:46:16.524+07:00","eventName":"n8n.node.finished","message":"n8n.node.finished","payload":{"workflowId":"HmkGu0Qs86INP6ij","workflowName":"My workflow","executionId":"68","nodeType":"@n8n/n8n-nodes-langchain.ollama","nodeName":"Analyze image","nodeId":"94dd0954-f1c1-4b29-a9e3-63d049de57c1"}}
{"__type":"$$EventMessageConfirm","confirm":"d27e7059-c51e-4b80-8111-4378c54a5172","ts":"2025-12-13T01:46:16.532+07:00","source":{"id":"0","name":"eventBus"}}
{"__type":"$$EventMessageNode","id":"acc74f1b-4775-4092-8bd8-fe816aab4695","ts":"2025-12-13T01:46:16.541+07:00","eventName":"n8n.node.started","message":"n8n.node.started","payload":{"workflowId":"HmkGu0Qs86INP6ij","workflowName":"My workflow","executionId":"68","nodeType":"n8n-nodes-base.set","nodeName":"Edit Fields","nodeId":"77efe73a-2a61-41cf-a5b0-9bec580c7603"}}
{"__type":"$$EventMessageConfirm","confirm":"acc74f1b-4775-4092-8bd8-fe816aab4695","ts":"2025-12-13T01:46:16.541+07:00","source":{"id":"0","name":"eventBus"}}
{"__type":"$$EventMessageNode","id":"f461e387-aa7b-4b7a-86dd-c57939778600","ts":"2025-12-13T01:46:16.569+07:00","eventName":"n8n.node.finished","message":"n8n.node.finished","payload":{"workflowId":"HmkGu0Qs86INP6ij","workflowName":"My workflow","executionId":"68","nodeType":"n8n-nodes-base.set","nodeName":"Edit Fields","nodeId":"77efe73a-2a61-41cf-a5b0-9bec580c7603"}}
{"__type":"$$EventMessageConfirm","confirm":"f461e387-aa7b-4b7a-86dd-c57939778600","ts":"2025-12-13T01:46:16.570+07:00","source":{"id":"0","name":"eventBus"}}
{"__type":"$$EventMessageNode","id":"822dff1b-fdbb-42a9-b7de-37708e8ad516","ts":"2025-12-13T01:46:16.571+07:00","eventName":"n8n.node.started","message":"n8n.node.started","payload":{"workflowId":"HmkGu0Qs86INP6ij","workflowName":"My workflow","executionId":"68","nodeType":"n8n-nodes-base.code","nodeName":"Code in JavaScript","nodeId":"8504b129-a244-4911-9f53-bad73766591f"}}
{"__type":"$$EventMessageConfirm","confirm":"822dff1b-fdbb-42a9-b7de-37708e8ad516","ts":"2025-12-13T01:46:16.571+07:00","source":{"id":"0","name":"eventBus"}}
{"__type":"$$EventMessageNode","id":"1c95bb95-35b3-4441-8f33-aaa3c6cf9ae9","ts":"2025-12-13T01:46:16.622+07:00","eventName":"n8n.node.finished","message":"n8n.node.finished","payload":{"workflowId":"HmkGu0Qs86INP6ij","workflowName":"My workflow","executionId":"68","nodeType":"n8n-nodes-base.code","nodeName":"Code in JavaScript","nodeId":"8504b129-a244-4911-9f53-bad73766591f"}}
{"__type":"$$EventMessageConfirm","confirm":"1c95bb95-35b3-4441-8f33-aaa3c6cf9ae9","ts":"2025-12-13T01:46:16.622+07:00","source":{"id":"0","name":"eventBus"}}
{"__type":"$$EventMessageWorkflow","id":"124ffa62-d501-42e9-9ef4-91e61e9e90a5","ts":"2025-12-13T01:46:16.649+07:00","eventName":"n8n.workflow.success","message":"n8n.workflow.success","payload":{"executionId":"68","success":true,"isManual":true,"workflowId":"HmkGu0Qs86INP6ij","workflowName":"My workflow"}}
{"__type":"$$EventMessageConfirm","confirm":"124ffa62-d501-42e9-9ef4-91e61e9e90a5","ts":"2025-12-13T01:46:16.649+07:00","source":{"id":"0","name":"eventBus"}}
{"__type":"$$EventMessageAudit","id":"1578834c-9d23-44d7-b2cb-673151b99d97","ts":"2025-12-13T01:46:47.226+07:00","eventName":"n8n.audit.workflow.updated","message":"n8n.audit.workflow.updated","payload":{"userId":"491d35c9-9726-404d-ae12-f4c780734843","_email":"natchnon654321@gmail.com","_firstName":"Nutchanon","_lastName":"Sapmeechai","globalRole":"global:owner","workflowId":"HmkGu0Qs86INP6ij","workflowName":"My workflow"}}
{"__type":"$$EventMessageConfirm","confirm":"1578834c-9d23-44d7-b2cb-673151b99d97","ts":"2025-12-13T01:46:47.227+07:00","source":{"id":"0","name":"eventBus"}}
{"__type":"$$EventMessageAudit","id":"3546ce87-413e-45fb-92e9-f5b4db23644c","ts":"2025-12-13T01:48:24.032+07:00","eventName":"n8n.audit.workflow.updated","message":"n8n.audit.workflow.updated","payload":{"userId":"491d35c9-9726-404d-ae12-f4c780734843","_email":"natchnon654321@gmail.com","_firstName":"Nutchanon","_lastName":"Sapmeechai","globalRole":"global:owner","workflowId":"HmkGu0Qs86INP6ij","workflowName":"My workflow"}}
{"__type":"$$EventMessageConfirm","confirm":"3546ce87-413e-45fb-92e9-f5b4db23644c","ts":"2025-12-13T01:48:24.032+07:00","source":{"id":"0","name":"eventBus"}}
{"__type":"$$EventMessageAudit","id":"86ed91ae-ac52-429d-8bfd-e1c0e497f501","ts":"2025-12-13T01:48:25.963+07:00","eventName":"n8n.audit.workflow.updated","message":"n8n.audit.workflow.updated","payload":{"userId":"491d35c9-9726-404d-ae12-f4c780734843","_email":"natchnon654321@gmail.com","_firstName":"Nutchanon","_lastName":"Sapmeechai","globalRole":"global:owner","workflowId":"HmkGu0Qs86INP6ij","workflowName":"My workflow"}}
{"__type":"$$EventMessageConfirm","confirm":"86ed91ae-ac52-429d-8bfd-e1c0e497f501","ts":"2025-12-13T01:48:25.963+07:00","source":{"id":"0","name":"eventBus"}}
{"__type":"$$EventMessageAudit","id":"bac63060-b371-4839-a524-561858fa5fa0","ts":"2025-12-13T01:49:27.691+07:00","eventName":"n8n.audit.workflow.updated","message":"n8n.audit.workflow.updated","payload":{"userId":"491d35c9-9726-404d-ae12-f4c780734843","_email":"natchnon654321@gmail.com","_firstName":"Nutchanon","_lastName":"Sapmeechai","globalRole":"global:owner","workflowId":"HmkGu0Qs86INP6ij","workflowName":"My workflow"}}
{"__type":"$$EventMessageConfirm","confirm":"bac63060-b371-4839-a524-561858fa5fa0","ts":"2025-12-13T01:49:27.692+07:00","source":{"id":"0","name":"eventBus"}}
{"__type":"$$EventMessageAudit","id":"141f52bc-9b77-44f3-91bf-610a3839d479","ts":"2025-12-13T01:52:33.552+07:00","eventName":"n8n.audit.workflow.updated","message":"n8n.audit.workflow.updated","payload":{"userId":"491d35c9-9726-404d-ae12-f4c780734843","_email":"natchnon654321@gmail.com","_firstName":"Nutchanon","_lastName":"Sapmeechai","globalRole":"global:owner","workflowId":"HmkGu0Qs86INP6ij","workflowName":"My workflow"}}
{"__type":"$$EventMessageConfirm","confirm":"141f52bc-9b77-44f3-91bf-610a3839d479","ts":"2025-12-13T01:52:33.552+07:00","source":{"id":"0","name":"eventBus"}}
{"__type":"$$EventMessageWorkflow","id":"caa1eeb6-021f-460c-a0f3-2700846437a8","ts":"2025-12-13T01:53:51.279+07:00","eventName":"n8n.workflow.started","message":"n8n.workflow.started","payload":{"executionId":"69","workflowId":"HmkGu0Qs86INP6ij","isManual":false,"workflowName":"My workflow"}}
{"__type":"$$EventMessageConfirm","confirm":"caa1eeb6-021f-460c-a0f3-2700846437a8","ts":"2025-12-13T01:53:51.279+07:00","source":{"id":"0","name":"eventBus"}}
{"__type":"$$EventMessageNode","id":"6854c486-9c97-4578-b44a-3b2562646762","ts":"2025-12-13T01:53:51.279+07:00","eventName":"n8n.node.started","message":"n8n.node.started","payload":{"workflowId":"HmkGu0Qs86INP6ij","workflowName":"My workflow","executionId":"69","nodeType":"n8n-nodes-base.webhook","nodeName":"Webhook","nodeId":"6d7ffaf0-4bfe-41e9-a798-b44fddeef364"}}
{"__type":"$$EventMessageConfirm","confirm":"6854c486-9c97-4578-b44a-3b2562646762","ts":"2025-12-13T01:53:51.279+07:00","source":{"id":"0","name":"eventBus"}}
{"__type":"$$EventMessageNode","id":"4b4a18df-10ab-4688-8f30-929a7b95c140","ts":"2025-12-13T01:53:51.279+07:00","eventName":"n8n.node.finished","message":"n8n.node.finished","payload":{"workflowId":"HmkGu0Qs86INP6ij","workflowName":"My workflow","executionId":"69","nodeType":"n8n-nodes-base.webhook","nodeName":"Webhook","nodeId":"6d7ffaf0-4bfe-41e9-a798-b44fddeef364"}}
{"__type":"$$EventMessageConfirm","confirm":"4b4a18df-10ab-4688-8f30-929a7b95c140","ts":"2025-12-13T01:53:51.279+07:00","source":{"id":"0","name":"eventBus"}}
{"__type":"$$EventMessageNode","id":"ef887514-6816-4d05-8da5-632b56989e28","ts":"2025-12-13T01:53:51.279+07:00","eventName":"n8n.node.started","message":"n8n.node.started","payload":{"workflowId":"HmkGu0Qs86INP6ij","workflowName":"My workflow","executionId":"69","nodeType":"@n8n/n8n-nodes-langchain.ollama","nodeName":"Analyze image","nodeId":"94dd0954-f1c1-4b29-a9e3-63d049de57c1"}}
{"__type":"$$EventMessageConfirm","confirm":"ef887514-6816-4d05-8da5-632b56989e28","ts":"2025-12-13T01:53:51.279+07:00","source":{"id":"0","name":"eventBus"}}
{"__type":"$$EventMessageNode","id":"d1527a67-21f2-4121-a7d3-c7d0e0566ebd","ts":"2025-12-13T01:55:43.358+07:00","eventName":"n8n.node.finished","message":"n8n.node.finished","payload":{"workflowId":"HmkGu0Qs86INP6ij","workflowName":"My workflow","executionId":"69","nodeType":"@n8n/n8n-nodes-langchain.ollama","nodeName":"Analyze image","nodeId":"94dd0954-f1c1-4b29-a9e3-63d049de57c1"}}
{"__type":"$$EventMessageConfirm","confirm":"d1527a67-21f2-4121-a7d3-c7d0e0566ebd","ts":"2025-12-13T01:55:43.386+07:00","source":{"id":"0","name":"eventBus"}}
{"__type":"$$EventMessageNode","id":"9c372679-d86d-4ef6-a3e1-4c331fcbd258","ts":"2025-12-13T01:55:43.396+07:00","eventName":"n8n.node.started","message":"n8n.node.started","payload":{"workflowId":"HmkGu0Qs86INP6ij","workflowName":"My workflow","executionId":"69","nodeType":"n8n-nodes-base.set","nodeName":"Edit Fields","nodeId":"77efe73a-2a61-41cf-a5b0-9bec580c7603"}}
{"__type":"$$EventMessageConfirm","confirm":"9c372679-d86d-4ef6-a3e1-4c331fcbd258","ts":"2025-12-13T01:55:43.397+07:00","source":{"id":"0","name":"eventBus"}}
{"__type":"$$EventMessageNode","id":"4c314dd1-1db3-48ab-b7c1-df535cb24df8","ts":"2025-12-13T01:55:43.536+07:00","eventName":"n8n.node.finished","message":"n8n.node.finished","payload":{"workflowId":"HmkGu0Qs86INP6ij","workflowName":"My workflow","executionId":"69","nodeType":"n8n-nodes-base.set","nodeName":"Edit Fields","nodeId":"77efe73a-2a61-41cf-a5b0-9bec580c7603"}}
{"__type":"$$EventMessageConfirm","confirm":"4c314dd1-1db3-48ab-b7c1-df535cb24df8","ts":"2025-12-13T01:55:43.537+07:00","source":{"id":"0","name":"eventBus"}}
{"__type":"$$EventMessageNode","id":"1b1b18ff-2ca5-4f5f-993a-b97f89a6f885","ts":"2025-12-13T01:55:43.537+07:00","eventName":"n8n.node.started","message":"n8n.node.started","payload":{"workflowId":"HmkGu0Qs86INP6ij","workflowName":"My workflow","executionId":"69","nodeType":"n8n-nodes-base.code","nodeName":"Code in JavaScript","nodeId":"8504b129-a244-4911-9f53-bad73766591f"}}
{"__type":"$$EventMessageConfirm","confirm":"1b1b18ff-2ca5-4f5f-993a-b97f89a6f885","ts":"2025-12-13T01:55:43.538+07:00","source":{"id":"0","name":"eventBus"}}
{"__type":"$$EventMessageNode","id":"182b1ccb-f9e6-44e7-9c84-7e48cee2f05d","ts":"2025-12-13T01:55:43.806+07:00","eventName":"n8n.node.finished","message":"n8n.node.finished","payload":{"workflowId":"HmkGu0Qs86INP6ij","workflowName":"My workflow","executionId":"69","nodeType":"n8n-nodes-base.code","nodeName":"Code in JavaScript","nodeId":"8504b129-a244-4911-9f53-bad73766591f"}}
{"__type":"$$EventMessageConfirm","confirm":"182b1ccb-f9e6-44e7-9c84-7e48cee2f05d","ts":"2025-12-13T01:55:43.808+07:00","source":{"id":"0","name":"eventBus"}}
{"__type":"$$EventMessageWorkflow","id":"72f050d9-4025-430d-a5aa-b425a270f5d4","ts":"2025-12-13T01:55:43.823+07:00","eventName":"n8n.workflow.success","message":"n8n.workflow.success","payload":{"executionId":"69","success":true,"isManual":false,"workflowId":"HmkGu0Qs86INP6ij","workflowName":"My workflow"}}
{"__type":"$$EventMessageConfirm","confirm":"72f050d9-4025-430d-a5aa-b425a270f5d4","ts":"2025-12-13T01:55:43.824+07:00","source":{"id":"0","name":"eventBus"}}
{"__type":"$$EventMessageAudit","id":"fce0695e-a8a0-4b03-b07e-8a178308bb08","ts":"2025-12-14T16:15:42.445+07:00","eventName":"n8n.audit.workflow.updated","message":"n8n.audit.workflow.updated","payload":{"userId":"491d35c9-9726-404d-ae12-f4c780734843","_email":"natchnon654321@gmail.com","_firstName":"Nutchanon","_lastName":"Sapmeechai","globalRole":"global:owner","workflowId":"HmkGu0Qs86INP6ij","workflowName":"My workflow"}}
{"__type":"$$EventMessageConfirm","confirm":"fce0695e-a8a0-4b03-b07e-8a178308bb08","ts":"2025-12-14T16:15:42.445+07:00","source":{"id":"0","name":"eventBus"}}
{"__type":"$$EventMessageWorkflow","id":"167504d7-afba-4576-84a4-4ac967709035","ts":"2025-12-14T16:18:34.083+07:00","eventName":"n8n.workflow.started","message":"n8n.workflow.started","payload":{"executionId":"70","workflowId":"HmkGu0Qs86INP6ij","isManual":false,"workflowName":"My workflow"}}
{"__type":"$$EventMessageConfirm","confirm":"167504d7-afba-4576-84a4-4ac967709035","ts":"2025-12-14T16:18:34.083+07:00","source":{"id":"0","name":"eventBus"}}
{"__type":"$$EventMessageNode","id":"490a9e5b-2f2a-42d7-81e2-7e8ba89ba084","ts":"2025-12-14T16:18:34.084+07:00","eventName":"n8n.node.started","message":"n8n.node.started","payload":{"workflowId":"HmkGu0Qs86INP6ij","workflowName":"My workflow","executionId":"70","nodeType":"n8n-nodes-base.webhook","nodeName":"Webhook","nodeId":"6d7ffaf0-4bfe-41e9-a798-b44fddeef364"}}
{"__type":"$$EventMessageConfirm","confirm":"490a9e5b-2f2a-42d7-81e2-7e8ba89ba084","ts":"2025-12-14T16:18:34.084+07:00","source":{"id":"0","name":"eventBus"}}
{"__type":"$$EventMessageNode","id":"78edfee5-7bfd-4083-bfdb-9b61c5e9e4e9","ts":"2025-12-14T16:18:34.084+07:00","eventName":"n8n.node.finished","message":"n8n.node.finished","payload":{"workflowId":"HmkGu0Qs86INP6ij","workflowName":"My workflow","executionId":"70","nodeType":"n8n-nodes-base.webhook","nodeName":"Webhook","nodeId":"6d7ffaf0-4bfe-41e9-a798-b44fddeef364"}}
{"__type":"$$EventMessageConfirm","confirm":"78edfee5-7bfd-4083-bfdb-9b61c5e9e4e9","ts":"2025-12-14T16:18:34.084+07:00","source":{"id":"0","name":"eventBus"}}
{"__type":"$$EventMessageNode","id":"2e19c5a4-fb53-4293-bdaf-296601c111ad","ts":"2025-12-14T16:18:34.090+07:00","eventName":"n8n.node.started","message":"n8n.node.started","payload":{"workflowId":"HmkGu0Qs86INP6ij","workflowName":"My workflow","executionId":"70","nodeType":"@n8n/n8n-nodes-langchain.ollama","nodeName":"Analyze image","nodeId":"94dd0954-f1c1-4b29-a9e3-63d049de57c1"}}
{"__type":"$$EventMessageConfirm","confirm":"2e19c5a4-fb53-4293-bdaf-296601c111ad","ts":"2025-12-14T16:18:34.090+07:00","source":{"id":"0","name":"eventBus"}}
{"__type":"$$EventMessageWorkflow","id":"db3b4ff4-6401-48e8-a6dd-2c9a4fb8f229","ts":"2025-12-14T16:19:58.064+07:00","eventName":"n8n.workflow.failed","message":"n8n.workflow.failed","payload":{"executionId":"70","success":false,"isManual":true,"workflowId":"HmkGu0Qs86INP6ij","workflowName":"My workflow","lastNodeExecuted":"Webhook"}}
{"__type":"$$EventMessageConfirm","confirm":"db3b4ff4-6401-48e8-a6dd-2c9a4fb8f229","ts":"2025-12-14T16:19:58.085+07:00","source":{"id":"0","name":"eventBus"}}
